
════════════════════════════════════════
▶ make test  2026-06-08 15:46:35 UTC
════════════════════════════════════════
PYTHONPATH=src/python pytest src/python/tests/ -v --tb=short
============================= test session starts ==============================
platform linux -- Python 3.12.3, pytest-9.0.3, pluggy-1.6.0 -- /home/sentinel/Paper1_ZeroTrustAgent/.venv/bin/python3
cachedir: .pytest_cache
rootdir: /home/sentinel/Paper1_ZeroTrustAgent
plugins: asyncio-1.4.0, anyio-4.13.0, langsmith-0.8.9
asyncio: mode=Mode.STRICT, debug=False, asyncio_default_fixture_loop_scope=None, asyncio_default_test_loop_scope=function
collecting ... collected 218 items

src/python/tests/test_cove.py::TestCoVeReportStructure::test_evidence_ids_returns_list PASSED [  0%]
src/python/tests/test_cove.py::TestCoVeReportStructure::test_to_audit_dict_keys PASSED [  0%]
src/python/tests/test_cove.py::TestCoVeReportStructure::test_is_verified_all_clean PASSED [  1%]
src/python/tests/test_cove.py::TestCoVeAllVerified::test_all_verified_no_retractions PASSED [  1%]
src/python/tests/test_cove.py::TestCoVeAllVerified::test_verified_claims_have_event_ids PASSED [  2%]
src/python/tests/test_cove.py::TestCoVeAllVerified::test_evidence_ids_match_actual_events PASSED [  2%]
src/python/tests/test_cove.py::TestCoVeAllVerified::test_explainability_score_nonzero_with_claims PASSED [  3%]
src/python/tests/test_cove.py::TestCoVeHallucinations::test_unverified_claims_retracted PASSED [  3%]
src/python/tests/test_cove.py::TestCoVeHallucinations::test_high_hallucination_downgrades_confidence PASSED [  4%]
src/python/tests/test_cove.py::TestCoVeHallucinations::test_100_percent_hallucination_caps_confidence PASSED [  4%]
src/python/tests/test_cove.py::TestCoVeHallucinations::test_draft_label_preserved_in_report PASSED [  5%]
src/python/tests/test_cove.py::TestCoVeNoRefs::test_no_refs_still_returns_report PASSED [  5%]
src/python/tests/test_cove.py::TestCoVeNoRefs::test_benign_decision_no_refs PASSED [  5%]
src/python/tests/test_cove.py::TestCoVeGrounding::test_grounding_iteration_count_bounded PASSED [  6%]
src/python/tests/test_cove.py::TestCoVeGrounding::test_zero_iterations_acts_as_pure_verifier PASSED [  6%]
src/python/tests/test_cove.py::TestCoVeLatency::test_cove_latency_ms_positive PASSED [  7%]
src/python/tests/test_cove.py::TestCoVeLatency::test_cove_latency_ms_reasonable PASSED [  7%]
src/python/tests/test_cove.py::TestCoVeAuditDict::test_audit_dict_verified_ids_are_uuids PASSED [  8%]
src/python/tests/test_cove.py::TestCoVeAuditDict::test_audit_dict_contains_all_required_keys PASSED [  8%]
src/python/tests/test_egte.py::TestEscalationScorer::test_output_in_unit_interval PASSED [  9%]
src/python/tests/test_egte.py::TestEscalationScorer::test_malicious_higher_confidence_gives_higher_score PASSED [  9%]
src/python/tests/test_egte.py::TestEscalationScorer::test_benign_higher_confidence_gives_lower_score PASSED [ 10%]
src/python/tests/test_egte.py::TestEscalationScorer::test_ltl_critical_violations_raise_score PASSED [ 10%]
src/python/tests/test_egte.py::TestEscalationScorer::test_ltl_high_violations_do_not_raise_score PASSED [ 11%]
src/python/tests/test_egte.py::TestEscalationScorer::test_high_hallucination_reduces_score PASSED [ 11%]
src/python/tests/test_egte.py::TestEscalationScorer::test_ipg_density_raises_score PASSED [ 11%]
src/python/tests/test_egte.py::TestEscalationScorer::test_entropy_raises_score PASSED [ 12%]
src/python/tests/test_egte.py::TestEscalationScorer::test_score_with_no_cove PASSED [ 12%]
src/python/tests/test_egte.py::TestEscalationScorer::test_fully_hallucinated_malicious_low_score PASSED [ 13%]
src/python/tests/test_egte.py::TestTierCalibratorFit::test_fit_sets_is_fitted PASSED [ 13%]
src/python/tests/test_egte.py::TestTierCalibratorFit::test_fit_too_few_samples_not_fitted PASSED [ 14%]
src/python/tests/test_egte.py::TestTierCalibratorFit::test_fit_ignores_malicious_samples PASSED [ 14%]
src/python/tests/test_egte.py::TestTierCalibratorFit::test_quantile_in_range_of_scores PASSED [ 15%]
src/python/tests/test_egte.py::TestTierCalibratorFit::test_quantile_increases_with_lower_alpha PASSED [ 15%]
src/python/tests/test_egte.py::TestTierCalibratorFit::test_invalid_alpha_raises PASSED [ 16%]
src/python/tests/test_egte.py::TestTierCalibratorCalibrate::test_score_below_quantile_gives_pause_cap PASSED [ 16%]
src/python/tests/test_egte.py::TestTierCalibratorCalibrate::test_score_above_quantile_gives_isolate_cap PASSED [ 16%]
src/python/tests/test_egte.py::TestTierCalibratorCalibrate::test_score_at_quantile_gives_pause_cap PASSED [ 17%]
src/python/tests/test_egte.py::TestTierCalibratorCalibrate::test_unfitted_gives_log_only PASSED [ 17%]
src/python/tests/test_egte.py::TestTierCalibratorCalibrate::test_empirical_pvalue_range PASSED [ 18%]
src/python/tests/test_egte.py::TestCoverageGuarantee::test_coverage_sanity_alpha_0_10 PASSED [ 18%]
src/python/tests/test_egte.py::TestCoverageGuarantee::test_coverage_sanity_alpha_0_05 PASSED [ 19%]
src/python/tests/test_egte.py::TestApplyGates::test_clean_cove_no_ltl_no_gates PASSED [ 19%]
src/python/tests/test_egte.py::TestApplyGates::test_high_hallucination_caps_to_log_only PASSED [ 20%]
src/python/tests/test_egte.py::TestApplyGates::test_no_verified_evidence_caps_to_pause PASSED [ 20%]
src/python/tests/test_egte.py::TestApplyGates::test_benign_decision_no_cove_cap PASSED [ 21%]
src/python/tests/test_egte.py::TestApplyGates::test_critical_ltl_sets_pause_floor PASSED [ 21%]
src/python/tests/test_egte.py::TestApplyGates::test_high_ltl_does_not_set_floor PASSED [ 22%]
src/python/tests/test_egte.py::TestApplyGates::test_high_hallucination_suppresses_ltl_floor PASSED [ 22%]
src/python/tests/test_egte.py::TestApplyGates::test_no_cove_report_no_cap PASSED [ 22%]
src/python/tests/test_egte.py::TestEGTEEngine::test_result_is_egte_result PASSED [ 23%]
src/python/tests/test_egte.py::TestEGTEEngine::test_high_hallucination_forces_log_only PASSED [ 23%]
src/python/tests/test_egte.py::TestEGTEEngine::test_cove_no_evidence_forces_pause_cap PASSED [ 24%]
src/python/tests/test_egte.py::TestEGTEEngine::test_ltl_critical_floors_low_cwae_tier PASSED [ 24%]
src/python/tests/test_egte.py::TestEGTEEngine::test_ltl_floor_does_not_exceed_cove_cap PASSED [ 25%]
src/python/tests/test_egte.py::TestEGTEEngine::test_calibration_caps_benign_looking_score PASSED [ 25%]
src/python/tests/test_egte.py::TestEGTEEngine::test_tier_before_matches_cwae_tier PASSED [ 26%]
src/python/tests/test_egte.py::TestEGTEEngine::test_no_change_when_score_exceeds_quantile PASSED [ 26%]
src/python/tests/test_egte.py::TestEGTEEngine::test_capped_by_is_calibration_when_score_low PASSED [ 27%]
src/python/tests/test_egte.py::TestEGTEEngine::test_unfitted_calibrator_fails_closed PASSED [ 27%]
src/python/tests/test_egte.py::TestEGTEResultAuditDict::test_all_required_keys_present PASSED [ 27%]
src/python/tests/test_egte.py::TestEGTEResultAuditDict::test_tier_labels_are_strings PASSED [ 28%]
src/python/tests/test_egte.py::TestEGTEResultAuditDict::test_score_is_rounded PASSED [ 28%]
src/python/tests/test_egte.py::TestEGTEResultAuditDict::test_capped_by_none_serializes_as_none PASSED [ 29%]
src/python/tests/test_egte.py::TestCalibrationIO::test_roundtrip PASSED  [ 29%]
src/python/tests/test_egte.py::TestCalibrationIO::test_missing_file_returns_empty PASSED [ 30%]
src/python/tests/test_egte.py::TestCalibrationIO::test_malformed_line_skipped PASSED [ 30%]
src/python/tests/test_egte.py::TestCalibrationIO::test_bad_label_skipped PASSED [ 31%]
src/python/tests/test_egte.py::TestMakeEGTEEngine::test_no_calibration_path_creates_unfitted PASSED [ 31%]
src/python/tests/test_egte.py::TestMakeEGTEEngine::test_with_calibration_path_fits PASSED [ 32%]
src/python/tests/test_egte.py::TestMakeEGTEEngine::test_missing_calibration_path_creates_unfitted PASSED [ 32%]
src/python/tests/test_enforcement.py::test_log_only_below_threshold PASSED [ 33%]
src/python/tests/test_enforcement.py::test_pause_tier PASSED             [ 33%]
src/python/tests/test_enforcement.py::test_kill_tier PASSED              [ 33%]
src/python/tests/test_enforcement.py::test_quarantine_tier PASSED        [ 34%]
src/python/tests/test_enforcement.py::test_isolate_tier PASSED           [ 34%]
src/python/tests/test_enforcement.py::test_benign_always_log_only PASSED [ 35%]
src/python/tests/test_enforcement.py::test_dry_run_no_os_kill PASSED     [ 35%]
src/python/tests/test_enforcement.py::test_audit_log_written PASSED      [ 36%]
src/python/tests/test_enforcement.py::test_isolate_writes_incident PASSED [ 36%]
src/python/tests/test_enforcement.py::test_enforcement_stats PASSED      [ 37%]
src/python/tests/test_evasion_fixes.py::TestHardTrigger::test_shadow_read_is_hard_trigger PASSED [ 37%]
src/python/tests/test_evasion_fixes.py::TestHardTrigger::test_ssh_key_is_hard_trigger PASSED [ 38%]
src/python/tests/test_evasion_fixes.py::TestHardTrigger::test_aws_credentials_is_hard_trigger PASSED [ 38%]
src/python/tests/test_evasion_fixes.py::TestHardTrigger::test_normal_file_is_not_hard_trigger PASSED [ 38%]
src/python/tests/test_evasion_fixes.py::TestHardTrigger::test_nginx_html_is_not_hard_trigger PASSED [ 39%]
src/python/tests/test_evasion_fixes.py::TestHardTrigger::test_postgres_data_is_not_hard_trigger PASSED [ 39%]
src/python/tests/test_evasion_fixes.py::TestHardTrigger::test_evasion01_single_type_shadow_still_detected PASSED [ 40%]
src/python/tests/test_evasion_fixes.py::TestHardTrigger::test_evasion03_slow_and_low_single_shadow_detected PASSED [ 40%]
src/python/tests/test_evasion_fixes.py::TestFlaggedPidBypass::test_unflagged_pid_not_bypassed PASSED [ 41%]
src/python/tests/test_evasion_fixes.py::TestFlaggedPidBypass::test_flagged_pid_bypassed PASSED [ 41%]
src/python/tests/test_evasion_fixes.py::TestFlaggedPidBypass::test_child_of_flagged_parent_bypassed PASSED [ 42%]
src/python/tests/test_evasion_fixes.py::TestFlaggedPidBypass::test_flag_expires_after_ttl PASSED [ 42%]
src/python/tests/test_evasion_fixes.py::TestFlaggedPidBypass::test_unrelated_pid_not_affected_by_sibling_flag PASSED [ 43%]
src/python/tests/test_evasion_fixes.py::TestFlaggedPidBypass::test_evasion04_split_kill_chain_detected PASSED [ 43%]
src/python/tests/test_evasion_fixes.py::TestTemperatureScaling::test_T1_identity PASSED [ 44%]
src/python/tests/test_evasion_fixes.py::TestTemperatureScaling::test_underconfident_sharpened_by_T_below_1 PASSED [ 44%]
src/python/tests/test_evasion_fixes.py::TestTemperatureScaling::test_overconfident_flattened_by_T_above_1 PASSED [ 44%]
src/python/tests/test_evasion_fixes.py::TestTemperatureScaling::test_label_unchanged_after_scaling PASSED [ 45%]
src/python/tests/test_evasion_fixes.py::TestTemperatureScaling::test_fit_temperature_returns_float PASSED [ 45%]
src/python/tests/test_evasion_fixes.py::TestTemperatureScaling::test_confidence_stays_in_unit_interval PASSED [ 46%]
src/python/tests/test_evidence.py::TestEvidenceClaim::test_defaults PASSED [ 46%]
src/python/tests/test_evidence.py::TestEvidenceReport::test_is_trustworthy_all_verified PASSED [ 47%]
src/python/tests/test_evidence.py::TestEvidenceReport::test_is_trustworthy_threshold PASSED [ 47%]
src/python/tests/test_evidence.py::TestEvidenceReport::test_not_trustworthy_above_threshold PASSED [ 48%]
src/python/tests/test_evidence.py::TestEvidenceReport::test_verdict_hallucinated PASSED [ 48%]
src/python/tests/test_evidence.py::TestEvidenceLinkerStructured::test_all_verified_shadow_read PASSED [ 49%]
src/python/tests/test_evidence.py::TestEvidenceLinkerStructured::test_all_verified_net_connection PASSED [ 49%]
src/python/tests/test_evidence.py::TestEvidenceLinkerStructured::test_unverified_claim_reduces_confidence PASSED [ 50%]
src/python/tests/test_evidence.py::TestEvidenceLinkerStructured::test_partial_verification PASSED [ 50%]
src/python/tests/test_evidence.py::TestEvidenceLinkerStructured::test_multiple_verified_claims PASSED [ 50%]
src/python/tests/test_evidence.py::TestEvidenceLinkerStructured::test_no_evidence_refs_returns_no_claims PASSED [ 51%]
src/python/tests/test_evidence.py::TestEvidenceLinkerStructured::test_verified_confidence_clamped_to_zero PASSED [ 51%]
src/python/tests/test_evidence.py::TestExtractResource::test_extracts_file_path PASSED [ 52%]
src/python/tests/test_evidence.py::TestExtractResource::test_extracts_net_resource PASSED [ 52%]
src/python/tests/test_evidence.py::TestExtractResource::test_extracts_from_natural_language PASSED [ 53%]
src/python/tests/test_evidence.py::TestExtractResource::test_empty_description_returns_empty PASSED [ 53%]
src/python/tests/test_evidence.py::TestMatchEvent::test_exact_resource_match PASSED [ 54%]
src/python/tests/test_evidence.py::TestMatchEvent::test_partial_resource_match PASSED [ 54%]
src/python/tests/test_evidence.py::TestMatchEvent::test_no_match_returns_none PASSED [ 55%]
src/python/tests/test_evidence.py::TestMatchEvent::test_syscall_type_hint_used PASSED [ 55%]
src/python/tests/test_evidence.py::TestParseReasoning::test_reasoning_with_shadow_path PASSED [ 55%]
src/python/tests/test_evidence.py::TestParseReasoning::test_empty_reasoning_returns_no_claims PASSED [ 56%]
src/python/tests/test_evidence.py::TestBenignDecision::test_benign_with_no_refs_is_clean PASSED [ 56%]
src/python/tests/test_ipg.py::test_build_node_edge_counts PASSED         [ 57%]
src/python/tests/test_ipg.py::test_sensitive_file_flagged PASSED         [ 57%]
src/python/tests/test_ipg.py::test_edge_deduplication PASSED             [ 58%]
src/python/tests/test_ipg.py::test_edge_summary_surfaces_slow_instance PASSED [ 58%]
src/python/tests/test_ipg.py::test_structural_entropy_positive PASSED    [ 59%]
src/python/tests/test_ipg.py::test_structural_entropy_zero_for_uniform PASSED [ 59%]
src/python/tests/test_ipg.py::test_serialize_contains_graph_header PASSED [ 60%]
src/python/tests/test_ipg.py::test_fingerprint_deterministic PASSED      [ 60%]
src/python/tests/test_ipg.py::test_infer_resource_type_net PASSED        [ 61%]
src/python/tests/test_ipg.py::test_infer_resource_type_mem PASSED        [ 61%]
src/python/tests/test_ipg.py::test_compression_ratio PASSED              [ 61%]
src/python/tests/test_ipg.py::test_serialize_behavioral_meta_absent_for_benign_nginx PASSED [ 62%]
src/python/tests/test_ipg.py::test_serialize_outbound_ext_counts_external_ips PASSED [ 62%]
src/python/tests/test_ipg.py::test_serialize_exec_after_net_true PASSED  [ 63%]
src/python/tests/test_ipg.py::test_serialize_exec_after_net_absent_no_net PASSED [ 63%]
src/python/tests/test_ipg.py::test_serialize_unusual_comm_flagged PASSED [ 64%]
src/python/tests/test_ipg.py::test_serialize_known_comm_not_unusual PASSED [ 64%]
src/python/tests/test_ipg.py::test_serialize_edge_anomaly_for_external_ip PASSED [ 65%]
src/python/tests/test_ipg.py::test_serialize_private_ip_no_anomaly_tag PASSED [ 65%]
src/python/tests/test_ipg.py::test_is_external_routable_private PASSED   [ 66%]
src/python/tests/test_ipg.py::test_is_external_routable_public PASSED    [ 66%]
src/python/tests/test_ipg.py::test_is_external_routable_hostname PASSED  [ 66%]
src/python/tests/test_llm.py::test_mock_credential_dump_is_malicious PASSED [ 67%]
src/python/tests/test_llm.py::test_mock_nginx_is_benign PASSED           [ 67%]
src/python/tests/test_llm.py::test_mock_ptrace_is_malicious PASSED       [ 68%]
src/python/tests/test_llm.py::test_dual_tier_draft_accepted_below_entropy PASSED [ 68%]
src/python/tests/test_llm.py::test_dual_tier_malicious_draft_always_escalates PASSED [ 69%]
src/python/tests/test_llm.py::test_dual_tier_full_invoked_above_entropy PASSED [ 69%]
src/python/tests/test_llm.py::test_invocation_reduction_rate PASSED      [ 70%]
src/python/tests/test_llm.py::test_conformal_fastpath_coverage PASSED    [ 70%]
src/python/tests/test_llm.py::test_conformal_fastpath_failsafe_when_unfitted PASSED [ 71%]
src/python/tests/test_llm.py::test_dualtier_conformal_escalates_overconfident_false_negative PASSED [ 71%]
src/python/tests/test_ltl.py::TestRuntimeMonitorAX1::test_nginx_bash_exec_triggers_violation PASSED [ 72%]
src/python/tests/test_ltl.py::TestRuntimeMonitorAX1::test_nginx_non_bash_exec_no_violation PASSED [ 72%]
src/python/tests/test_ltl.py::TestRuntimeMonitorAX1::test_non_nginx_bash_exec_no_ax1_violation PASSED [ 72%]
src/python/tests/test_ltl.py::TestRuntimeMonitorAX1::test_window_expiry_prevents_violation PASSED [ 73%]
src/python/tests/test_ltl.py::TestRuntimeMonitorAX1::test_multiple_pids_independent_watches PASSED [ 73%]
src/python/tests/test_ltl.py::TestRuntimeMonitorAX1::test_triggering_event_id_captured PASSED [ 74%]
src/python/tests/test_ltl.py::TestRuntimeMonitorAX3::test_prctl_then_shadow_read_triggers_ax3 PASSED [ 74%]
src/python/tests/test_ltl.py::TestRuntimeMonitorAX3::test_shadow_read_without_prctl_no_ax3 PASSED [ 75%]
src/python/tests/test_ltl.py::TestRuntimeMonitorAX4::test_exec_from_tmp_triggers_ax4 PASSED [ 75%]
src/python/tests/test_ltl.py::TestRuntimeMonitorAX4::test_exec_from_usr_no_ax4 PASSED [ 76%]
src/python/tests/test_ltl.py::TestRuntimeMonitorAX4::test_exec_from_dev_shm_triggers_ax4 PASSED [ 76%]
src/python/tests/test_ltl.py::TestRuntimeMonitorAX5::test_setuid_then_connect_triggers_ax5 PASSED [ 77%]
src/python/tests/test_ltl.py::TestRuntimeMonitorAX5::test_setuid_no_connect_no_ax5 PASSED [ 77%]
src/python/tests/test_ltl.py::TestFeedWindow::test_feed_window_attack_sequence PASSED [ 77%]
src/python/tests/test_ltl.py::TestFeedWindow::test_feed_window_benign_nginx PASSED [ 78%]
src/python/tests/test_ltl.py::TestFeedWindow::test_feed_window_returns_list PASSED [ 78%]
src/python/tests/test_ltl.py::TestReset::test_reset_clears_watches PASSED [ 79%]
src/python/tests/test_ltl.py::TestBuchiMonitorAX2::test_shadow_then_connect_triggers_ax2 PASSED [ 79%]
src/python/tests/test_ltl.py::TestBuchiMonitorAX2::test_shadow_no_connect_no_ax2 PASSED [ 80%]
src/python/tests/test_ltl.py::TestBuchiMonitorAX2::test_benign_connect_no_shadow_no_ax2 PASSED [ 80%]
src/python/tests/test_ltl.py::TestBuchiMonitorAX2::test_empty_window_no_violations PASSED [ 81%]
src/python/tests/test_ltl.py::TestSymbolicGuardian::test_attack_sequence_triggers_both_tiers PASSED [ 81%]
src/python/tests/test_ltl.py::TestSymbolicGuardian::test_benign_sequence_no_violations PASSED [ 82%]
src/python/tests/test_ltl.py::TestExplainabilityScore::test_full_evidence_no_ltl_gives_half PASSED [ 82%]
src/python/tests/test_ltl.py::TestExplainabilityScore::test_full_evidence_with_ltl_gives_one PASSED [ 83%]
src/python/tests/test_ltl.py::TestExplainabilityScore::test_no_claims_zero_events_returns_zero PASSED [ 83%]
src/python/tests/test_ltl.py::TestExplainabilityScore::test_hallucinated_evidence_reduces_score PASSED [ 83%]
src/python/tests/test_provenance_ml.py::test_scorer_monotonicity PASSED  [ 84%]
src/python/tests/test_provenance_ml.py::test_fusion_logic PASSED         [ 84%]
src/python/tests/test_semantic.py::TestSemanticLabelCompact::test_with_ttps PASSED [ 85%]
src/python/tests/test_semantic.py::TestSemanticLabelCompact::test_without_ttps_shows_benign PASSED [ 85%]
src/python/tests/test_semantic.py::TestSemanticLabelCompact::test_multiple_ttps_joined PASSED [ 86%]
src/python/tests/test_semantic.py::TestCriticalRules::test_shadow_file_read PASSED [ 86%]
src/python/tests/test_semantic.py::TestCriticalRules::test_ssh_private_key_read PASSED [ 87%]
src/python/tests/test_semantic.py::TestCriticalRules::test_ssh_ed25519_key PASSED [ 87%]
src/python/tests/test_semantic.py::TestCriticalRules::test_aws_credentials PASSED [ 88%]
src/python/tests/test_semantic.py::TestCriticalRules::test_ssl_private_key PASSED [ 88%]
src/python/tests/test_semantic.py::TestCriticalRules::test_sudoers_read PASSED [ 88%]
src/python/tests/test_semantic.py::TestHighRules::test_exec_from_tmp PASSED [ 89%]
src/python/tests/test_semantic.py::TestHighRules::test_exec_from_dev_shm PASSED [ 89%]
src/python/tests/test_semantic.py::TestHighRules::test_ptrace_inject PASSED [ 90%]
src/python/tests/test_semantic.py::TestHighRules::test_setuid_escalation PASSED [ 90%]
src/python/tests/test_semantic.py::TestHighRules::test_c2_port_4444 PASSED [ 91%]
src/python/tests/test_semantic.py::TestHighRules::test_c2_port_1337 PASSED [ 91%]
src/python/tests/test_semantic.py::TestHighRules::test_log_tampering PASSED [ 92%]
src/python/tests/test_semantic.py::TestHighRules::test_cron_persistence PASSED [ 92%]
src/python/tests/test_semantic.py::TestBenignHints::test_web_root_read PASSED [ 93%]
src/python/tests/test_semantic.py::TestBenignHints::test_nginx_log_write PASSED [ 93%]
src/python/tests/test_semantic.py::TestBenignHints::test_http_port_listen PASSED [ 94%]
src/python/tests/test_semantic.py::TestBenignHints::test_https_port_listen PASSED [ 94%]
src/python/tests/test_semantic.py::TestBenignHints::test_ssh_listen_benign PASSED [ 94%]
src/python/tests/test_semantic.py::TestBenignHints::test_postgres_port_listen PASSED [ 95%]
src/python/tests/test_semantic.py::TestFallback::test_unknown_resource_returns_label PASSED [ 95%]
src/python/tests/test_semantic.py::TestFallback::test_no_resource_returns_label PASSED [ 96%]
src/python/tests/test_semantic.py::TestFallback::test_label_always_returns_semanticlabel_instance PASSED [ 96%]
src/python/tests/test_semantic.py::TestWindowHelpers::test_max_risk_attack_window_is_critical PASSED [ 97%]
src/python/tests/test_semantic.py::TestWindowHelpers::test_max_risk_benign_window_is_low PASSED [ 97%]
src/python/tests/test_semantic.py::TestWindowHelpers::test_attack_ttps_deduplicated PASSED [ 98%]
src/python/tests/test_semantic.py::TestWindowHelpers::test_benign_window_has_no_ttps PASSED [ 98%]
src/python/tests/test_semantic.py::TestWindowHelpers::test_label_window_returns_one_label_per_event PASSED [ 99%]
src/python/tests/test_semantic.py::TestWindowHelpers::test_max_risk_empty_window PASSED [ 99%]
src/python/tests/test_semantic.py::TestWindowHelpers::test_attack_ttps_empty_window PASSED [100%]

============================= 218 passed in 0.62s ==============================

════════════════════════════════════════
▶ benchmark-overhead  2026-06-08 15:46:36 UTC
════════════════════════════════════════

============================================================
  SENTINEL Overhead Benchmarks  (n=1000 per benchmark)
============================================================

▶  IPGBuilder.build() + serialize()  ... p50=0.184ms  p95=0.281ms  p99=0.306ms
▶  MockClassifier.classify()         ... p50=0.013ms  p95=0.013ms  p99=0.021ms
▶  DualTierClassifier (draft path)   ... p50=0.026ms  p95=0.03ms  p99=0.035ms
▶  CWAEEngine.enforce() (dry_run)    ... 2026-06-08 15:46:37 [warning  ] enforcement_signal_dryrun      comm=bench pid=9999 signal=<Signals.SIGKILL: 9>
2026-06-08 15:46:37 [warning  ] enforcement_cgroup_freeze_dryrun pid=9999
2026-06-08 15:46:37 [info     ] cwae_decision                  comm=bench confidence=0.92 dry_run=True label=MALICIOUS latency_us=1409.46 mitre_ttps=['T1003'] pid=9999 tier=ISOLATE
2026-06-08 15:46:37 [warning  ] enforcement_signal_dryrun      comm=bench pid=10000 signal=<Signals.SIGKILL: 9>
2026-06-08 15:46:37 [warning  ] enforcement_cgroup_freeze_dryrun pid=10000
2026-06-08 15:46:37 [info     ] cwae_decision                  comm=bench confidence=0.92 dry_run=True label=MALICIOUS latency_us=367.29 mitre_ttps=['T1003'] pid=10000 tier=ISOLATE
2026-06-08 15:46:37 [warning  ] enforcement_signal_dryrun      comm=bench pid=10001 signal=<Signals.SIGKILL: 9>
2026-06-08 15:46:37 [warning  ] enforcement_cgroup_freeze_dryrun pid=10001
2026-06-08 15:46:37 [info     ] cwae_decision                  comm=bench confidence=0.92 dry_run=True label=MALICIOUS latency_us=303.33 mitre_ttps=['T1003'] pid=10001 tier=ISOLATE
2026-06-08 15:46:37 [warning  ] enforcement_signal_dryrun      comm=bench pid=10002 signal=<Signals.SIGKILL: 9>
2026-06-08 15:46:37 [warning  ] enforcement_cgroup_freeze_dryrun pid=10002
2026-06-08 15:46:37 [info     ] cwae_decision                  comm=bench confidence=0.92 dry_run=True label=MALICIOUS latency_us=304.6 mitre_ttps=['T1003'] pid=10002 tier=ISOLATE
2026-06-08 15:46:37 [warning  ] enforcement_signal_dryrun      comm=bench pid=10003 signal=<Signals.SIGKILL: 9>
2026-06-08 15:46:37 [warning  ] enforcement_cgroup_freeze_dryrun pid=10003
2026-06-08 15:46:37 [info     ] cwae_decision                  comm=bench confidence=0.92 dry_run=True label=MALICIOUS latency_us=290.55 mitre_ttps=['T1003'] pid=10003 tier=ISOLATE
2026-06-08 15:46:37 [warning  ] enforcement_signal_dryrun      comm=bench pid=10004 signal=<Signals.SIGKILL: 9>
2026-06-08 15:46:37 [warning  ] enforcement_cgroup_freeze_dryrun pid=10004
2026-06-08 15:46:37 [info     ] cwae_decision                  comm=bench confidence=0.92 dry_run=True label=MALICIOUS latency_us=296.77 mitre_ttps=['T1003'] pid=10004 tier=ISOLATE
2026-06-08 15:46:37 [warning  ] enforcement_signal_dryrun      comm=bench pid=10005 signal=<Signals.SIGKILL: 9>
2026-06-08 15:46:37 [warning  ] enforcement_cgroup_freeze_dryrun pid=10005
2026-06-08 15:46:37 [info     ] cwae_decision                  comm=bench confidence=0.92 dry_run=True label=MALICIOUS latency_us=292.02 mitre_ttps=['T1003'] pid=10005 tier=ISOLATE
2026-06-08 15:46:37 [warning  ] enforcement_signal_dryrun      comm=bench pid=10006 signal=<Signals.SIGKILL: 9>
2026-06-08 15:46:37 [warning  ] enforcement_cgroup_freeze_dryrun pid=10006
2026-06-08 15:46:37 [info     ] cwae_decision                  comm=bench confidence=0.92 dry_run=True label=MALICIOUS latency_us=295.66 mitre_ttps=['T1003'] pid=10006 tier=ISOLATE
2026-06-08 15:46:37 [warning  ] enforcement_signal_dryrun      comm=bench pid=10007 signal=<Signals.SIGKILL: 9>
2026-06-08 15:46:37 [warning  ] enforcement_cgroup_freeze_dryrun pid=10007
2026-06-08 15:46:37 [info     ] cwae_decision                  comm=bench confidence=0.92 dry_run=True label=MALICIOUS latency_us=294.19 mitre_ttps=['T1003'] pid=10007 tier=ISOLATE
2026-06-08 15:46:37 [warning  ] enforcement_signal_dryrun      comm=bench pid=10008 signal=<Signals.SIGKILL: 9>
2026-06-08 15:46:37 [warning  ] enforcement_cgroup_freeze_dryrun pid=10008
2026-06-08 15:46:37 [info     ] cwae_decision                  comm=bench confidence=0.92 dry_run=True label=MALICIOUS latency_us=290.19 mitre_ttps=['T1003'] pid=10008 tier=ISOLATE
2026-06-08 15:46:37 [warning  ] enforcement_signal_dryrun      comm=bench pid=10009 signal=<Signals.SIGKILL: 9>
2026-06-08 15:46:37 [warning  ] enforcement_cgroup_freeze_dryrun pid=10009
2026-06-08 15:46:37 [info     ] cwae_decision                  comm=bench confidence=0.92 dry_run=True label=MALICIOUS latency_us=276.96 mitre_ttps=['T1003'] pid=10009 tier=ISOLATE
2026-06-08 15:46:37 [warning  ] enforcement_signal_dryrun      comm=bench pid=10010 signal=<Signals.SIGKILL: 9>
2026-06-08 15:46:37 [warning  ] enforcement_cgroup_freeze_dryrun pid=10010
2026-06-08 15:46:37 [info     ] cwae_decision                  comm=bench confidence=0.92 dry_run=True label=MALICIOUS latency_us=296.08 mitre_ttps=['T1003'] pid=10010 tier=ISOLATE
2026-06-08 15:46:37 [warning  ] enforcement_signal_dryrun      comm=bench pid=10011 signal=<Signals.SIGKILL: 9>
2026-06-08 15:46:37 [warning  ] enforcement_cgroup_freeze_dryrun pid=10011
2026-06-08 15:46:37 [info     ] cwae_decision                  comm=bench confidence=0.92 dry_run=True label=MALICIOUS latency_us=292.56 mitre_ttps=['T1003'] pid=10011 tier=ISOLATE
2026-06-08 15:46:37 [warning  ] enforcement_signal_dryrun      comm=bench pid=10012 signal=<Signals.SIGKILL: 9>
2026-06-08 15:46:37 [warning  ] enforcement_cgroup_freeze_dryrun pid=10012
2026-06-08 15:46:37 [info     ] cwae_decision                  comm=bench confidence=0.92 dry_run=True label=MALICIOUS latency_us=286.24 mitre_ttps=['T1003'] pid=10012 tier=ISOLATE
2026-06-08 15:46:37 [warning  ] enforcement_signal_dryrun      comm=bench pid=10013 signal=<Signals.SIGKILL: 9>
2026-06-08 15:46:37 [warning  ] enforcement_cgroup_freeze_dryrun pid=10013
2026-06-08 15:46:37 [info     ] cwae_decision                  comm=bench confidence=0.92 dry_run=True label=MALICIOUS latency_us=301.62 mitre_ttps=['T1003'] pid=10013 tier=ISOLATE
2026-06-08 15:46:37 [warning  ] enforcement_signal_dryrun      comm=bench pid=10014 signal=<Signals.SIGKILL: 9>
2026-06-08 15:46:37 [warning  ] enforcement_cgroup_freeze_dryrun pid=10014
2026-06-08 15:46:37 [info     ] cwae_decision                  comm=bench confidence=0.92 dry_run=True label=MALICIOUS latency_us=287.52 mitre_ttps=['T1003'] pid=10014 tier=ISOLATE
2026-06-08 15:46:37 [warning  ] enforcement_signal_dryrun      comm=bench pid=10015 signal=<Signals.SIGKILL: 9>
2026-06-08 15:46:37 [warning  ] enforcement_cgroup_freeze_dryrun pid=10015
2026-06-08 15:46:37 [info     ] cwae_decision                  comm=bench confidence=0.92 dry_run=True label=MALICIOUS latency_us=287.68 mitre_ttps=['T1003'] pid=10015 tier=ISOLATE
2026-06-08 15:46:37 [warning  ] enforcement_signal_dryrun      comm=bench pid=10016 signal=<Signals.SIGKILL: 9>
2026-06-08 15:46:37 [warning  ] enforcement_cgroup_freeze_dryrun pid=10016
2026-06-08 15:46:37 [info     ] cwae_decision                  comm=bench confidence=0.92 dry_run=True label=MALICIOUS latency_us=290.41 mitre_ttps=['T1003'] pid=10016 tier=ISOLATE
2026-06-08 15:46:37 [warning  ] enforcement_signal_dryrun      comm=bench pid=10017 signal=<Signals.SIGKILL: 9>
2026-06-08 15:46:37 [warning  ] enforcement_cgroup_freeze_dryrun pid=10017
2026-06-08 15:46:37 [info     ] cwae_decision                  comm=bench confidence=0.92 dry_run=True label=MALICIOUS latency_us=280.73 mitre_ttps=['T1003'] pid=10017 tier=ISOLATE
2026-06-08 15:46:37 [warning  ] enforcement_signal_dryrun      comm=bench pid=10018 signal=<Signals.SIGKILL: 9>
2026-06-08 15:46:37 [warning  ] enforcement_cgroup_freeze_dryrun pid=10018
2026-06-08 15:46:37 [info     ] cwae_decision                  comm=bench confidence=0.92 dry_run=True label=MALICIOUS latency_us=282.33 mitre_ttps=['T1003'] pid=10018 tier=ISOLATE
2026-06-08 15:46:37 [warning  ] enforcement_signal_dryrun      comm=bench pid=10019 signal=<Signals.SIGKILL: 9>
2026-06-08 15:46:37 [warning  ] enforcement_cgroup_freeze_dryrun pid=10019
2026-06-08 15:46:37 [info     ] cwae_decision                  comm=bench confidence=0.92 dry_run=True label=MALICIOUS latency_us=304.9 mitre_ttps=['T1003'] pid=10019 tier=ISOLATE
2026-06-08 15:46:37 [warning  ] enforcement_signal_dryrun      comm=bench pid=10020 signal=<Signals.SIGKILL: 9>
2026-06-08 15:46:37 [warning  ] enforcement_cgroup_freeze_dryrun pid=10020
2026-06-08 15:46:37 [info     ] cwae_decision                  comm=bench confidence=0.92 dry_run=True label=MALICIOUS latency_us=361.8 mitre_ttps=['T1003'] pid=10020 tier=ISOLATE
2026-06-08 15:46:37 [warning  ] enforcement_signal_dryrun      comm=bench pid=10021 signal=<Signals.SIGKILL: 9>
2026-06-08 15:46:37 [warning  ] enforcement_cgroup_freeze_dryrun pid=10021
2026-06-08 15:46:37 [info     ] cwae_decision                  comm=bench confidence=0.92 dry_run=True label=MALICIOUS latency_us=363.51 mitre_ttps=['T1003'] pid=10021 tier=ISOLATE
2026-06-08 15:46:37 [warning  ] enforcement_signal_dryrun      comm=bench pid=10022 signal=<Signals.SIGKILL: 9>
2026-06-08 15:46:37 [warning  ] enforcement_cgroup_freeze_dryrun pid=10022
2026-06-08 15:46:37 [info     ] cwae_decision                  comm=bench confidence=0.92 dry_run=True label=MALICIOUS latency_us=356.23 mitre_ttps=['T1003'] pid=10022 tier=ISOLATE
2026-06-08 15:46:37 [warning  ] enforcement_signal_dryrun      comm=bench pid=10023 signal=<Signals.SIGKILL: 9>
2026-06-08 15:46:37 [warning  ] enforcement_cgroup_freeze_dryrun pid=10023
2026-06-08 15:46:37 [info     ] cwae_decision                  comm=bench confidence=0.92 dry_run=True label=MALICIOUS latency_us=350.0 mitre_ttps=['T1003'] pid=10023 tier=ISOLATE
2026-06-08 15:46:37 [warning  ] enforcement_signal_dryrun      comm=bench pid=10024 signal=<Signals.SIGKILL: 9>
2026-06-08 15:46:37 [warning  ] enforcement_cgroup_freeze_dryrun pid=10024
2026-06-08 15:46:37 [info     ] cwae_decision                  comm=bench confidence=0.92 dry_run=True label=MALICIOUS latency_us=341.33 mitre_ttps=['T1003'] pid=10024 tier=ISOLATE
2026-06-08 15:46:37 [warning  ] enforcement_signal_dryrun      comm=bench pid=10025 signal=<Signals.SIGKILL: 9>
2026-06-08 15:46:37 [warning  ] enforcement_cgroup_freeze_dryrun pid=10025
2026-06-08 15:46:37 [info     ] cwae_decision                  comm=bench confidence=0.92 dry_run=True label=MALICIOUS latency_us=357.87 mitre_ttps=['T1003'] pid=10025 tier=ISOLATE
2026-06-08 15:46:37 [warning  ] enforcement_signal_dryrun      comm=bench pid=10026 signal=<Signals.SIGKILL: 9>
2026-06-08 15:46:37 [warning  ] enforcement_cgroup_freeze_dryrun pid=10026
2026-06-08 15:46:37 [info     ] cwae_decision                  comm=bench confidence=0.92 dry_run=True label=MALICIOUS latency_us=351.25 mitre_ttps=['T1003'] pid=10026 tier=ISOLATE
2026-06-08 15:46:37 [warning  ] enforcement_signal_dryrun      comm=bench pid=10027 signal=<Signals.SIGKILL: 9>
2026-06-08 15:46:37 [warning  ] enforcement_cgroup_freeze_dryrun pid=10027
2026-06-08 15:46:37 [info     ] cwae_decision                  comm=bench confidence=0.92 dry_run=True label=MALICIOUS latency_us=375.18 mitre_ttps=['T1003'] pid=10027 tier=ISOLATE
2026-06-08 15:46:37 [warning  ] enforcement_signal_dryrun      comm=bench pid=10028 signal=<Signals.SIGKILL: 9>
2026-06-08 15:46:37 [warning  ] enforcement_cgroup_freeze_dryrun pid=10028
2026-06-08 15:46:37 [info     ] cwae_decision                  comm=bench confidence=0.92 dry_run=True label=MALICIOUS latency_us=352.55 mitre_ttps=['T1003'] pid=10028 tier=ISOLATE
2026-06-08 15:46:37 [warning  ] enforcement_signal_dryrun      comm=bench pid=10029 signal=<Signals.SIGKILL: 9>
2026-06-08 15:46:37 [warning  ] enforcement_cgroup_freeze_dryrun pid=10029
2026-06-08 15:46:37 [info     ] cwae_decision                  comm=bench confidence=0.92 dry_run=True label=MALICIOUS latency_us=343.09 mitre_ttps=['T1003'] pid=10029 tier=ISOLATE
2026-06-08 15:46:37 [warning  ] enforcement_signal_dryrun      comm=bench pid=10030 signal=<Signals.SIGKILL: 9>
2026-06-08 15:46:37 [warning  ] enforcement_cgroup_freeze_dryrun pid=10030
2026-06-08 15:46:37 [info     ] cwae_decision                  comm=bench confidence=0.92 dry_run=True label=MALICIOUS latency_us=354.74 mitre_ttps=['T1003'] pid=10030 tier=ISOLATE
2026-06-08 15:46:37 [warning  ] enforcement_signal_dryrun      comm=bench pid=10031 signal=<Signals.SIGKILL: 9>
2026-06-08 15:46:37 [warning  ] enforcement_cgroup_freeze_dryrun pid=10031
2026-06-08 15:46:37 [info     ] cwae_decision                  comm=bench confidence=0.92 dry_run=True label=MALICIOUS latency_us=343.15 mitre_ttps=['T1003'] pid=10031 tier=ISOLATE
2026-06-08 15:46:37 [warning  ] enforcement_signal_dryrun      comm=bench pid=10032 signal=<Signals.SIGKILL: 9>
2026-06-08 15:46:37 [warning  ] enforcement_cgroup_freeze_dryrun pid=10032
2026-06-08 15:46:37 [info     ] cwae_decision                  comm=bench confidence=0.92 dry_run=True label=MALICIOUS latency_us=345.04 mitre_ttps=['T1003'] pid=10032 tier=ISOLATE
2026-06-08 15:46:37 [warning  ] enforcement_signal_dryrun      comm=bench pid=10033 signal=<Signals.SIGKILL: 9>
2026-06-08 15:46:37 [warning  ] enforcement_cgroup_freeze_dryrun pid=10033
2026-06-08 15:46:37 [info     ] cwae_decision                  comm=bench confidence=0.92 dry_run=True label=MALICIOUS latency_us=357.21 mitre_ttps=['T1003'] pid=10033 tier=ISOLATE
2026-06-08 15:46:37 [warning  ] enforcement_signal_dryrun      comm=bench pid=10034 signal=<Signals.SIGKILL: 9>
2026-06-08 15:46:37 [warning  ] enforcement_cgroup_freeze_dryrun pid=10034
2026-06-08 15:46:37 [info     ] cwae_decision                  comm=bench confidence=0.92 dry_run=True label=MALICIOUS latency_us=357.3 mitre_ttps=['T1003'] pid=10034 tier=ISOLATE
2026-06-08 15:46:37 [warning  ] enforcement_signal_dryrun      comm=bench pid=10035 signal=<Signals.SIGKILL: 9>
2026-06-08 15:46:37 [warning  ] enforcement_cgroup_freeze_dryrun pid=10035
2026-06-08 15:46:37 [info     ] cwae_decision                  comm=bench confidence=0.92 dry_run=True label=MALICIOUS latency_us=378.68 mitre_ttps=['T1003'] pid=10035 tier=ISOLATE
2026-06-08 15:46:37 [warning  ] enforcement_signal_dryrun      comm=bench pid=10036 signal=<Signals.SIGKILL: 9>
2026-06-08 15:46:37 [warning  ] enforcement_cgroup_freeze_dryrun pid=10036
2026-06-08 15:46:37 [info     ] cwae_decision                  comm=bench confidence=0.92 dry_run=True label=MALICIOUS latency_us=367.68 mitre_ttps=['T1003'] pid=10036 tier=ISOLATE
2026-06-08 15:46:37 [warning  ] enforcement_signal_dryrun      comm=bench pid=10037 signal=<Signals.SIGKILL: 9>
2026-06-08 15:46:37 [warning  ] enforcement_cgroup_freeze_dryrun pid=10037
2026-06-08 15:46:37 [info     ] cwae_decision                  comm=bench confidence=0.92 dry_run=True label=MALICIOUS latency_us=351.96 mitre_ttps=['T1003'] pid=10037 tier=ISOLATE
2026-06-08 15:46:37 [warning  ] enforcement_signal_dryrun      comm=bench pid=10038 signal=<Signals.SIGKILL: 9>
2026-06-08 15:46:37 [warning  ] enforcement_cgroup_freeze_dryrun pid=10038
2026-06-08 15:46:37 [info     ] cwae_decision                  comm=bench confidence=0.92 dry_run=True label=MALICIOUS latency_us=343.51 mitre_ttps=['T1003'] pid=10038 tier=ISOLATE
2026-06-08 15:46:37 [warning  ] enforcement_signal_dryrun      comm=bench pid=10039 signal=<Signals.SIGKILL: 9>
2026-06-08 15:46:37 [warning  ] enforcement_cgroup_freeze_dryrun pid=10039
2026-06-08 15:46:37 [info     ] cwae_decision                  comm=bench confidence=0.92 dry_run=True label=MALICIOUS latency_us=362.32 mitre_ttps=['T1003'] pid=10039 tier=ISOLATE
2026-06-08 15:46:37 [warning  ] enforcement_signal_dryrun      comm=bench pid=10040 signal=<Signals.SIGKILL: 9>
2026-06-08 15:46:37 [warning  ] enforcement_cgroup_freeze_dryrun pid=10040
2026-06-08 15:46:37 [info     ] cwae_decision                  comm=bench confidence=0.92 dry_run=True label=MALICIOUS latency_us=349.5 mitre_ttps=['T1003'] pid=10040 tier=ISOLATE
2026-06-08 15:46:37 [warning  ] enforcement_signal_dryrun      comm=bench pid=10041 signal=<Signals.SIGKILL: 9>
2026-06-08 15:46:37 [warning  ] enforcement_cgroup_freeze_dryrun pid=10041
2026-06-08 15:46:37 [info     ] cwae_decision                  comm=bench confidence=0.92 dry_run=True label=MALICIOUS latency_us=345.36 mitre_ttps=['T1003'] pid=10041 tier=ISOLATE
2026-06-08 15:46:37 [warning  ] enforcement_signal_dryrun      comm=bench pid=10042 signal=<Signals.SIGKILL: 9>
2026-06-08 15:46:37 [warning  ] enforcement_cgroup_freeze_dryrun pid=10042
2026-06-08 15:46:37 [info     ] cwae_decision                  comm=bench confidence=0.92 dry_run=True label=MALICIOUS latency_us=339.45 mitre_ttps=['T1003'] pid=10042 tier=ISOLATE
2026-06-08 15:46:37 [warning  ] enforcement_signal_dryrun      comm=bench pid=10043 signal=<Signals.SIGKILL: 9>
2026-06-08 15:46:37 [warning  ] enforcement_cgroup_freeze_dryrun pid=10043
2026-06-08 15:46:37 [info     ] cwae_decision                  comm=bench confidence=0.92 dry_run=True label=MALICIOUS latency_us=357.99 mitre_ttps=['T1003'] pid=10043 tier=ISOLATE
2026-06-08 15:46:37 [warning  ] enforcement_signal_dryrun      comm=bench pid=10044 signal=<Signals.SIGKILL: 9>
2026-06-08 15:46:37 [warning  ] enforcement_cgroup_freeze_dryrun pid=10044
2026-06-08 15:46:37 [info     ] cwae_decision                  comm=bench confidence=0.92 dry_run=True label=MALICIOUS latency_us=380.64 mitre_ttps=['T1003'] pid=10044 tier=ISOLATE
2026-06-08 15:46:37 [warning  ] enforcement_signal_dryrun      comm=bench pid=10045 signal=<Signals.SIGKILL: 9>
2026-06-08 15:46:37 [warning  ] enforcement_cgroup_freeze_dryrun pid=10045
2026-06-08 15:46:37 [info     ] cwae_decision                  comm=bench confidence=0.92 dry_run=True label=MALICIOUS latency_us=364.55 mitre_ttps=['T1003'] pid=10045 tier=ISOLATE
2026-06-08 15:46:37 [warning  ] enforcement_signal_dryrun      comm=bench pid=10046 signal=<Signals.SIGKILL: 9>
2026-06-08 15:46:37 [warning  ] enforcement_cgroup_freeze_dryrun pid=10046
2026-06-08 15:46:37 [info     ] cwae_decision                  comm=bench confidence=0.92 dry_run=True label=MALICIOUS latency_us=365.77 mitre_ttps=['T1003'] pid=10046 tier=ISOLATE
2026-06-08 15:46:37 [warning  ] enforcement_signal_dryrun      comm=bench pid=10047 signal=<Signals.SIGKILL: 9>
2026-06-08 15:46:37 [warning  ] enforcement_cgroup_freeze_dryrun pid=10047
2026-06-08 15:46:37 [info     ] cwae_decision                  comm=bench confidence=0.92 dry_run=True label=MALICIOUS latency_us=344.53 mitre_ttps=['T1003'] pid=10047 tier=ISOLATE
2026-06-08 15:46:37 [warning  ] enforcement_signal_dryrun      comm=bench pid=10048 signal=<Signals.SIGKILL: 9>
2026-06-08 15:46:37 [warning  ] enforcement_cgroup_freeze_dryrun pid=10048
2026-06-08 15:46:37 [info     ] cwae_decision                  comm=bench confidence=0.92 dry_run=True label=MALICIOUS latency_us=367.08 mitre_ttps=['T1003'] pid=10048 tier=ISOLATE
2026-06-08 15:46:37 [warning  ] enforcement_signal_dryrun      comm=bench pid=10049 signal=<Signals.SIGKILL: 9>
2026-06-08 15:46:37 [warning  ] enforcement_cgroup_freeze_dryrun pid=10049
2026-06-08 15:46:37 [info     ] cwae_decision                  comm=bench confidence=0.92 dry_run=True label=MALICIOUS latency_us=350.83 mitre_ttps=['T1003'] pid=10049 tier=ISOLATE
2026-06-08 15:46:37 [warning  ] enforcement_signal_dryrun      comm=bench pid=10050 signal=<Signals.SIGKILL: 9>
2026-06-08 15:46:37 [warning  ] enforcement_cgroup_freeze_dryrun pid=10050
2026-06-08 15:46:37 [info     ] cwae_decision                  comm=bench confidence=0.92 dry_run=True label=MALICIOUS latency_us=342.93 mitre_ttps=['T1003'] pid=10050 tier=ISOLATE
2026-06-08 15:46:37 [warning  ] enforcement_signal_dryrun      comm=bench pid=10051 signal=<Signals.SIGKILL: 9>
2026-06-08 15:46:37 [warning  ] enforcement_cgroup_freeze_dryrun pid=10051
2026-06-08 15:46:37 [info     ] cwae_decision                  comm=bench confidence=0.92 dry_run=True label=MALICIOUS latency_us=341.22 mitre_ttps=['T1003'] pid=10051 tier=ISOLATE
2026-06-08 15:46:37 [warning  ] enforcement_signal_dryrun      comm=bench pid=10052 signal=<Signals.SIGKILL: 9>
2026-06-08 15:46:37 [warning  ] enforcement_cgroup_freeze_dryrun pid=10052
2026-06-08 15:46:37 [info     ] cwae_decision                  comm=bench confidence=0.92 dry_run=True label=MALICIOUS latency_us=353.13 mitre_ttps=['T1003'] pid=10052 tier=ISOLATE
2026-06-08 15:46:37 [warning  ] enforcement_signal_dryrun      comm=bench pid=10053 signal=<Signals.SIGKILL: 9>
2026-06-08 15:46:37 [warning  ] enforcement_cgroup_freeze_dryrun pid=10053
2026-06-08 15:46:37 [info     ] cwae_decision                  comm=bench confidence=0.92 dry_run=True label=MALICIOUS latency_us=381.57 mitre_ttps=['T1003'] pid=10053 tier=ISOLATE
2026-06-08 15:46:37 [warning  ] enforcement_signal_dryrun      comm=bench pid=10054 signal=<Signals.SIGKILL: 9>
2026-06-08 15:46:37 [warning  ] enforcement_cgroup_freeze_dryrun pid=10054
2026-06-08 15:46:37 [info     ] cwae_decision                  comm=bench confidence=0.92 dry_run=True label=MALICIOUS latency_us=372.62 mitre_ttps=['T1003'] pid=10054 tier=ISOLATE
2026-06-08 15:46:37 [warning  ] enforcement_signal_dryrun      comm=bench pid=10055 signal=<Signals.SIGKILL: 9>
2026-06-08 15:46:37 [warning  ] enforcement_cgroup_freeze_dryrun pid=10055
2026-06-08 15:46:37 [info     ] cwae_decision                  comm=bench confidence=0.92 dry_run=True label=MALICIOUS latency_us=364.7 mitre_ttps=['T1003'] pid=10055 tier=ISOLATE
2026-06-08 15:46:37 [warning  ] enforcement_signal_dryrun      comm=bench pid=10056 signal=<Signals.SIGKILL: 9>
2026-06-08 15:46:37 [warning  ] enforcement_cgroup_freeze_dryrun pid=10056
2026-06-08 15:46:37 [info     ] cwae_decision                  comm=bench confidence=0.92 dry_run=True label=MALICIOUS latency_us=342.83 mitre_ttps=['T1003'] pid=10056 tier=ISOLATE
2026-06-08 15:46:37 [warning  ] enforcement_signal_dryrun      comm=bench pid=10057 signal=<Signals.SIGKILL: 9>
2026-06-08 15:46:37 [warning  ] enforcement_cgroup_freeze_dryrun pid=10057
2026-06-08 15:46:37 [info     ] cwae_decision                  comm=bench confidence=0.92 dry_run=True label=MALICIOUS latency_us=356.05 mitre_ttps=['T1003'] pid=10057 tier=ISOLATE
2026-06-08 15:46:37 [warning  ] enforcement_signal_dryrun      comm=bench pid=10058 signal=<Signals.SIGKILL: 9>
2026-06-08 15:46:37 [warning  ] enforcement_cgroup_freeze_dryrun pid=10058
2026-06-08 15:46:37 [info     ] cwae_decision                  comm=bench confidence=0.92 dry_run=True label=MALICIOUS latency_us=348.89 mitre_ttps=['T1003'] pid=10058 tier=ISOLATE
2026-06-08 15:46:37 [warning  ] enforcement_signal_dryrun      comm=bench pid=10059 signal=<Signals.SIGKILL: 9>
2026-06-08 15:46:37 [warning  ] enforcement_cgroup_freeze_dryrun pid=10059
2026-06-08 15:46:37 [info     ] cwae_decision                  comm=bench confidence=0.92 dry_run=True label=MALICIOUS latency_us=353.29 mitre_ttps=['T1003'] pid=10059 tier=ISOLATE
2026-06-08 15:46:37 [warning  ] enforcement_signal_dryrun      comm=bench pid=10060 signal=<Signals.SIGKILL: 9>
2026-06-08 15:46:37 [warning  ] enforcement_cgroup_freeze_dryrun pid=10060
2026-06-08 15:46:37 [info     ] cwae_decision                  comm=bench confidence=0.92 dry_run=True label=MALICIOUS latency_us=343.35 mitre_ttps=['T1003'] pid=10060 tier=ISOLATE
2026-06-08 15:46:37 [warning  ] enforcement_signal_dryrun      comm=bench pid=10061 signal=<Signals.SIGKILL: 9>
2026-06-08 15:46:37 [warning  ] enforcement_cgroup_freeze_dryrun pid=10061
2026-06-08 15:46:37 [info     ] cwae_decision                  comm=bench confidence=0.92 dry_run=True label=MALICIOUS latency_us=354.52 mitre_ttps=['T1003'] pid=10061 tier=ISOLATE
2026-06-08 15:46:37 [warning  ] enforcement_signal_dryrun      comm=bench pid=10062 signal=<Signals.SIGKILL: 9>
2026-06-08 15:46:37 [warning  ] enforcement_cgroup_freeze_dryrun pid=10062
2026-06-08 15:46:37 [info     ] cwae_decision                  comm=bench confidence=0.92 dry_run=True label=MALICIOUS latency_us=377.64 mitre_ttps=['T1003'] pid=10062 tier=ISOLATE
2026-06-08 15:46:37 [warning  ] enforcement_signal_dryrun      comm=bench pid=10063 signal=<Signals.SIGKILL: 9>
2026-06-08 15:46:37 [warning  ] enforcement_cgroup_freeze_dryrun pid=10063
2026-06-08 15:46:37 [info     ] cwae_decision                  comm=bench confidence=0.92 dry_run=True label=MALICIOUS latency_us=363.89 mitre_ttps=['T1003'] pid=10063 tier=ISOLATE
2026-06-08 15:46:37 [warning  ] enforcement_signal_dryrun      comm=bench pid=10064 signal=<Signals.SIGKILL: 9>
2026-06-08 15:46:37 [warning  ] enforcement_cgroup_freeze_dryrun pid=10064
2026-06-08 15:46:37 [info     ] cwae_decision                  comm=bench confidence=0.92 dry_run=True label=MALICIOUS latency_us=362.11 mitre_ttps=['T1003'] pid=10064 tier=ISOLATE
2026-06-08 15:46:37 [warning  ] enforcement_signal_dryrun      comm=bench pid=10065 signal=<Signals.SIGKILL: 9>
2026-06-08 15:46:37 [warning  ] enforcement_cgroup_freeze_dryrun pid=10065
2026-06-08 15:46:37 [info     ] cwae_decision                  comm=bench confidence=0.92 dry_run=True label=MALICIOUS latency_us=336.98 mitre_ttps=['T1003'] pid=10065 tier=ISOLATE
2026-06-08 15:46:37 [warning  ] enforcement_signal_dryrun      comm=bench pid=10066 signal=<Signals.SIGKILL: 9>
2026-06-08 15:46:37 [warning  ] enforcement_cgroup_freeze_dryrun pid=10066
2026-06-08 15:46:37 [info     ] cwae_decision                  comm=bench confidence=0.92 dry_run=True label=MALICIOUS latency_us=352.18 mitre_ttps=['T1003'] pid=10066 tier=ISOLATE
2026-06-08 15:46:37 [warning  ] enforcement_signal_dryrun      comm=bench pid=10067 signal=<Signals.SIGKILL: 9>
2026-06-08 15:46:37 [warning  ] enforcement_cgroup_freeze_dryrun pid=10067
2026-06-08 15:46:37 [info     ] cwae_decision                  comm=bench confidence=0.92 dry_run=True label=MALICIOUS latency_us=345.09 mitre_ttps=['T1003'] pid=10067 tier=ISOLATE
2026-06-08 15:46:37 [warning  ] enforcement_signal_dryrun      comm=bench pid=10068 signal=<Signals.SIGKILL: 9>
2026-06-08 15:46:37 [warning  ] enforcement_cgroup_freeze_dryrun pid=10068
2026-06-08 15:46:37 [info     ] cwae_decision                  comm=bench confidence=0.92 dry_run=True label=MALICIOUS latency_us=339.72 mitre_ttps=['T1003'] pid=10068 tier=ISOLATE
2026-06-08 15:46:37 [warning  ] enforcement_signal_dryrun      comm=bench pid=10069 signal=<Signals.SIGKILL: 9>
2026-06-08 15:46:37 [warning  ] enforcement_cgroup_freeze_dryrun pid=10069
2026-06-08 15:46:37 [info     ] cwae_decision                  comm=bench confidence=0.92 dry_run=True label=MALICIOUS latency_us=340.78 mitre_ttps=['T1003'] pid=10069 tier=ISOLATE
2026-06-08 15:46:37 [warning  ] enforcement_signal_dryrun      comm=bench pid=10070 signal=<Signals.SIGKILL: 9>
2026-06-08 15:46:37 [warning  ] enforcement_cgroup_freeze_dryrun pid=10070
2026-06-08 15:46:37 [info     ] cwae_decision                  comm=bench confidence=0.92 dry_run=True label=MALICIOUS latency_us=361.45 mitre_ttps=['T1003'] pid=10070 tier=ISOLATE
2026-06-08 15:46:37 [warning  ] enforcement_signal_dryrun      comm=bench pid=10071 signal=<Signals.SIGKILL: 9>
2026-06-08 15:46:37 [warning  ] enforcement_cgroup_freeze_dryrun pid=10071
2026-06-08 15:46:37 [info     ] cwae_decision                  comm=bench confidence=0.92 dry_run=True label=MALICIOUS latency_us=388.26 mitre_ttps=['T1003'] pid=10071 tier=ISOLATE
2026-06-08 15:46:37 [warning  ] enforcement_signal_dryrun      comm=bench pid=10072 signal=<Signals.SIGKILL: 9>
2026-06-08 15:46:37 [warning  ] enforcement_cgroup_freeze_dryrun pid=10072
2026-06-08 15:46:37 [info     ] cwae_decision                  comm=bench confidence=0.92 dry_run=True label=MALICIOUS latency_us=355.78 mitre_ttps=['T1003'] pid=10072 tier=ISOLATE
2026-06-08 15:46:37 [warning  ] enforcement_signal_dryrun      comm=bench pid=10073 signal=<Signals.SIGKILL: 9>
2026-06-08 15:46:37 [warning  ] enforcement_cgroup_freeze_dryrun pid=10073
2026-06-08 15:46:37 [info     ] cwae_decision                  comm=bench confidence=0.92 dry_run=True label=MALICIOUS latency_us=363.58 mitre_ttps=['T1003'] pid=10073 tier=ISOLATE
2026-06-08 15:46:37 [warning  ] enforcement_signal_dryrun      comm=bench pid=10074 signal=<Signals.SIGKILL: 9>
2026-06-08 15:46:37 [warning  ] enforcement_cgroup_freeze_dryrun pid=10074
2026-06-08 15:46:37 [info     ] cwae_decision                  comm=bench confidence=0.92 dry_run=True label=MALICIOUS latency_us=343.11 mitre_ttps=['T1003'] pid=10074 tier=ISOLATE
2026-06-08 15:46:37 [warning  ] enforcement_signal_dryrun      comm=bench pid=10075 signal=<Signals.SIGKILL: 9>
2026-06-08 15:46:37 [warning  ] enforcement_cgroup_freeze_dryrun pid=10075
2026-06-08 15:46:37 [info     ] cwae_decision                  comm=bench confidence=0.92 dry_run=True label=MALICIOUS latency_us=368.54 mitre_ttps=['T1003'] pid=10075 tier=ISOLATE
2026-06-08 15:46:37 [warning  ] enforcement_signal_dryrun      comm=bench pid=10076 signal=<Signals.SIGKILL: 9>
2026-06-08 15:46:37 [warning  ] enforcement_cgroup_freeze_dryrun pid=10076
2026-06-08 15:46:37 [info     ] cwae_decision                  comm=bench confidence=0.92 dry_run=True label=MALICIOUS latency_us=340.99 mitre_ttps=['T1003'] pid=10076 tier=ISOLATE
2026-06-08 15:46:37 [warning  ] enforcement_signal_dryrun      comm=bench pid=10077 signal=<Signals.SIGKILL: 9>
2026-06-08 15:46:37 [warning  ] enforcement_cgroup_freeze_dryrun pid=10077
2026-06-08 15:46:37 [info     ] cwae_decision                  comm=bench confidence=0.92 dry_run=True label=MALICIOUS latency_us=343.31 mitre_ttps=['T1003'] pid=10077 tier=ISOLATE
2026-06-08 15:46:37 [warning  ] enforcement_signal_dryrun      comm=bench pid=10078 signal=<Signals.SIGKILL: 9>
2026-06-08 15:46:37 [warning  ] enforcement_cgroup_freeze_dryrun pid=10078
2026-06-08 15:46:37 [info     ] cwae_decision                  comm=bench confidence=0.92 dry_run=True label=MALICIOUS latency_us=346.0 mitre_ttps=['T1003'] pid=10078 tier=ISOLATE
2026-06-08 15:46:37 [warning  ] enforcement_signal_dryrun      comm=bench pid=10079 signal=<Signals.SIGKILL: 9>
2026-06-08 15:46:37 [warning  ] enforcement_cgroup_freeze_dryrun pid=10079
2026-06-08 15:46:37 [info     ] cwae_decision                  comm=bench confidence=0.92 dry_run=True label=MALICIOUS latency_us=371.62 mitre_ttps=['T1003'] pid=10079 tier=ISOLATE
2026-06-08 15:46:37 [warning  ] enforcement_signal_dryrun      comm=bench pid=10080 signal=<Signals.SIGKILL: 9>
2026-06-08 15:46:37 [warning  ] enforcement_cgroup_freeze_dryrun pid=10080
2026-06-08 15:46:37 [info     ] cwae_decision                  comm=bench confidence=0.92 dry_run=True label=MALICIOUS latency_us=377.6 mitre_ttps=['T1003'] pid=10080 tier=ISOLATE
2026-06-08 15:46:37 [warning  ] enforcement_signal_dryrun      comm=bench pid=10081 signal=<Signals.SIGKILL: 9>
2026-06-08 15:46:37 [warning  ] enforcement_cgroup_freeze_dryrun pid=10081
2026-06-08 15:46:37 [info     ] cwae_decision                  comm=bench confidence=0.92 dry_run=True label=MALICIOUS latency_us=366.09 mitre_ttps=['T1003'] pid=10081 tier=ISOLATE
2026-06-08 15:46:37 [warning  ] enforcement_signal_dryrun      comm=bench pid=10082 signal=<Signals.SIGKILL: 9>
2026-06-08 15:46:37 [warning  ] enforcement_cgroup_freeze_dryrun pid=10082
2026-06-08 15:46:37 [info     ] cwae_decision                  comm=bench confidence=0.92 dry_run=True label=MALICIOUS latency_us=366.41 mitre_ttps=['T1003'] pid=10082 tier=ISOLATE
2026-06-08 15:46:37 [warning  ] enforcement_signal_dryrun      comm=bench pid=10083 signal=<Signals.SIGKILL: 9>
2026-06-08 15:46:37 [warning  ] enforcement_cgroup_freeze_dryrun pid=10083
2026-06-08 15:46:37 [info     ] cwae_decision                  comm=bench confidence=0.92 dry_run=True label=MALICIOUS latency_us=339.08 mitre_ttps=['T1003'] pid=10083 tier=ISOLATE
2026-06-08 15:46:37 [warning  ] enforcement_signal_dryrun      comm=bench pid=10084 signal=<Signals.SIGKILL: 9>
2026-06-08 15:46:37 [warning  ] enforcement_cgroup_freeze_dryrun pid=10084
2026-06-08 15:46:37 [info     ] cwae_decision                  comm=bench confidence=0.92 dry_run=True label=MALICIOUS latency_us=352.86 mitre_ttps=['T1003'] pid=10084 tier=ISOLATE
2026-06-08 15:46:37 [warning  ] enforcement_signal_dryrun      comm=bench pid=10085 signal=<Signals.SIGKILL: 9>
2026-06-08 15:46:37 [warning  ] enforcement_cgroup_freeze_dryrun pid=10085
2026-06-08 15:46:37 [info     ] cwae_decision                  comm=bench confidence=0.92 dry_run=True label=MALICIOUS latency_us=344.77 mitre_ttps=['T1003'] pid=10085 tier=ISOLATE
2026-06-08 15:46:37 [warning  ] enforcement_signal_dryrun      comm=bench pid=10086 signal=<Signals.SIGKILL: 9>
2026-06-08 15:46:37 [warning  ] enforcement_cgroup_freeze_dryrun pid=10086
2026-06-08 15:46:37 [info     ] cwae_decision                  comm=bench confidence=0.92 dry_run=True label=MALICIOUS latency_us=344.09 mitre_ttps=['T1003'] pid=10086 tier=ISOLATE
2026-06-08 15:46:37 [warning  ] enforcement_signal_dryrun      comm=bench pid=10087 signal=<Signals.SIGKILL: 9>
2026-06-08 15:46:37 [warning  ] enforcement_cgroup_freeze_dryrun pid=10087
2026-06-08 15:46:37 [info     ] cwae_decision                  comm=bench confidence=0.92 dry_run=True label=MALICIOUS latency_us=343.42 mitre_ttps=['T1003'] pid=10087 tier=ISOLATE
2026-06-08 15:46:37 [warning  ] enforcement_signal_dryrun      comm=bench pid=10088 signal=<Signals.SIGKILL: 9>
2026-06-08 15:46:37 [warning  ] enforcement_cgroup_freeze_dryrun pid=10088
2026-06-08 15:46:37 [info     ] cwae_decision                  comm=bench confidence=0.92 dry_run=True label=MALICIOUS latency_us=368.83 mitre_ttps=['T1003'] pid=10088 tier=ISOLATE
2026-06-08 15:46:37 [warning  ] enforcement_signal_dryrun      comm=bench pid=10089 signal=<Signals.SIGKILL: 9>
2026-06-08 15:46:37 [warning  ] enforcement_cgroup_freeze_dryrun pid=10089
2026-06-08 15:46:37 [info     ] cwae_decision                  comm=bench confidence=0.92 dry_run=True label=MALICIOUS latency_us=375.74 mitre_ttps=['T1003'] pid=10089 tier=ISOLATE
2026-06-08 15:46:37 [warning  ] enforcement_signal_dryrun      comm=bench pid=10090 signal=<Signals.SIGKILL: 9>
2026-06-08 15:46:37 [warning  ] enforcement_cgroup_freeze_dryrun pid=10090
2026-06-08 15:46:37 [info     ] cwae_decision                  comm=bench confidence=0.92 dry_run=True label=MALICIOUS latency_us=378.82 mitre_ttps=['T1003'] pid=10090 tier=ISOLATE
2026-06-08 15:46:37 [warning  ] enforcement_signal_dryrun      comm=bench pid=10091 signal=<Signals.SIGKILL: 9>
2026-06-08 15:46:37 [warning  ] enforcement_cgroup_freeze_dryrun pid=10091
2026-06-08 15:46:37 [info     ] cwae_decision                  comm=bench confidence=0.92 dry_run=True label=MALICIOUS latency_us=371.85 mitre_ttps=['T1003'] pid=10091 tier=ISOLATE
2026-06-08 15:46:37 [warning  ] enforcement_signal_dryrun      comm=bench pid=10092 signal=<Signals.SIGKILL: 9>
2026-06-08 15:46:37 [warning  ] enforcement_cgroup_freeze_dryrun pid=10092
2026-06-08 15:46:37 [info     ] cwae_decision                  comm=bench confidence=0.92 dry_run=True label=MALICIOUS latency_us=344.69 mitre_ttps=['T1003'] pid=10092 tier=ISOLATE
2026-06-08 15:46:37 [warning  ] enforcement_signal_dryrun      comm=bench pid=10093 signal=<Signals.SIGKILL: 9>
2026-06-08 15:46:37 [warning  ] enforcement_cgroup_freeze_dryrun pid=10093
2026-06-08 15:46:37 [info     ] cwae_decision                  comm=bench confidence=0.92 dry_run=True label=MALICIOUS latency_us=347.51 mitre_ttps=['T1003'] pid=10093 tier=ISOLATE
2026-06-08 15:46:37 [warning  ] enforcement_signal_dryrun      comm=bench pid=10094 signal=<Signals.SIGKILL: 9>
2026-06-08 15:46:37 [warning  ] enforcement_cgroup_freeze_dryrun pid=10094
2026-06-08 15:46:37 [info     ] cwae_decision                  comm=bench confidence=0.92 dry_run=True label=MALICIOUS latency_us=348.0 mitre_ttps=['T1003'] pid=10094 tier=ISOLATE
2026-06-08 15:46:37 [warning  ] enforcement_signal_dryrun      comm=bench pid=10095 signal=<Signals.SIGKILL: 9>
2026-06-08 15:46:37 [warning  ] enforcement_cgroup_freeze_dryrun pid=10095
2026-06-08 15:46:37 [info     ] cwae_decision                  comm=bench confidence=0.92 dry_run=True label=MALICIOUS latency_us=344.23 mitre_ttps=['T1003'] pid=10095 tier=ISOLATE
2026-06-08 15:46:37 [warning  ] enforcement_signal_dryrun      comm=bench pid=10096 signal=<Signals.SIGKILL: 9>
2026-06-08 15:46:37 [warning  ] enforcement_cgroup_freeze_dryrun pid=10096
2026-06-08 15:46:37 [info     ] cwae_decision                  comm=bench confidence=0.92 dry_run=True label=MALICIOUS latency_us=343.01 mitre_ttps=['T1003'] pid=10096 tier=ISOLATE
2026-06-08 15:46:37 [warning  ] enforcement_signal_dryrun      comm=bench pid=10097 signal=<Signals.SIGKILL: 9>
2026-06-08 15:46:37 [warning  ] enforcement_cgroup_freeze_dryrun pid=10097
2026-06-08 15:46:37 [info     ] cwae_decision                  comm=bench confidence=0.92 dry_run=True label=MALICIOUS latency_us=374.19 mitre_ttps=['T1003'] pid=10097 tier=ISOLATE
2026-06-08 15:46:37 [warning  ] enforcement_signal_dryrun      comm=bench pid=10098 signal=<Signals.SIGKILL: 9>
2026-06-08 15:46:37 [warning  ] enforcement_cgroup_freeze_dryrun pid=10098
2026-06-08 15:46:37 [info     ] cwae_decision                  comm=bench confidence=0.92 dry_run=True label=MALICIOUS latency_us=377.18 mitre_ttps=['T1003'] pid=10098 tier=ISOLATE
2026-06-08 15:46:37 [warning  ] enforcement_signal_dryrun      comm=bench pid=9999 signal=<Signals.SIGKILL: 9>
2026-06-08 15:46:37 [warning  ] enforcement_cgroup_freeze_dryrun pid=9999
2026-06-08 15:46:37 [info     ] cwae_decision                  comm=bench confidence=0.92 dry_run=True label=MALICIOUS latency_us=367.37 mitre_ttps=['T1003'] pid=9999 tier=ISOLATE
2026-06-08 15:46:37 [warning  ] enforcement_signal_dryrun      comm=bench pid=10000 signal=<Signals.SIGKILL: 9>
2026-06-08 15:46:37 [warning  ] enforcement_cgroup_freeze_dryrun pid=10000
2026-06-08 15:46:37 [info     ] cwae_decision                  comm=bench confidence=0.92 dry_run=True label=MALICIOUS latency_us=357.31 mitre_ttps=['T1003'] pid=10000 tier=ISOLATE
2026-06-08 15:46:37 [warning  ] enforcement_signal_dryrun      comm=bench pid=10001 signal=<Signals.SIGKILL: 9>
2026-06-08 15:46:37 [warning  ] enforcement_cgroup_freeze_dryrun pid=10001
2026-06-08 15:46:37 [info     ] cwae_decision                  comm=bench confidence=0.92 dry_run=True label=MALICIOUS latency_us=345.25 mitre_ttps=['T1003'] pid=10001 tier=ISOLATE
2026-06-08 15:46:37 [warning  ] enforcement_signal_dryrun      comm=bench pid=10002 signal=<Signals.SIGKILL: 9>
2026-06-08 15:46:37 [warning  ] enforcement_cgroup_freeze_dryrun pid=10002
2026-06-08 15:46:37 [info     ] cwae_decision                  comm=bench confidence=0.92 dry_run=True label=MALICIOUS latency_us=360.17 mitre_ttps=['T1003'] pid=10002 tier=ISOLATE
2026-06-08 15:46:37 [warning  ] enforcement_signal_dryrun      comm=bench pid=10003 signal=<Signals.SIGKILL: 9>
2026-06-08 15:46:37 [warning  ] enforcement_cgroup_freeze_dryrun pid=10003
2026-06-08 15:46:37 [info     ] cwae_decision                  comm=bench confidence=0.92 dry_run=True label=MALICIOUS latency_us=350.88 mitre_ttps=['T1003'] pid=10003 tier=ISOLATE
2026-06-08 15:46:37 [warning  ] enforcement_signal_dryrun      comm=bench pid=10004 signal=<Signals.SIGKILL: 9>
2026-06-08 15:46:37 [warning  ] enforcement_cgroup_freeze_dryrun pid=10004
2026-06-08 15:46:37 [info     ] cwae_decision                  comm=bench confidence=0.92 dry_run=True label=MALICIOUS latency_us=347.69 mitre_ttps=['T1003'] pid=10004 tier=ISOLATE
2026-06-08 15:46:37 [warning  ] enforcement_signal_dryrun      comm=bench pid=10005 signal=<Signals.SIGKILL: 9>
2026-06-08 15:46:37 [warning  ] enforcement_cgroup_freeze_dryrun pid=10005
2026-06-08 15:46:37 [info     ] cwae_decision                  comm=bench confidence=0.92 dry_run=True label=MALICIOUS latency_us=340.9 mitre_ttps=['T1003'] pid=10005 tier=ISOLATE
2026-06-08 15:46:37 [warning  ] enforcement_signal_dryrun      comm=bench pid=10006 signal=<Signals.SIGKILL: 9>
2026-06-08 15:46:37 [warning  ] enforcement_cgroup_freeze_dryrun pid=10006
2026-06-08 15:46:37 [info     ] cwae_decision                  comm=bench confidence=0.92 dry_run=True label=MALICIOUS latency_us=356.96 mitre_ttps=['T1003'] pid=10006 tier=ISOLATE
2026-06-08 15:46:37 [warning  ] enforcement_signal_dryrun      comm=bench pid=10007 signal=<Signals.SIGKILL: 9>
2026-06-08 15:46:37 [warning  ] enforcement_cgroup_freeze_dryrun pid=10007
2026-06-08 15:46:37 [info     ] cwae_decision                  comm=bench confidence=0.92 dry_run=True label=MALICIOUS latency_us=377.33 mitre_ttps=['T1003'] pid=10007 tier=ISOLATE
2026-06-08 15:46:37 [warning  ] enforcement_signal_dryrun      comm=bench pid=10008 signal=<Signals.SIGKILL: 9>
2026-06-08 15:46:37 [warning  ] enforcement_cgroup_freeze_dryrun pid=10008
2026-06-08 15:46:37 [info     ] cwae_decision                  comm=bench confidence=0.92 dry_run=True label=MALICIOUS latency_us=365.93 mitre_ttps=['T1003'] pid=10008 tier=ISOLATE
2026-06-08 15:46:37 [warning  ] enforcement_signal_dryrun      comm=bench pid=10009 signal=<Signals.SIGKILL: 9>
2026-06-08 15:46:37 [warning  ] enforcement_cgroup_freeze_dryrun pid=10009
2026-06-08 15:46:37 [info     ] cwae_decision                  comm=bench confidence=0.92 dry_run=True label=MALICIOUS latency_us=354.58 mitre_ttps=['T1003'] pid=10009 tier=ISOLATE
2026-06-08 15:46:37 [warning  ] enforcement_signal_dryrun      comm=bench pid=10010 signal=<Signals.SIGKILL: 9>
2026-06-08 15:46:37 [warning  ] enforcement_cgroup_freeze_dryrun pid=10010
2026-06-08 15:46:37 [info     ] cwae_decision                  comm=bench confidence=0.92 dry_run=True label=MALICIOUS latency_us=345.06 mitre_ttps=['T1003'] pid=10010 tier=ISOLATE
2026-06-08 15:46:37 [warning  ] enforcement_signal_dryrun      comm=bench pid=10011 signal=<Signals.SIGKILL: 9>
2026-06-08 15:46:37 [warning  ] enforcement_cgroup_freeze_dryrun pid=10011
2026-06-08 15:46:37 [info     ] cwae_decision                  comm=bench confidence=0.92 dry_run=True label=MALICIOUS latency_us=355.79 mitre_ttps=['T1003'] pid=10011 tier=ISOLATE
2026-06-08 15:46:37 [warning  ] enforcement_signal_dryrun      comm=bench pid=10012 signal=<Signals.SIGKILL: 9>
2026-06-08 15:46:37 [warning  ] enforcement_cgroup_freeze_dryrun pid=10012
2026-06-08 15:46:37 [info     ] cwae_decision                  comm=bench confidence=0.92 dry_run=True label=MALICIOUS latency_us=350.23 mitre_ttps=['T1003'] pid=10012 tier=ISOLATE
2026-06-08 15:46:37 [warning  ] enforcement_signal_dryrun      comm=bench pid=10013 signal=<Signals.SIGKILL: 9>
2026-06-08 15:46:37 [warning  ] enforcement_cgroup_freeze_dryrun pid=10013
2026-06-08 15:46:37 [info     ] cwae_decision                  comm=bench confidence=0.92 dry_run=True label=MALICIOUS latency_us=345.13 mitre_ttps=['T1003'] pid=10013 tier=ISOLATE
2026-06-08 15:46:37 [warning  ] enforcement_signal_dryrun      comm=bench pid=10014 signal=<Signals.SIGKILL: 9>
2026-06-08 15:46:37 [warning  ] enforcement_cgroup_freeze_dryrun pid=10014
2026-06-08 15:46:37 [info     ] cwae_decision                  comm=bench confidence=0.92 dry_run=True label=MALICIOUS latency_us=342.37 mitre_ttps=['T1003'] pid=10014 tier=ISOLATE
2026-06-08 15:46:37 [warning  ] enforcement_signal_dryrun      comm=bench pid=10015 signal=<Signals.SIGKILL: 9>
2026-06-08 15:46:37 [warning  ] enforcement_cgroup_freeze_dryrun pid=10015
2026-06-08 15:46:37 [info     ] cwae_decision                  comm=bench confidence=0.92 dry_run=True label=MALICIOUS latency_us=358.05 mitre_ttps=['T1003'] pid=10015 tier=ISOLATE
2026-06-08 15:46:37 [warning  ] enforcement_signal_dryrun      comm=bench pid=10016 signal=<Signals.SIGKILL: 9>
2026-06-08 15:46:37 [warning  ] enforcement_cgroup_freeze_dryrun pid=10016
2026-06-08 15:46:37 [info     ] cwae_decision                  comm=bench confidence=0.92 dry_run=True label=MALICIOUS latency_us=382.78 mitre_ttps=['T1003'] pid=10016 tier=ISOLATE
2026-06-08 15:46:37 [warning  ] enforcement_signal_dryrun      comm=bench pid=10017 signal=<Signals.SIGKILL: 9>
2026-06-08 15:46:37 [warning  ] enforcement_cgroup_freeze_dryrun pid=10017
2026-06-08 15:46:37 [info     ] cwae_decision                  comm=bench confidence=0.92 dry_run=True label=MALICIOUS latency_us=368.09 mitre_ttps=['T1003'] pid=10017 tier=ISOLATE
2026-06-08 15:46:37 [warning  ] enforcement_signal_dryrun      comm=bench pid=10018 signal=<Signals.SIGKILL: 9>
2026-06-08 15:46:37 [warning  ] enforcement_cgroup_freeze_dryrun pid=10018
2026-06-08 15:46:37 [info     ] cwae_decision                  comm=bench confidence=0.92 dry_run=True label=MALICIOUS latency_us=356.65 mitre_ttps=['T1003'] pid=10018 tier=ISOLATE
2026-06-08 15:46:37 [warning  ] enforcement_signal_dryrun      comm=bench pid=10019 signal=<Signals.SIGKILL: 9>
2026-06-08 15:46:37 [warning  ] enforcement_cgroup_freeze_dryrun pid=10019
2026-06-08 15:46:37 [info     ] cwae_decision                  comm=bench confidence=0.92 dry_run=True label=MALICIOUS latency_us=354.1 mitre_ttps=['T1003'] pid=10019 tier=ISOLATE
2026-06-08 15:46:37 [warning  ] enforcement_signal_dryrun      comm=bench pid=10020 signal=<Signals.SIGKILL: 9>
2026-06-08 15:46:37 [warning  ] enforcement_cgroup_freeze_dryrun pid=10020
2026-06-08 15:46:37 [info     ] cwae_decision                  comm=bench confidence=0.92 dry_run=True label=MALICIOUS latency_us=350.03 mitre_ttps=['T1003'] pid=10020 tier=ISOLATE
2026-06-08 15:46:37 [warning  ] enforcement_signal_dryrun      comm=bench pid=10021 signal=<Signals.SIGKILL: 9>
2026-06-08 15:46:37 [warning  ] enforcement_cgroup_freeze_dryrun pid=10021
2026-06-08 15:46:37 [info     ] cwae_decision                  comm=bench confidence=0.92 dry_run=True label=MALICIOUS latency_us=339.22 mitre_ttps=['T1003'] pid=10021 tier=ISOLATE
2026-06-08 15:46:37 [warning  ] enforcement_signal_dryrun      comm=bench pid=10022 signal=<Signals.SIGKILL: 9>
2026-06-08 15:46:37 [warning  ] enforcement_cgroup_freeze_dryrun pid=10022
2026-06-08 15:46:37 [info     ] cwae_decision                  comm=bench confidence=0.92 dry_run=True label=MALICIOUS latency_us=345.27 mitre_ttps=['T1003'] pid=10022 tier=ISOLATE
2026-06-08 15:46:37 [warning  ] enforcement_signal_dryrun      comm=bench pid=10023 signal=<Signals.SIGKILL: 9>
2026-06-08 15:46:37 [warning  ] enforcement_cgroup_freeze_dryrun pid=10023
2026-06-08 15:46:37 [info     ] cwae_decision                  comm=bench confidence=0.92 dry_run=True label=MALICIOUS latency_us=345.62 mitre_ttps=['T1003'] pid=10023 tier=ISOLATE
2026-06-08 15:46:37 [warning  ] enforcement_signal_dryrun      comm=bench pid=10024 signal=<Signals.SIGKILL: 9>
2026-06-08 15:46:37 [warning  ] enforcement_cgroup_freeze_dryrun pid=10024
2026-06-08 15:46:37 [info     ] cwae_decision                  comm=bench confidence=0.92 dry_run=True label=MALICIOUS latency_us=353.85 mitre_ttps=['T1003'] pid=10024 tier=ISOLATE
2026-06-08 15:46:37 [warning  ] enforcement_signal_dryrun      comm=bench pid=10025 signal=<Signals.SIGKILL: 9>
2026-06-08 15:46:37 [warning  ] enforcement_cgroup_freeze_dryrun pid=10025
2026-06-08 15:46:37 [info     ] cwae_decision                  comm=bench confidence=0.92 dry_run=True label=MALICIOUS latency_us=382.08 mitre_ttps=['T1003'] pid=10025 tier=ISOLATE
2026-06-08 15:46:37 [warning  ] enforcement_signal_dryrun      comm=bench pid=10026 signal=<Signals.SIGKILL: 9>
2026-06-08 15:46:37 [warning  ] enforcement_cgroup_freeze_dryrun pid=10026
2026-06-08 15:46:37 [info     ] cwae_decision                  comm=bench confidence=0.92 dry_run=True label=MALICIOUS latency_us=375.93 mitre_ttps=['T1003'] pid=10026 tier=ISOLATE
2026-06-08 15:46:37 [warning  ] enforcement_signal_dryrun      comm=bench pid=10027 signal=<Signals.SIGKILL: 9>
2026-06-08 15:46:37 [warning  ] enforcement_cgroup_freeze_dryrun pid=10027
2026-06-08 15:46:37 [info     ] cwae_decision                  comm=bench confidence=0.92 dry_run=True label=MALICIOUS latency_us=357.91 mitre_ttps=['T1003'] pid=10027 tier=ISOLATE
2026-06-08 15:46:37 [warning  ] enforcement_signal_dryrun      comm=bench pid=10028 signal=<Signals.SIGKILL: 9>
2026-06-08 15:46:37 [warning  ] enforcement_cgroup_freeze_dryrun pid=10028
2026-06-08 15:46:37 [info     ] cwae_decision                  comm=bench confidence=0.92 dry_run=True label=MALICIOUS latency_us=344.19 mitre_ttps=['T1003'] pid=10028 tier=ISOLATE
2026-06-08 15:46:37 [warning  ] enforcement_signal_dryrun      comm=bench pid=10029 signal=<Signals.SIGKILL: 9>
2026-06-08 15:46:37 [warning  ] enforcement_cgroup_freeze_dryrun pid=10029
2026-06-08 15:46:37 [info     ] cwae_decision                  comm=bench confidence=0.92 dry_run=True label=MALICIOUS latency_us=357.66 mitre_ttps=['T1003'] pid=10029 tier=ISOLATE
2026-06-08 15:46:37 [warning  ] enforcement_signal_dryrun      comm=bench pid=10030 signal=<Signals.SIGKILL: 9>
2026-06-08 15:46:37 [warning  ] enforcement_cgroup_freeze_dryrun pid=10030
2026-06-08 15:46:37 [info     ] cwae_decision                  comm=bench confidence=0.92 dry_run=True label=MALICIOUS latency_us=352.81 mitre_ttps=['T1003'] pid=10030 tier=ISOLATE
2026-06-08 15:46:37 [warning  ] enforcement_signal_dryrun      comm=bench pid=10031 signal=<Signals.SIGKILL: 9>
2026-06-08 15:46:37 [warning  ] enforcement_cgroup_freeze_dryrun pid=10031
2026-06-08 15:46:37 [info     ] cwae_decision                  comm=bench confidence=0.92 dry_run=True label=MALICIOUS latency_us=350.44 mitre_ttps=['T1003'] pid=10031 tier=ISOLATE
2026-06-08 15:46:37 [warning  ] enforcement_signal_dryrun      comm=bench pid=10032 signal=<Signals.SIGKILL: 9>
2026-06-08 15:46:37 [warning  ] enforcement_cgroup_freeze_dryrun pid=10032
2026-06-08 15:46:37 [info     ] cwae_decision                  comm=bench confidence=0.92 dry_run=True label=MALICIOUS latency_us=340.06 mitre_ttps=['T1003'] pid=10032 tier=ISOLATE
2026-06-08 15:46:37 [warning  ] enforcement_signal_dryrun      comm=bench pid=10033 signal=<Signals.SIGKILL: 9>
2026-06-08 15:46:37 [warning  ] enforcement_cgroup_freeze_dryrun pid=10033
2026-06-08 15:46:37 [info     ] cwae_decision                  comm=bench confidence=0.92 dry_run=True label=MALICIOUS latency_us=355.22 mitre_ttps=['T1003'] pid=10033 tier=ISOLATE
2026-06-08 15:46:37 [warning  ] enforcement_signal_dryrun      comm=bench pid=10034 signal=<Signals.SIGKILL: 9>
2026-06-08 15:46:37 [warning  ] enforcement_cgroup_freeze_dryrun pid=10034
2026-06-08 15:46:37 [info     ] cwae_decision                  comm=bench confidence=0.92 dry_run=True label=MALICIOUS latency_us=381.9 mitre_ttps=['T1003'] pid=10034 tier=ISOLATE
2026-06-08 15:46:37 [warning  ] enforcement_signal_dryrun      comm=bench pid=10035 signal=<Signals.SIGKILL: 9>
2026-06-08 15:46:37 [warning  ] enforcement_cgroup_freeze_dryrun pid=10035
2026-06-08 15:46:37 [info     ] cwae_decision                  comm=bench confidence=0.92 dry_run=True label=MALICIOUS latency_us=358.87 mitre_ttps=['T1003'] pid=10035 tier=ISOLATE
2026-06-08 15:46:37 [warning  ] enforcement_signal_dryrun      comm=bench pid=10036 signal=<Signals.SIGKILL: 9>
2026-06-08 15:46:37 [warning  ] enforcement_cgroup_freeze_dryrun pid=10036
2026-06-08 15:46:37 [info     ] cwae_decision                  comm=bench confidence=0.92 dry_run=True label=MALICIOUS latency_us=364.69 mitre_ttps=['T1003'] pid=10036 tier=ISOLATE
2026-06-08 15:46:37 [warning  ] enforcement_signal_dryrun      comm=bench pid=10037 signal=<Signals.SIGKILL: 9>
2026-06-08 15:46:37 [warning  ] enforcement_cgroup_freeze_dryrun pid=10037
2026-06-08 15:46:37 [info     ] cwae_decision                  comm=bench confidence=0.92 dry_run=True label=MALICIOUS latency_us=354.43 mitre_ttps=['T1003'] pid=10037 tier=ISOLATE
2026-06-08 15:46:37 [warning  ] enforcement_signal_dryrun      comm=bench pid=10038 signal=<Signals.SIGKILL: 9>
2026-06-08 15:46:37 [warning  ] enforcement_cgroup_freeze_dryrun pid=10038
2026-06-08 15:46:37 [info     ] cwae_decision                  comm=bench confidence=0.92 dry_run=True label=MALICIOUS latency_us=359.23 mitre_ttps=['T1003'] pid=10038 tier=ISOLATE
2026-06-08 15:46:37 [warning  ] enforcement_signal_dryrun      comm=bench pid=10039 signal=<Signals.SIGKILL: 9>
2026-06-08 15:46:37 [warning  ] enforcement_cgroup_freeze_dryrun pid=10039
2026-06-08 15:46:37 [info     ] cwae_decision                  comm=bench confidence=0.92 dry_run=True label=MALICIOUS latency_us=349.08 mitre_ttps=['T1003'] pid=10039 tier=ISOLATE
2026-06-08 15:46:37 [warning  ] enforcement_signal_dryrun      comm=bench pid=10040 signal=<Signals.SIGKILL: 9>
2026-06-08 15:46:37 [warning  ] enforcement_cgroup_freeze_dryrun pid=10040
2026-06-08 15:46:37 [info     ] cwae_decision                  comm=bench confidence=0.92 dry_run=True label=MALICIOUS latency_us=346.97 mitre_ttps=['T1003'] pid=10040 tier=ISOLATE
2026-06-08 15:46:37 [warning  ] enforcement_signal_dryrun      comm=bench pid=10041 signal=<Signals.SIGKILL: 9>
2026-06-08 15:46:37 [warning  ] enforcement_cgroup_freeze_dryrun pid=10041
2026-06-08 15:46:37 [info     ] cwae_decision                  comm=bench confidence=0.92 dry_run=True label=MALICIOUS latency_us=342.63 mitre_ttps=['T1003'] pid=10041 tier=ISOLATE
2026-06-08 15:46:37 [warning  ] enforcement_signal_dryrun      comm=bench pid=10042 signal=<Signals.SIGKILL: 9>
2026-06-08 15:46:37 [warning  ] enforcement_cgroup_freeze_dryrun pid=10042
2026-06-08 15:46:37 [info     ] cwae_decision                  comm=bench confidence=0.92 dry_run=True label=MALICIOUS latency_us=355.39 mitre_ttps=['T1003'] pid=10042 tier=ISOLATE
2026-06-08 15:46:37 [warning  ] enforcement_signal_dryrun      comm=bench pid=10043 signal=<Signals.SIGKILL: 9>
2026-06-08 15:46:37 [warning  ] enforcement_cgroup_freeze_dryrun pid=10043
2026-06-08 15:46:37 [info     ] cwae_decision                  comm=bench confidence=0.92 dry_run=True label=MALICIOUS latency_us=379.3 mitre_ttps=['T1003'] pid=10043 tier=ISOLATE
2026-06-08 15:46:37 [warning  ] enforcement_signal_dryrun      comm=bench pid=10044 signal=<Signals.SIGKILL: 9>
2026-06-08 15:46:37 [warning  ] enforcement_cgroup_freeze_dryrun pid=10044
2026-06-08 15:46:37 [info     ] cwae_decision                  comm=bench confidence=0.92 dry_run=True label=MALICIOUS latency_us=361.03 mitre_ttps=['T1003'] pid=10044 tier=ISOLATE
2026-06-08 15:46:37 [warning  ] enforcement_signal_dryrun      comm=bench pid=10045 signal=<Signals.SIGKILL: 9>
2026-06-08 15:46:37 [warning  ] enforcement_cgroup_freeze_dryrun pid=10045
2026-06-08 15:46:37 [info     ] cwae_decision                  comm=bench confidence=0.92 dry_run=True label=MALICIOUS latency_us=344.5 mitre_ttps=['T1003'] pid=10045 tier=ISOLATE
2026-06-08 15:46:37 [warning  ] enforcement_signal_dryrun      comm=bench pid=10046 signal=<Signals.SIGKILL: 9>
2026-06-08 15:46:37 [warning  ] enforcement_cgroup_freeze_dryrun pid=10046
2026-06-08 15:46:37 [info     ] cwae_decision                  comm=bench confidence=0.92 dry_run=True label=MALICIOUS latency_us=344.87 mitre_ttps=['T1003'] pid=10046 tier=ISOLATE
2026-06-08 15:46:37 [warning  ] enforcement_signal_dryrun      comm=bench pid=10047 signal=<Signals.SIGKILL: 9>
2026-06-08 15:46:37 [warning  ] enforcement_cgroup_freeze_dryrun pid=10047
2026-06-08 15:46:37 [info     ] cwae_decision                  comm=bench confidence=0.92 dry_run=True label=MALICIOUS latency_us=354.53 mitre_ttps=['T1003'] pid=10047 tier=ISOLATE
2026-06-08 15:46:37 [warning  ] enforcement_signal_dryrun      comm=bench pid=10048 signal=<Signals.SIGKILL: 9>
2026-06-08 15:46:37 [warning  ] enforcement_cgroup_freeze_dryrun pid=10048
2026-06-08 15:46:37 [info     ] cwae_decision                  comm=bench confidence=0.92 dry_run=True label=MALICIOUS latency_us=361.22 mitre_ttps=['T1003'] pid=10048 tier=ISOLATE
2026-06-08 15:46:37 [warning  ] enforcement_signal_dryrun      comm=bench pid=10049 signal=<Signals.SIGKILL: 9>
2026-06-08 15:46:37 [warning  ] enforcement_cgroup_freeze_dryrun pid=10049
2026-06-08 15:46:37 [info     ] cwae_decision                  comm=bench confidence=0.92 dry_run=True label=MALICIOUS latency_us=373.51 mitre_ttps=['T1003'] pid=10049 tier=ISOLATE
2026-06-08 15:46:37 [warning  ] enforcement_signal_dryrun      comm=bench pid=10050 signal=<Signals.SIGKILL: 9>
2026-06-08 15:46:37 [warning  ] enforcement_cgroup_freeze_dryrun pid=10050
2026-06-08 15:46:37 [info     ] cwae_decision                  comm=bench confidence=0.92 dry_run=True label=MALICIOUS latency_us=346.61 mitre_ttps=['T1003'] pid=10050 tier=ISOLATE
2026-06-08 15:46:37 [warning  ] enforcement_signal_dryrun      comm=bench pid=10051 signal=<Signals.SIGKILL: 9>
2026-06-08 15:46:37 [warning  ] enforcement_cgroup_freeze_dryrun pid=10051
2026-06-08 15:46:37 [info     ] cwae_decision                  comm=bench confidence=0.92 dry_run=True label=MALICIOUS latency_us=354.58 mitre_ttps=['T1003'] pid=10051 tier=ISOLATE
2026-06-08 15:46:37 [warning  ] enforcement_signal_dryrun      comm=bench pid=10052 signal=<Signals.SIGKILL: 9>
2026-06-08 15:46:37 [warning  ] enforcement_cgroup_freeze_dryrun pid=10052
2026-06-08 15:46:37 [info     ] cwae_decision                  comm=bench confidence=0.92 dry_run=True label=MALICIOUS latency_us=374.5 mitre_ttps=['T1003'] pid=10052 tier=ISOLATE
2026-06-08 15:46:37 [warning  ] enforcement_signal_dryrun      comm=bench pid=10053 signal=<Signals.SIGKILL: 9>
2026-06-08 15:46:37 [warning  ] enforcement_cgroup_freeze_dryrun pid=10053
2026-06-08 15:46:37 [info     ] cwae_decision                  comm=bench confidence=0.92 dry_run=True label=MALICIOUS latency_us=377.45 mitre_ttps=['T1003'] pid=10053 tier=ISOLATE
2026-06-08 15:46:37 [warning  ] enforcement_signal_dryrun      comm=bench pid=10054 signal=<Signals.SIGKILL: 9>
2026-06-08 15:46:37 [warning  ] enforcement_cgroup_freeze_dryrun pid=10054
2026-06-08 15:46:37 [info     ] cwae_decision                  comm=bench confidence=0.92 dry_run=True label=MALICIOUS latency_us=366.19 mitre_ttps=['T1003'] pid=10054 tier=ISOLATE
2026-06-08 15:46:37 [warning  ] enforcement_signal_dryrun      comm=bench pid=10055 signal=<Signals.SIGKILL: 9>
2026-06-08 15:46:37 [warning  ] enforcement_cgroup_freeze_dryrun pid=10055
2026-06-08 15:46:37 [info     ] cwae_decision                  comm=bench confidence=0.92 dry_run=True label=MALICIOUS latency_us=369.33 mitre_ttps=['T1003'] pid=10055 tier=ISOLATE
2026-06-08 15:46:37 [warning  ] enforcement_signal_dryrun      comm=bench pid=10056 signal=<Signals.SIGKILL: 9>
2026-06-08 15:46:37 [warning  ] enforcement_cgroup_freeze_dryrun pid=10056
2026-06-08 15:46:37 [info     ] cwae_decision                  comm=bench confidence=0.92 dry_run=True label=MALICIOUS latency_us=342.44 mitre_ttps=['T1003'] pid=10056 tier=ISOLATE
2026-06-08 15:46:37 [warning  ] enforcement_signal_dryrun      comm=bench pid=10057 signal=<Signals.SIGKILL: 9>
2026-06-08 15:46:37 [warning  ] enforcement_cgroup_freeze_dryrun pid=10057
2026-06-08 15:46:37 [info     ] cwae_decision                  comm=bench confidence=0.92 dry_run=True label=MALICIOUS latency_us=358.45 mitre_ttps=['T1003'] pid=10057 tier=ISOLATE
2026-06-08 15:46:37 [warning  ] enforcement_signal_dryrun      comm=bench pid=10058 signal=<Signals.SIGKILL: 9>
2026-06-08 15:46:37 [warning  ] enforcement_cgroup_freeze_dryrun pid=10058
2026-06-08 15:46:37 [info     ] cwae_decision                  comm=bench confidence=0.92 dry_run=True label=MALICIOUS latency_us=350.01 mitre_ttps=['T1003'] pid=10058 tier=ISOLATE
2026-06-08 15:46:37 [warning  ] enforcement_signal_dryrun      comm=bench pid=10059 signal=<Signals.SIGKILL: 9>
2026-06-08 15:46:37 [warning  ] enforcement_cgroup_freeze_dryrun pid=10059
2026-06-08 15:46:37 [info     ] cwae_decision                  comm=bench confidence=0.92 dry_run=True label=MALICIOUS latency_us=357.77 mitre_ttps=['T1003'] pid=10059 tier=ISOLATE
2026-06-08 15:46:37 [warning  ] enforcement_signal_dryrun      comm=bench pid=10060 signal=<Signals.SIGKILL: 9>
2026-06-08 15:46:37 [warning  ] enforcement_cgroup_freeze_dryrun pid=10060
2026-06-08 15:46:37 [info     ] cwae_decision                  comm=bench confidence=0.92 dry_run=True label=MALICIOUS latency_us=341.0 mitre_ttps=['T1003'] pid=10060 tier=ISOLATE
2026-06-08 15:46:37 [warning  ] enforcement_signal_dryrun      comm=bench pid=10061 signal=<Signals.SIGKILL: 9>
2026-06-08 15:46:37 [warning  ] enforcement_cgroup_freeze_dryrun pid=10061
2026-06-08 15:46:37 [info     ] cwae_decision                  comm=bench confidence=0.92 dry_run=True label=MALICIOUS latency_us=366.77 mitre_ttps=['T1003'] pid=10061 tier=ISOLATE
2026-06-08 15:46:37 [warning  ] enforcement_signal_dryrun      comm=bench pid=10062 signal=<Signals.SIGKILL: 9>
2026-06-08 15:46:37 [warning  ] enforcement_cgroup_freeze_dryrun pid=10062
2026-06-08 15:46:37 [info     ] cwae_decision                  comm=bench confidence=0.92 dry_run=True label=MALICIOUS latency_us=360.24 mitre_ttps=['T1003'] pid=10062 tier=ISOLATE
2026-06-08 15:46:37 [warning  ] enforcement_signal_dryrun      comm=bench pid=10063 signal=<Signals.SIGKILL: 9>
2026-06-08 15:46:37 [warning  ] enforcement_cgroup_freeze_dryrun pid=10063
2026-06-08 15:46:37 [info     ] cwae_decision                  comm=bench confidence=0.92 dry_run=True label=MALICIOUS latency_us=358.26 mitre_ttps=['T1003'] pid=10063 tier=ISOLATE
2026-06-08 15:46:37 [warning  ] enforcement_signal_dryrun      comm=bench pid=10064 signal=<Signals.SIGKILL: 9>
2026-06-08 15:46:37 [warning  ] enforcement_cgroup_freeze_dryrun pid=10064
2026-06-08 15:46:37 [info     ] cwae_decision                  comm=bench confidence=0.92 dry_run=True label=MALICIOUS latency_us=363.1 mitre_ttps=['T1003'] pid=10064 tier=ISOLATE
2026-06-08 15:46:37 [warning  ] enforcement_signal_dryrun      comm=bench pid=10065 signal=<Signals.SIGKILL: 9>
2026-06-08 15:46:37 [warning  ] enforcement_cgroup_freeze_dryrun pid=10065
2026-06-08 15:46:37 [info     ] cwae_decision                  comm=bench confidence=0.92 dry_run=True label=MALICIOUS latency_us=341.53 mitre_ttps=['T1003'] pid=10065 tier=ISOLATE
2026-06-08 15:46:37 [warning  ] enforcement_signal_dryrun      comm=bench pid=10066 signal=<Signals.SIGKILL: 9>
2026-06-08 15:46:37 [warning  ] enforcement_cgroup_freeze_dryrun pid=10066
2026-06-08 15:46:37 [info     ] cwae_decision                  comm=bench confidence=0.92 dry_run=True label=MALICIOUS latency_us=360.16 mitre_ttps=['T1003'] pid=10066 tier=ISOLATE
2026-06-08 15:46:37 [warning  ] enforcement_signal_dryrun      comm=bench pid=10067 signal=<Signals.SIGKILL: 9>
2026-06-08 15:46:37 [warning  ] enforcement_cgroup_freeze_dryrun pid=10067
2026-06-08 15:46:37 [info     ] cwae_decision                  comm=bench confidence=0.92 dry_run=True label=MALICIOUS latency_us=350.07 mitre_ttps=['T1003'] pid=10067 tier=ISOLATE
2026-06-08 15:46:37 [warning  ] enforcement_signal_dryrun      comm=bench pid=10068 signal=<Signals.SIGKILL: 9>
2026-06-08 15:46:37 [warning  ] enforcement_cgroup_freeze_dryrun pid=10068
2026-06-08 15:46:37 [info     ] cwae_decision                  comm=bench confidence=0.92 dry_run=True label=MALICIOUS latency_us=341.7 mitre_ttps=['T1003'] pid=10068 tier=ISOLATE
2026-06-08 15:46:37 [warning  ] enforcement_signal_dryrun      comm=bench pid=10069 signal=<Signals.SIGKILL: 9>
2026-06-08 15:46:37 [warning  ] enforcement_cgroup_freeze_dryrun pid=10069
2026-06-08 15:46:37 [info     ] cwae_decision                  comm=bench confidence=0.92 dry_run=True label=MALICIOUS latency_us=343.14 mitre_ttps=['T1003'] pid=10069 tier=ISOLATE
2026-06-08 15:46:37 [warning  ] enforcement_signal_dryrun      comm=bench pid=10070 signal=<Signals.SIGKILL: 9>
2026-06-08 15:46:37 [warning  ] enforcement_cgroup_freeze_dryrun pid=10070
2026-06-08 15:46:37 [info     ] cwae_decision                  comm=bench confidence=0.92 dry_run=True label=MALICIOUS latency_us=354.26 mitre_ttps=['T1003'] pid=10070 tier=ISOLATE
2026-06-08 15:46:37 [warning  ] enforcement_signal_dryrun      comm=bench pid=10071 signal=<Signals.SIGKILL: 9>
2026-06-08 15:46:37 [warning  ] enforcement_cgroup_freeze_dryrun pid=10071
2026-06-08 15:46:37 [info     ] cwae_decision                  comm=bench confidence=0.92 dry_run=True label=MALICIOUS latency_us=367.6 mitre_ttps=['T1003'] pid=10071 tier=ISOLATE
2026-06-08 15:46:37 [warning  ] enforcement_signal_dryrun      comm=bench pid=10072 signal=<Signals.SIGKILL: 9>
2026-06-08 15:46:37 [warning  ] enforcement_cgroup_freeze_dryrun pid=10072
2026-06-08 15:46:37 [info     ] cwae_decision                  comm=bench confidence=0.92 dry_run=True label=MALICIOUS latency_us=365.36 mitre_ttps=['T1003'] pid=10072 tier=ISOLATE
2026-06-08 15:46:37 [warning  ] enforcement_signal_dryrun      comm=bench pid=10073 signal=<Signals.SIGKILL: 9>
2026-06-08 15:46:37 [warning  ] enforcement_cgroup_freeze_dryrun pid=10073
2026-06-08 15:46:37 [info     ] cwae_decision                  comm=bench confidence=0.92 dry_run=True label=MALICIOUS latency_us=364.06 mitre_ttps=['T1003'] pid=10073 tier=ISOLATE
2026-06-08 15:46:37 [warning  ] enforcement_signal_dryrun      comm=bench pid=10074 signal=<Signals.SIGKILL: 9>
2026-06-08 15:46:37 [warning  ] enforcement_cgroup_freeze_dryrun pid=10074
2026-06-08 15:46:37 [info     ] cwae_decision                  comm=bench confidence=0.92 dry_run=True label=MALICIOUS latency_us=341.4 mitre_ttps=['T1003'] pid=10074 tier=ISOLATE
2026-06-08 15:46:37 [warning  ] enforcement_signal_dryrun      comm=bench pid=10075 signal=<Signals.SIGKILL: 9>
2026-06-08 15:46:37 [warning  ] enforcement_cgroup_freeze_dryrun pid=10075
2026-06-08 15:46:37 [info     ] cwae_decision                  comm=bench confidence=0.92 dry_run=True label=MALICIOUS latency_us=364.57 mitre_ttps=['T1003'] pid=10075 tier=ISOLATE
2026-06-08 15:46:37 [warning  ] enforcement_signal_dryrun      comm=bench pid=10076 signal=<Signals.SIGKILL: 9>
2026-06-08 15:46:37 [warning  ] enforcement_cgroup_freeze_dryrun pid=10076
2026-06-08 15:46:37 [info     ] cwae_decision                  comm=bench confidence=0.92 dry_run=True label=MALICIOUS latency_us=349.84 mitre_ttps=['T1003'] pid=10076 tier=ISOLATE
2026-06-08 15:46:37 [warning  ] enforcement_signal_dryrun      comm=bench pid=10077 signal=<Signals.SIGKILL: 9>
2026-06-08 15:46:37 [warning  ] enforcement_cgroup_freeze_dryrun pid=10077
2026-06-08 15:46:37 [info     ] cwae_decision                  comm=bench confidence=0.92 dry_run=True label=MALICIOUS latency_us=343.44 mitre_ttps=['T1003'] pid=10077 tier=ISOLATE
2026-06-08 15:46:37 [warning  ] enforcement_signal_dryrun      comm=bench pid=10078 signal=<Signals.SIGKILL: 9>
2026-06-08 15:46:37 [warning  ] enforcement_cgroup_freeze_dryrun pid=10078
2026-06-08 15:46:37 [info     ] cwae_decision                  comm=bench confidence=0.92 dry_run=True label=MALICIOUS latency_us=348.44 mitre_ttps=['T1003'] pid=10078 tier=ISOLATE
2026-06-08 15:46:37 [warning  ] enforcement_signal_dryrun      comm=bench pid=10079 signal=<Signals.SIGKILL: 9>
2026-06-08 15:46:37 [warning  ] enforcement_cgroup_freeze_dryrun pid=10079
2026-06-08 15:46:37 [info     ] cwae_decision                  comm=bench confidence=0.92 dry_run=True label=MALICIOUS latency_us=354.66 mitre_ttps=['T1003'] pid=10079 tier=ISOLATE
2026-06-08 15:46:37 [warning  ] enforcement_signal_dryrun      comm=bench pid=10080 signal=<Signals.SIGKILL: 9>
2026-06-08 15:46:37 [warning  ] enforcement_cgroup_freeze_dryrun pid=10080
2026-06-08 15:46:37 [info     ] cwae_decision                  comm=bench confidence=0.92 dry_run=True label=MALICIOUS latency_us=385.82 mitre_ttps=['T1003'] pid=10080 tier=ISOLATE
2026-06-08 15:46:37 [warning  ] enforcement_signal_dryrun      comm=bench pid=10081 signal=<Signals.SIGKILL: 9>
2026-06-08 15:46:37 [warning  ] enforcement_cgroup_freeze_dryrun pid=10081
2026-06-08 15:46:37 [info     ] cwae_decision                  comm=bench confidence=0.92 dry_run=True label=MALICIOUS latency_us=360.73 mitre_ttps=['T1003'] pid=10081 tier=ISOLATE
2026-06-08 15:46:37 [warning  ] enforcement_signal_dryrun      comm=bench pid=10082 signal=<Signals.SIGKILL: 9>
2026-06-08 15:46:37 [warning  ] enforcement_cgroup_freeze_dryrun pid=10082
2026-06-08 15:46:37 [info     ] cwae_decision                  comm=bench confidence=0.92 dry_run=True label=MALICIOUS latency_us=351.06 mitre_ttps=['T1003'] pid=10082 tier=ISOLATE
2026-06-08 15:46:37 [warning  ] enforcement_signal_dryrun      comm=bench pid=10083 signal=<Signals.SIGKILL: 9>
2026-06-08 15:46:37 [warning  ] enforcement_cgroup_freeze_dryrun pid=10083
2026-06-08 15:46:37 [info     ] cwae_decision                  comm=bench confidence=0.92 dry_run=True label=MALICIOUS latency_us=356.52 mitre_ttps=['T1003'] pid=10083 tier=ISOLATE
2026-06-08 15:46:37 [warning  ] enforcement_signal_dryrun      comm=bench pid=10084 signal=<Signals.SIGKILL: 9>
2026-06-08 15:46:37 [warning  ] enforcement_cgroup_freeze_dryrun pid=10084
2026-06-08 15:46:37 [info     ] cwae_decision                  comm=bench confidence=0.92 dry_run=True label=MALICIOUS latency_us=358.08 mitre_ttps=['T1003'] pid=10084 tier=ISOLATE
2026-06-08 15:46:37 [warning  ] enforcement_signal_dryrun      comm=bench pid=10085 signal=<Signals.SIGKILL: 9>
2026-06-08 15:46:37 [warning  ] enforcement_cgroup_freeze_dryrun pid=10085
2026-06-08 15:46:37 [info     ] cwae_decision                  comm=bench confidence=0.92 dry_run=True label=MALICIOUS latency_us=350.08 mitre_ttps=['T1003'] pid=10085 tier=ISOLATE
2026-06-08 15:46:37 [warning  ] enforcement_signal_dryrun      comm=bench pid=10086 signal=<Signals.SIGKILL: 9>
2026-06-08 15:46:37 [warning  ] enforcement_cgroup_freeze_dryrun pid=10086
2026-06-08 15:46:37 [info     ] cwae_decision                  comm=bench confidence=0.92 dry_run=True label=MALICIOUS latency_us=349.22 mitre_ttps=['T1003'] pid=10086 tier=ISOLATE
2026-06-08 15:46:37 [warning  ] enforcement_signal_dryrun      comm=bench pid=10087 signal=<Signals.SIGKILL: 9>
2026-06-08 15:46:37 [warning  ] enforcement_cgroup_freeze_dryrun pid=10087
2026-06-08 15:46:37 [info     ] cwae_decision                  comm=bench confidence=0.92 dry_run=True label=MALICIOUS latency_us=345.03 mitre_ttps=['T1003'] pid=10087 tier=ISOLATE
2026-06-08 15:46:37 [warning  ] enforcement_signal_dryrun      comm=bench pid=10088 signal=<Signals.SIGKILL: 9>
2026-06-08 15:46:37 [warning  ] enforcement_cgroup_freeze_dryrun pid=10088
2026-06-08 15:46:37 [info     ] cwae_decision                  comm=bench confidence=0.92 dry_run=True label=MALICIOUS latency_us=361.46 mitre_ttps=['T1003'] pid=10088 tier=ISOLATE
2026-06-08 15:46:37 [warning  ] enforcement_signal_dryrun      comm=bench pid=10089 signal=<Signals.SIGKILL: 9>
2026-06-08 15:46:37 [warning  ] enforcement_cgroup_freeze_dryrun pid=10089
2026-06-08 15:46:37 [info     ] cwae_decision                  comm=bench confidence=0.92 dry_run=True label=MALICIOUS latency_us=361.79 mitre_ttps=['T1003'] pid=10089 tier=ISOLATE
2026-06-08 15:46:37 [warning  ] enforcement_signal_dryrun      comm=bench pid=10090 signal=<Signals.SIGKILL: 9>
2026-06-08 15:46:37 [warning  ] enforcement_cgroup_freeze_dryrun pid=10090
2026-06-08 15:46:37 [info     ] cwae_decision                  comm=bench confidence=0.92 dry_run=True label=MALICIOUS latency_us=354.35 mitre_ttps=['T1003'] pid=10090 tier=ISOLATE
2026-06-08 15:46:37 [warning  ] enforcement_signal_dryrun      comm=bench pid=10091 signal=<Signals.SIGKILL: 9>
2026-06-08 15:46:37 [warning  ] enforcement_cgroup_freeze_dryrun pid=10091
2026-06-08 15:46:37 [info     ] cwae_decision                  comm=bench confidence=0.92 dry_run=True label=MALICIOUS latency_us=365.04 mitre_ttps=['T1003'] pid=10091 tier=ISOLATE
2026-06-08 15:46:37 [warning  ] enforcement_signal_dryrun      comm=bench pid=10092 signal=<Signals.SIGKILL: 9>
2026-06-08 15:46:37 [warning  ] enforcement_cgroup_freeze_dryrun pid=10092
2026-06-08 15:46:37 [info     ] cwae_decision                  comm=bench confidence=0.92 dry_run=True label=MALICIOUS latency_us=344.46 mitre_ttps=['T1003'] pid=10092 tier=ISOLATE
2026-06-08 15:46:37 [warning  ] enforcement_signal_dryrun      comm=bench pid=10093 signal=<Signals.SIGKILL: 9>
2026-06-08 15:46:37 [warning  ] enforcement_cgroup_freeze_dryrun pid=10093
2026-06-08 15:46:37 [info     ] cwae_decision                  comm=bench confidence=0.92 dry_run=True label=MALICIOUS latency_us=360.76 mitre_ttps=['T1003'] pid=10093 tier=ISOLATE
2026-06-08 15:46:37 [warning  ] enforcement_signal_dryrun      comm=bench pid=10094 signal=<Signals.SIGKILL: 9>
2026-06-08 15:46:37 [warning  ] enforcement_cgroup_freeze_dryrun pid=10094
2026-06-08 15:46:37 [info     ] cwae_decision                  comm=bench confidence=0.92 dry_run=True label=MALICIOUS latency_us=351.6 mitre_ttps=['T1003'] pid=10094 tier=ISOLATE
2026-06-08 15:46:37 [warning  ] enforcement_signal_dryrun      comm=bench pid=10095 signal=<Signals.SIGKILL: 9>
2026-06-08 15:46:37 [warning  ] enforcement_cgroup_freeze_dryrun pid=10095
2026-06-08 15:46:37 [info     ] cwae_decision                  comm=bench confidence=0.92 dry_run=True label=MALICIOUS latency_us=344.44 mitre_ttps=['T1003'] pid=10095 tier=ISOLATE
2026-06-08 15:46:37 [warning  ] enforcement_signal_dryrun      comm=bench pid=10096 signal=<Signals.SIGKILL: 9>
2026-06-08 15:46:37 [warning  ] enforcement_cgroup_freeze_dryrun pid=10096
2026-06-08 15:46:37 [info     ] cwae_decision                  comm=bench confidence=0.92 dry_run=True label=MALICIOUS latency_us=347.82 mitre_ttps=['T1003'] pid=10096 tier=ISOLATE
2026-06-08 15:46:37 [warning  ] enforcement_signal_dryrun      comm=bench pid=10097 signal=<Signals.SIGKILL: 9>
2026-06-08 15:46:37 [warning  ] enforcement_cgroup_freeze_dryrun pid=10097
2026-06-08 15:46:37 [info     ] cwae_decision                  comm=bench confidence=0.92 dry_run=True label=MALICIOUS latency_us=351.93 mitre_ttps=['T1003'] pid=10097 tier=ISOLATE
2026-06-08 15:46:37 [warning  ] enforcement_signal_dryrun      comm=bench pid=10098 signal=<Signals.SIGKILL: 9>
2026-06-08 15:46:37 [warning  ] enforcement_cgroup_freeze_dryrun pid=10098
2026-06-08 15:46:37 [info     ] cwae_decision                  comm=bench confidence=0.92 dry_run=True label=MALICIOUS latency_us=370.56 mitre_ttps=['T1003'] pid=10098 tier=ISOLATE
2026-06-08 15:46:37 [warning  ] enforcement_signal_dryrun      comm=bench pid=9999 signal=<Signals.SIGKILL: 9>
2026-06-08 15:46:37 [warning  ] enforcement_cgroup_freeze_dryrun pid=9999
2026-06-08 15:46:37 [info     ] cwae_decision                  comm=bench confidence=0.92 dry_run=True label=MALICIOUS latency_us=354.89 mitre_ttps=['T1003'] pid=9999 tier=ISOLATE
2026-06-08 15:46:37 [warning  ] enforcement_signal_dryrun      comm=bench pid=10000 signal=<Signals.SIGKILL: 9>
2026-06-08 15:46:37 [warning  ] enforcement_cgroup_freeze_dryrun pid=10000
2026-06-08 15:46:37 [info     ] cwae_decision                  comm=bench confidence=0.92 dry_run=True label=MALICIOUS latency_us=365.18 mitre_ttps=['T1003'] pid=10000 tier=ISOLATE
2026-06-08 15:46:37 [warning  ] enforcement_signal_dryrun      comm=bench pid=10001 signal=<Signals.SIGKILL: 9>
2026-06-08 15:46:37 [warning  ] enforcement_cgroup_freeze_dryrun pid=10001
2026-06-08 15:46:37 [info     ] cwae_decision                  comm=bench confidence=0.92 dry_run=True label=MALICIOUS latency_us=343.94 mitre_ttps=['T1003'] pid=10001 tier=ISOLATE
2026-06-08 15:46:37 [warning  ] enforcement_signal_dryrun      comm=bench pid=10002 signal=<Signals.SIGKILL: 9>
2026-06-08 15:46:37 [warning  ] enforcement_cgroup_freeze_dryrun pid=10002
2026-06-08 15:46:37 [info     ] cwae_decision                  comm=bench confidence=0.92 dry_run=True label=MALICIOUS latency_us=356.5 mitre_ttps=['T1003'] pid=10002 tier=ISOLATE
2026-06-08 15:46:37 [warning  ] enforcement_signal_dryrun      comm=bench pid=10003 signal=<Signals.SIGKILL: 9>
2026-06-08 15:46:37 [warning  ] enforcement_cgroup_freeze_dryrun pid=10003
2026-06-08 15:46:37 [info     ] cwae_decision                  comm=bench confidence=0.92 dry_run=True label=MALICIOUS latency_us=354.46 mitre_ttps=['T1003'] pid=10003 tier=ISOLATE
2026-06-08 15:46:37 [warning  ] enforcement_signal_dryrun      comm=bench pid=10004 signal=<Signals.SIGKILL: 9>
2026-06-08 15:46:37 [warning  ] enforcement_cgroup_freeze_dryrun pid=10004
2026-06-08 15:46:37 [info     ] cwae_decision                  comm=bench confidence=0.92 dry_run=True label=MALICIOUS latency_us=357.87 mitre_ttps=['T1003'] pid=10004 tier=ISOLATE
2026-06-08 15:46:37 [warning  ] enforcement_signal_dryrun      comm=bench pid=10005 signal=<Signals.SIGKILL: 9>
2026-06-08 15:46:37 [warning  ] enforcement_cgroup_freeze_dryrun pid=10005
2026-06-08 15:46:37 [info     ] cwae_decision                  comm=bench confidence=0.92 dry_run=True label=MALICIOUS latency_us=340.63 mitre_ttps=['T1003'] pid=10005 tier=ISOLATE
2026-06-08 15:46:37 [warning  ] enforcement_signal_dryrun      comm=bench pid=10006 signal=<Signals.SIGKILL: 9>
2026-06-08 15:46:37 [warning  ] enforcement_cgroup_freeze_dryrun pid=10006
2026-06-08 15:46:37 [info     ] cwae_decision                  comm=bench confidence=0.92 dry_run=True label=MALICIOUS latency_us=353.97 mitre_ttps=['T1003'] pid=10006 tier=ISOLATE
2026-06-08 15:46:37 [warning  ] enforcement_signal_dryrun      comm=bench pid=10007 signal=<Signals.SIGKILL: 9>
2026-06-08 15:46:37 [warning  ] enforcement_cgroup_freeze_dryrun pid=10007
2026-06-08 15:46:37 [info     ] cwae_decision                  comm=bench confidence=0.92 dry_run=True label=MALICIOUS latency_us=359.26 mitre_ttps=['T1003'] pid=10007 tier=ISOLATE
2026-06-08 15:46:37 [warning  ] enforcement_signal_dryrun      comm=bench pid=10008 signal=<Signals.SIGKILL: 9>
2026-06-08 15:46:37 [warning  ] enforcement_cgroup_freeze_dryrun pid=10008
2026-06-08 15:46:37 [info     ] cwae_decision                  comm=bench confidence=0.92 dry_run=True label=MALICIOUS latency_us=357.74 mitre_ttps=['T1003'] pid=10008 tier=ISOLATE
2026-06-08 15:46:37 [warning  ] enforcement_signal_dryrun      comm=bench pid=10009 signal=<Signals.SIGKILL: 9>
2026-06-08 15:46:37 [warning  ] enforcement_cgroup_freeze_dryrun pid=10009
2026-06-08 15:46:37 [info     ] cwae_decision                  comm=bench confidence=0.92 dry_run=True label=MALICIOUS latency_us=361.33 mitre_ttps=['T1003'] pid=10009 tier=ISOLATE
2026-06-08 15:46:37 [warning  ] enforcement_signal_dryrun      comm=bench pid=10010 signal=<Signals.SIGKILL: 9>
2026-06-08 15:46:37 [warning  ] enforcement_cgroup_freeze_dryrun pid=10010
2026-06-08 15:46:37 [info     ] cwae_decision                  comm=bench confidence=0.92 dry_run=True label=MALICIOUS latency_us=341.3 mitre_ttps=['T1003'] pid=10010 tier=ISOLATE
2026-06-08 15:46:37 [warning  ] enforcement_signal_dryrun      comm=bench pid=10011 signal=<Signals.SIGKILL: 9>
2026-06-08 15:46:37 [warning  ] enforcement_cgroup_freeze_dryrun pid=10011
2026-06-08 15:46:37 [info     ] cwae_decision                  comm=bench confidence=0.92 dry_run=True label=MALICIOUS latency_us=362.33 mitre_ttps=['T1003'] pid=10011 tier=ISOLATE
2026-06-08 15:46:37 [warning  ] enforcement_signal_dryrun      comm=bench pid=10012 signal=<Signals.SIGKILL: 9>
2026-06-08 15:46:37 [warning  ] enforcement_cgroup_freeze_dryrun pid=10012
2026-06-08 15:46:37 [info     ] cwae_decision                  comm=bench confidence=0.92 dry_run=True label=MALICIOUS latency_us=358.59 mitre_ttps=['T1003'] pid=10012 tier=ISOLATE
2026-06-08 15:46:37 [warning  ] enforcement_signal_dryrun      comm=bench pid=10013 signal=<Signals.SIGKILL: 9>
2026-06-08 15:46:37 [warning  ] enforcement_cgroup_freeze_dryrun pid=10013
2026-06-08 15:46:37 [info     ] cwae_decision                  comm=bench confidence=0.92 dry_run=True label=MALICIOUS latency_us=346.0 mitre_ttps=['T1003'] pid=10013 tier=ISOLATE
2026-06-08 15:46:37 [warning  ] enforcement_signal_dryrun      comm=bench pid=10014 signal=<Signals.SIGKILL: 9>
2026-06-08 15:46:37 [warning  ] enforcement_cgroup_freeze_dryrun pid=10014
2026-06-08 15:46:37 [info     ] cwae_decision                  comm=bench confidence=0.92 dry_run=True label=MALICIOUS latency_us=345.18 mitre_ttps=['T1003'] pid=10014 tier=ISOLATE
2026-06-08 15:46:37 [warning  ] enforcement_signal_dryrun      comm=bench pid=10015 signal=<Signals.SIGKILL: 9>
2026-06-08 15:46:37 [warning  ] enforcement_cgroup_freeze_dryrun pid=10015
2026-06-08 15:46:37 [info     ] cwae_decision                  comm=bench confidence=0.92 dry_run=True label=MALICIOUS latency_us=363.96 mitre_ttps=['T1003'] pid=10015 tier=ISOLATE
2026-06-08 15:46:37 [warning  ] enforcement_signal_dryrun      comm=bench pid=10016 signal=<Signals.SIGKILL: 9>
2026-06-08 15:46:37 [warning  ] enforcement_cgroup_freeze_dryrun pid=10016
2026-06-08 15:46:37 [info     ] cwae_decision                  comm=bench confidence=0.92 dry_run=True label=MALICIOUS latency_us=378.17 mitre_ttps=['T1003'] pid=10016 tier=ISOLATE
2026-06-08 15:46:37 [warning  ] enforcement_signal_dryrun      comm=bench pid=10017 signal=<Signals.SIGKILL: 9>
2026-06-08 15:46:37 [warning  ] enforcement_cgroup_freeze_dryrun pid=10017
2026-06-08 15:46:37 [info     ] cwae_decision                  comm=bench confidence=0.92 dry_run=True label=MALICIOUS latency_us=363.39 mitre_ttps=['T1003'] pid=10017 tier=ISOLATE
2026-06-08 15:46:37 [warning  ] enforcement_signal_dryrun      comm=bench pid=10018 signal=<Signals.SIGKILL: 9>
2026-06-08 15:46:37 [warning  ] enforcement_cgroup_freeze_dryrun pid=10018
2026-06-08 15:46:37 [info     ] cwae_decision                  comm=bench confidence=0.92 dry_run=True label=MALICIOUS latency_us=363.58 mitre_ttps=['T1003'] pid=10018 tier=ISOLATE
2026-06-08 15:46:37 [warning  ] enforcement_signal_dryrun      comm=bench pid=10019 signal=<Signals.SIGKILL: 9>
2026-06-08 15:46:37 [warning  ] enforcement_cgroup_freeze_dryrun pid=10019
2026-06-08 15:46:37 [info     ] cwae_decision                  comm=bench confidence=0.92 dry_run=True label=MALICIOUS latency_us=339.16 mitre_ttps=['T1003'] pid=10019 tier=ISOLATE
2026-06-08 15:46:37 [warning  ] enforcement_signal_dryrun      comm=bench pid=10020 signal=<Signals.SIGKILL: 9>
2026-06-08 15:46:37 [warning  ] enforcement_cgroup_freeze_dryrun pid=10020
2026-06-08 15:46:37 [info     ] cwae_decision                  comm=bench confidence=0.92 dry_run=True label=MALICIOUS latency_us=359.39 mitre_ttps=['T1003'] pid=10020 tier=ISOLATE
2026-06-08 15:46:37 [warning  ] enforcement_signal_dryrun      comm=bench pid=10021 signal=<Signals.SIGKILL: 9>
2026-06-08 15:46:37 [warning  ] enforcement_cgroup_freeze_dryrun pid=10021
2026-06-08 15:46:37 [info     ] cwae_decision                  comm=bench confidence=0.92 dry_run=True label=MALICIOUS latency_us=348.24 mitre_ttps=['T1003'] pid=10021 tier=ISOLATE
2026-06-08 15:46:37 [warning  ] enforcement_signal_dryrun      comm=bench pid=10022 signal=<Signals.SIGKILL: 9>
2026-06-08 15:46:37 [warning  ] enforcement_cgroup_freeze_dryrun pid=10022
2026-06-08 15:46:37 [info     ] cwae_decision                  comm=bench confidence=0.92 dry_run=True label=MALICIOUS latency_us=346.03 mitre_ttps=['T1003'] pid=10022 tier=ISOLATE
2026-06-08 15:46:37 [warning  ] enforcement_signal_dryrun      comm=bench pid=10023 signal=<Signals.SIGKILL: 9>
2026-06-08 15:46:37 [warning  ] enforcement_cgroup_freeze_dryrun pid=10023
2026-06-08 15:46:37 [info     ] cwae_decision                  comm=bench confidence=0.92 dry_run=True label=MALICIOUS latency_us=354.22 mitre_ttps=['T1003'] pid=10023 tier=ISOLATE
2026-06-08 15:46:37 [warning  ] enforcement_signal_dryrun      comm=bench pid=10024 signal=<Signals.SIGKILL: 9>
2026-06-08 15:46:37 [warning  ] enforcement_cgroup_freeze_dryrun pid=10024
2026-06-08 15:46:37 [info     ] cwae_decision                  comm=bench confidence=0.92 dry_run=True label=MALICIOUS latency_us=356.29 mitre_ttps=['T1003'] pid=10024 tier=ISOLATE
2026-06-08 15:46:37 [warning  ] enforcement_signal_dryrun      comm=bench pid=10025 signal=<Signals.SIGKILL: 9>
2026-06-08 15:46:37 [warning  ] enforcement_cgroup_freeze_dryrun pid=10025
2026-06-08 15:46:37 [info     ] cwae_decision                  comm=bench confidence=0.92 dry_run=True label=MALICIOUS latency_us=377.16 mitre_ttps=['T1003'] pid=10025 tier=ISOLATE
2026-06-08 15:46:37 [warning  ] enforcement_signal_dryrun      comm=bench pid=10026 signal=<Signals.SIGKILL: 9>
2026-06-08 15:46:37 [warning  ] enforcement_cgroup_freeze_dryrun pid=10026
2026-06-08 15:46:37 [info     ] cwae_decision                  comm=bench confidence=0.92 dry_run=True label=MALICIOUS latency_us=370.15 mitre_ttps=['T1003'] pid=10026 tier=ISOLATE
2026-06-08 15:46:37 [warning  ] enforcement_signal_dryrun      comm=bench pid=10027 signal=<Signals.SIGKILL: 9>
2026-06-08 15:46:37 [warning  ] enforcement_cgroup_freeze_dryrun pid=10027
2026-06-08 15:46:37 [info     ] cwae_decision                  comm=bench confidence=0.92 dry_run=True label=MALICIOUS latency_us=360.56 mitre_ttps=['T1003'] pid=10027 tier=ISOLATE
2026-06-08 15:46:37 [warning  ] enforcement_signal_dryrun      comm=bench pid=10028 signal=<Signals.SIGKILL: 9>
2026-06-08 15:46:37 [warning  ] enforcement_cgroup_freeze_dryrun pid=10028
2026-06-08 15:46:37 [info     ] cwae_decision                  comm=bench confidence=0.92 dry_run=True label=MALICIOUS latency_us=343.03 mitre_ttps=['T1003'] pid=10028 tier=ISOLATE
2026-06-08 15:46:37 [warning  ] enforcement_signal_dryrun      comm=bench pid=10029 signal=<Signals.SIGKILL: 9>
2026-06-08 15:46:37 [warning  ] enforcement_cgroup_freeze_dryrun pid=10029
2026-06-08 15:46:37 [info     ] cwae_decision                  comm=bench confidence=0.92 dry_run=True label=MALICIOUS latency_us=356.17 mitre_ttps=['T1003'] pid=10029 tier=ISOLATE
2026-06-08 15:46:37 [warning  ] enforcement_signal_dryrun      comm=bench pid=10030 signal=<Signals.SIGKILL: 9>
2026-06-08 15:46:37 [warning  ] enforcement_cgroup_freeze_dryrun pid=10030
2026-06-08 15:46:37 [info     ] cwae_decision                  comm=bench confidence=0.92 dry_run=True label=MALICIOUS latency_us=344.35 mitre_ttps=['T1003'] pid=10030 tier=ISOLATE
2026-06-08 15:46:37 [warning  ] enforcement_signal_dryrun      comm=bench pid=10031 signal=<Signals.SIGKILL: 9>
2026-06-08 15:46:37 [warning  ] enforcement_cgroup_freeze_dryrun pid=10031
2026-06-08 15:46:37 [info     ] cwae_decision                  comm=bench confidence=0.92 dry_run=True label=MALICIOUS latency_us=344.42 mitre_ttps=['T1003'] pid=10031 tier=ISOLATE
2026-06-08 15:46:37 [warning  ] enforcement_signal_dryrun      comm=bench pid=10032 signal=<Signals.SIGKILL: 9>
2026-06-08 15:46:37 [warning  ] enforcement_cgroup_freeze_dryrun pid=10032
2026-06-08 15:46:37 [info     ] cwae_decision                  comm=bench confidence=0.92 dry_run=True label=MALICIOUS latency_us=342.0 mitre_ttps=['T1003'] pid=10032 tier=ISOLATE
2026-06-08 15:46:37 [warning  ] enforcement_signal_dryrun      comm=bench pid=10033 signal=<Signals.SIGKILL: 9>
2026-06-08 15:46:37 [warning  ] enforcement_cgroup_freeze_dryrun pid=10033
2026-06-08 15:46:37 [info     ] cwae_decision                  comm=bench confidence=0.92 dry_run=True label=MALICIOUS latency_us=384.02 mitre_ttps=['T1003'] pid=10033 tier=ISOLATE
2026-06-08 15:46:37 [warning  ] enforcement_signal_dryrun      comm=bench pid=10034 signal=<Signals.SIGKILL: 9>
2026-06-08 15:46:37 [warning  ] enforcement_cgroup_freeze_dryrun pid=10034
2026-06-08 15:46:37 [info     ] cwae_decision                  comm=bench confidence=0.92 dry_run=True label=MALICIOUS latency_us=377.73 mitre_ttps=['T1003'] pid=10034 tier=ISOLATE
2026-06-08 15:46:37 [warning  ] enforcement_signal_dryrun      comm=bench pid=10035 signal=<Signals.SIGKILL: 9>
2026-06-08 15:46:37 [warning  ] enforcement_cgroup_freeze_dryrun pid=10035
2026-06-08 15:46:37 [info     ] cwae_decision                  comm=bench confidence=0.92 dry_run=True label=MALICIOUS latency_us=364.6 mitre_ttps=['T1003'] pid=10035 tier=ISOLATE
2026-06-08 15:46:37 [warning  ] enforcement_signal_dryrun      comm=bench pid=10036 signal=<Signals.SIGKILL: 9>
2026-06-08 15:46:37 [warning  ] enforcement_cgroup_freeze_dryrun pid=10036
2026-06-08 15:46:37 [info     ] cwae_decision                  comm=bench confidence=0.92 dry_run=True label=MALICIOUS latency_us=363.39 mitre_ttps=['T1003'] pid=10036 tier=ISOLATE
2026-06-08 15:46:37 [warning  ] enforcement_signal_dryrun      comm=bench pid=10037 signal=<Signals.SIGKILL: 9>
2026-06-08 15:46:37 [warning  ] enforcement_cgroup_freeze_dryrun pid=10037
2026-06-08 15:46:37 [info     ] cwae_decision                  comm=bench confidence=0.92 dry_run=True label=MALICIOUS latency_us=348.58 mitre_ttps=['T1003'] pid=10037 tier=ISOLATE
2026-06-08 15:46:37 [warning  ] enforcement_signal_dryrun      comm=bench pid=10038 signal=<Signals.SIGKILL: 9>
2026-06-08 15:46:37 [warning  ] enforcement_cgroup_freeze_dryrun pid=10038
2026-06-08 15:46:37 [info     ] cwae_decision                  comm=bench confidence=0.92 dry_run=True label=MALICIOUS latency_us=358.3 mitre_ttps=['T1003'] pid=10038 tier=ISOLATE
2026-06-08 15:46:37 [warning  ] enforcement_signal_dryrun      comm=bench pid=10039 signal=<Signals.SIGKILL: 9>
2026-06-08 15:46:37 [warning  ] enforcement_cgroup_freeze_dryrun pid=10039
2026-06-08 15:46:37 [info     ] cwae_decision                  comm=bench confidence=0.92 dry_run=True label=MALICIOUS latency_us=348.84 mitre_ttps=['T1003'] pid=10039 tier=ISOLATE
2026-06-08 15:46:37 [warning  ] enforcement_signal_dryrun      comm=bench pid=10040 signal=<Signals.SIGKILL: 9>
2026-06-08 15:46:37 [warning  ] enforcement_cgroup_freeze_dryrun pid=10040
2026-06-08 15:46:37 [info     ] cwae_decision                  comm=bench confidence=0.92 dry_run=True label=MALICIOUS latency_us=351.11 mitre_ttps=['T1003'] pid=10040 tier=ISOLATE
2026-06-08 15:46:37 [warning  ] enforcement_signal_dryrun      comm=bench pid=10041 signal=<Signals.SIGKILL: 9>
2026-06-08 15:46:37 [warning  ] enforcement_cgroup_freeze_dryrun pid=10041
2026-06-08 15:46:37 [info     ] cwae_decision                  comm=bench confidence=0.92 dry_run=True label=MALICIOUS latency_us=356.77 mitre_ttps=['T1003'] pid=10041 tier=ISOLATE
2026-06-08 15:46:37 [warning  ] enforcement_signal_dryrun      comm=bench pid=10042 signal=<Signals.SIGKILL: 9>
2026-06-08 15:46:37 [warning  ] enforcement_cgroup_freeze_dryrun pid=10042
2026-06-08 15:46:37 [info     ] cwae_decision                  comm=bench confidence=0.92 dry_run=True label=MALICIOUS latency_us=359.2 mitre_ttps=['T1003'] pid=10042 tier=ISOLATE
2026-06-08 15:46:37 [warning  ] enforcement_signal_dryrun      comm=bench pid=10043 signal=<Signals.SIGKILL: 9>
2026-06-08 15:46:37 [warning  ] enforcement_cgroup_freeze_dryrun pid=10043
2026-06-08 15:46:37 [info     ] cwae_decision                  comm=bench confidence=0.92 dry_run=True label=MALICIOUS latency_us=363.44 mitre_ttps=['T1003'] pid=10043 tier=ISOLATE
2026-06-08 15:46:37 [warning  ] enforcement_signal_dryrun      comm=bench pid=10044 signal=<Signals.SIGKILL: 9>
2026-06-08 15:46:37 [warning  ] enforcement_cgroup_freeze_dryrun pid=10044
2026-06-08 15:46:37 [info     ] cwae_decision                  comm=bench confidence=0.92 dry_run=True label=MALICIOUS latency_us=358.97 mitre_ttps=['T1003'] pid=10044 tier=ISOLATE
2026-06-08 15:46:37 [warning  ] enforcement_signal_dryrun      comm=bench pid=10045 signal=<Signals.SIGKILL: 9>
2026-06-08 15:46:37 [warning  ] enforcement_cgroup_freeze_dryrun pid=10045
2026-06-08 15:46:37 [info     ] cwae_decision                  comm=bench confidence=0.92 dry_run=True label=MALICIOUS latency_us=377.53 mitre_ttps=['T1003'] pid=10045 tier=ISOLATE
2026-06-08 15:46:37 [warning  ] enforcement_signal_dryrun      comm=bench pid=10046 signal=<Signals.SIGKILL: 9>
2026-06-08 15:46:37 [warning  ] enforcement_cgroup_freeze_dryrun pid=10046
2026-06-08 15:46:37 [info     ] cwae_decision                  comm=bench confidence=0.92 dry_run=True label=MALICIOUS latency_us=345.33 mitre_ttps=['T1003'] pid=10046 tier=ISOLATE
2026-06-08 15:46:37 [warning  ] enforcement_signal_dryrun      comm=bench pid=10047 signal=<Signals.SIGKILL: 9>
2026-06-08 15:46:37 [warning  ] enforcement_cgroup_freeze_dryrun pid=10047
2026-06-08 15:46:37 [info     ] cwae_decision                  comm=bench confidence=0.92 dry_run=True label=MALICIOUS latency_us=354.31 mitre_ttps=['T1003'] pid=10047 tier=ISOLATE
2026-06-08 15:46:37 [warning  ] enforcement_signal_dryrun      comm=bench pid=10048 signal=<Signals.SIGKILL: 9>
2026-06-08 15:46:37 [warning  ] enforcement_cgroup_freeze_dryrun pid=10048
2026-06-08 15:46:37 [info     ] cwae_decision                  comm=bench confidence=0.92 dry_run=True label=MALICIOUS latency_us=349.52 mitre_ttps=['T1003'] pid=10048 tier=ISOLATE
2026-06-08 15:46:37 [warning  ] enforcement_signal_dryrun      comm=bench pid=10049 signal=<Signals.SIGKILL: 9>
2026-06-08 15:46:37 [warning  ] enforcement_cgroup_freeze_dryrun pid=10049
2026-06-08 15:46:37 [info     ] cwae_decision                  comm=bench confidence=0.92 dry_run=True label=MALICIOUS latency_us=339.68 mitre_ttps=['T1003'] pid=10049 tier=ISOLATE
2026-06-08 15:46:37 [warning  ] enforcement_signal_dryrun      comm=bench pid=10050 signal=<Signals.SIGKILL: 9>
2026-06-08 15:46:37 [warning  ] enforcement_cgroup_freeze_dryrun pid=10050
2026-06-08 15:46:37 [info     ] cwae_decision                  comm=bench confidence=0.92 dry_run=True label=MALICIOUS latency_us=345.76 mitre_ttps=['T1003'] pid=10050 tier=ISOLATE
2026-06-08 15:46:37 [warning  ] enforcement_signal_dryrun      comm=bench pid=10051 signal=<Signals.SIGKILL: 9>
2026-06-08 15:46:37 [warning  ] enforcement_cgroup_freeze_dryrun pid=10051
2026-06-08 15:46:37 [info     ] cwae_decision                  comm=bench confidence=0.92 dry_run=True label=MALICIOUS latency_us=357.16 mitre_ttps=['T1003'] pid=10051 tier=ISOLATE
2026-06-08 15:46:37 [warning  ] enforcement_signal_dryrun      comm=bench pid=10052 signal=<Signals.SIGKILL: 9>
2026-06-08 15:46:37 [warning  ] enforcement_cgroup_freeze_dryrun pid=10052
2026-06-08 15:46:37 [info     ] cwae_decision                  comm=bench confidence=0.92 dry_run=True label=MALICIOUS latency_us=379.88 mitre_ttps=['T1003'] pid=10052 tier=ISOLATE
2026-06-08 15:46:37 [warning  ] enforcement_signal_dryrun      comm=bench pid=10053 signal=<Signals.SIGKILL: 9>
2026-06-08 15:46:37 [warning  ] enforcement_cgroup_freeze_dryrun pid=10053
2026-06-08 15:46:37 [info     ] cwae_decision                  comm=bench confidence=0.92 dry_run=True label=MALICIOUS latency_us=365.39 mitre_ttps=['T1003'] pid=10053 tier=ISOLATE
2026-06-08 15:46:37 [warning  ] enforcement_signal_dryrun      comm=bench pid=10054 signal=<Signals.SIGKILL: 9>
2026-06-08 15:46:37 [warning  ] enforcement_cgroup_freeze_dryrun pid=10054
2026-06-08 15:46:37 [info     ] cwae_decision                  comm=bench confidence=0.92 dry_run=True label=MALICIOUS latency_us=356.42 mitre_ttps=['T1003'] pid=10054 tier=ISOLATE
2026-06-08 15:46:37 [warning  ] enforcement_signal_dryrun      comm=bench pid=10055 signal=<Signals.SIGKILL: 9>
2026-06-08 15:46:37 [warning  ] enforcement_cgroup_freeze_dryrun pid=10055
2026-06-08 15:46:37 [info     ] cwae_decision                  comm=bench confidence=0.92 dry_run=True label=MALICIOUS latency_us=345.97 mitre_ttps=['T1003'] pid=10055 tier=ISOLATE
2026-06-08 15:46:37 [warning  ] enforcement_signal_dryrun      comm=bench pid=10056 signal=<Signals.SIGKILL: 9>
2026-06-08 15:46:37 [warning  ] enforcement_cgroup_freeze_dryrun pid=10056
2026-06-08 15:46:37 [info     ] cwae_decision                  comm=bench confidence=0.92 dry_run=True label=MALICIOUS latency_us=359.26 mitre_ttps=['T1003'] pid=10056 tier=ISOLATE
2026-06-08 15:46:37 [warning  ] enforcement_signal_dryrun      comm=bench pid=10057 signal=<Signals.SIGKILL: 9>
2026-06-08 15:46:37 [warning  ] enforcement_cgroup_freeze_dryrun pid=10057
2026-06-08 15:46:37 [info     ] cwae_decision                  comm=bench confidence=0.92 dry_run=True label=MALICIOUS latency_us=348.68 mitre_ttps=['T1003'] pid=10057 tier=ISOLATE
2026-06-08 15:46:37 [warning  ] enforcement_signal_dryrun      comm=bench pid=10058 signal=<Signals.SIGKILL: 9>
2026-06-08 15:46:37 [warning  ] enforcement_cgroup_freeze_dryrun pid=10058
2026-06-08 15:46:37 [info     ] cwae_decision                  comm=bench confidence=0.92 dry_run=True label=MALICIOUS latency_us=345.82 mitre_ttps=['T1003'] pid=10058 tier=ISOLATE
2026-06-08 15:46:37 [warning  ] enforcement_signal_dryrun      comm=bench pid=10059 signal=<Signals.SIGKILL: 9>
2026-06-08 15:46:37 [warning  ] enforcement_cgroup_freeze_dryrun pid=10059
2026-06-08 15:46:37 [info     ] cwae_decision                  comm=bench confidence=0.92 dry_run=True label=MALICIOUS latency_us=341.58 mitre_ttps=['T1003'] pid=10059 tier=ISOLATE
2026-06-08 15:46:37 [warning  ] enforcement_signal_dryrun      comm=bench pid=10060 signal=<Signals.SIGKILL: 9>
2026-06-08 15:46:37 [warning  ] enforcement_cgroup_freeze_dryrun pid=10060
2026-06-08 15:46:37 [info     ] cwae_decision                  comm=bench confidence=0.92 dry_run=True label=MALICIOUS latency_us=359.79 mitre_ttps=['T1003'] pid=10060 tier=ISOLATE
2026-06-08 15:46:37 [warning  ] enforcement_signal_dryrun      comm=bench pid=10061 signal=<Signals.SIGKILL: 9>
2026-06-08 15:46:37 [warning  ] enforcement_cgroup_freeze_dryrun pid=10061
2026-06-08 15:46:37 [info     ] cwae_decision                  comm=bench confidence=0.92 dry_run=True label=MALICIOUS latency_us=365.47 mitre_ttps=['T1003'] pid=10061 tier=ISOLATE
2026-06-08 15:46:37 [warning  ] enforcement_signal_dryrun      comm=bench pid=10062 signal=<Signals.SIGKILL: 9>
2026-06-08 15:46:37 [warning  ] enforcement_cgroup_freeze_dryrun pid=10062
2026-06-08 15:46:37 [info     ] cwae_decision                  comm=bench confidence=0.92 dry_run=True label=MALICIOUS latency_us=359.21 mitre_ttps=['T1003'] pid=10062 tier=ISOLATE
2026-06-08 15:46:37 [warning  ] enforcement_signal_dryrun      comm=bench pid=10063 signal=<Signals.SIGKILL: 9>
2026-06-08 15:46:37 [warning  ] enforcement_cgroup_freeze_dryrun pid=10063
2026-06-08 15:46:37 [info     ] cwae_decision                  comm=bench confidence=0.92 dry_run=True label=MALICIOUS latency_us=367.73 mitre_ttps=['T1003'] pid=10063 tier=ISOLATE
2026-06-08 15:46:37 [warning  ] enforcement_signal_dryrun      comm=bench pid=10064 signal=<Signals.SIGKILL: 9>
2026-06-08 15:46:37 [warning  ] enforcement_cgroup_freeze_dryrun pid=10064
2026-06-08 15:46:37 [info     ] cwae_decision                  comm=bench confidence=0.92 dry_run=True label=MALICIOUS latency_us=342.57 mitre_ttps=['T1003'] pid=10064 tier=ISOLATE
2026-06-08 15:46:37 [warning  ] enforcement_signal_dryrun      comm=bench pid=10065 signal=<Signals.SIGKILL: 9>
2026-06-08 15:46:37 [warning  ] enforcement_cgroup_freeze_dryrun pid=10065
2026-06-08 15:46:37 [info     ] cwae_decision                  comm=bench confidence=0.92 dry_run=True label=MALICIOUS latency_us=358.03 mitre_ttps=['T1003'] pid=10065 tier=ISOLATE
2026-06-08 15:46:37 [warning  ] enforcement_signal_dryrun      comm=bench pid=10066 signal=<Signals.SIGKILL: 9>
2026-06-08 15:46:37 [warning  ] enforcement_cgroup_freeze_dryrun pid=10066
2026-06-08 15:46:37 [info     ] cwae_decision                  comm=bench confidence=0.92 dry_run=True label=MALICIOUS latency_us=348.92 mitre_ttps=['T1003'] pid=10066 tier=ISOLATE
2026-06-08 15:46:37 [warning  ] enforcement_signal_dryrun      comm=bench pid=10067 signal=<Signals.SIGKILL: 9>
2026-06-08 15:46:37 [warning  ] enforcement_cgroup_freeze_dryrun pid=10067
2026-06-08 15:46:37 [info     ] cwae_decision                  comm=bench confidence=0.92 dry_run=True label=MALICIOUS latency_us=345.56 mitre_ttps=['T1003'] pid=10067 tier=ISOLATE
2026-06-08 15:46:37 [warning  ] enforcement_signal_dryrun      comm=bench pid=10068 signal=<Signals.SIGKILL: 9>
2026-06-08 15:46:37 [warning  ] enforcement_cgroup_freeze_dryrun pid=10068
2026-06-08 15:46:37 [info     ] cwae_decision                  comm=bench confidence=0.92 dry_run=True label=MALICIOUS latency_us=345.88 mitre_ttps=['T1003'] pid=10068 tier=ISOLATE
2026-06-08 15:46:37 [warning  ] enforcement_signal_dryrun      comm=bench pid=10069 signal=<Signals.SIGKILL: 9>
2026-06-08 15:46:37 [warning  ] enforcement_cgroup_freeze_dryrun pid=10069
2026-06-08 15:46:37 [info     ] cwae_decision                  comm=bench confidence=0.92 dry_run=True label=MALICIOUS latency_us=365.93 mitre_ttps=['T1003'] pid=10069 tier=ISOLATE
2026-06-08 15:46:37 [warning  ] enforcement_signal_dryrun      comm=bench pid=10070 signal=<Signals.SIGKILL: 9>
2026-06-08 15:46:37 [warning  ] enforcement_cgroup_freeze_dryrun pid=10070
2026-06-08 15:46:37 [info     ] cwae_decision                  comm=bench confidence=0.92 dry_run=True label=MALICIOUS latency_us=375.33 mitre_ttps=['T1003'] pid=10070 tier=ISOLATE
2026-06-08 15:46:37 [warning  ] enforcement_signal_dryrun      comm=bench pid=10071 signal=<Signals.SIGKILL: 9>
2026-06-08 15:46:37 [warning  ] enforcement_cgroup_freeze_dryrun pid=10071
2026-06-08 15:46:37 [info     ] cwae_decision                  comm=bench confidence=0.92 dry_run=True label=MALICIOUS latency_us=360.47 mitre_ttps=['T1003'] pid=10071 tier=ISOLATE
2026-06-08 15:46:37 [warning  ] enforcement_signal_dryrun      comm=bench pid=10072 signal=<Signals.SIGKILL: 9>
2026-06-08 15:46:37 [warning  ] enforcement_cgroup_freeze_dryrun pid=10072
2026-06-08 15:46:37 [info     ] cwae_decision                  comm=bench confidence=0.92 dry_run=True label=MALICIOUS latency_us=368.43 mitre_ttps=['T1003'] pid=10072 tier=ISOLATE
2026-06-08 15:46:37 [warning  ] enforcement_signal_dryrun      comm=bench pid=10073 signal=<Signals.SIGKILL: 9>
2026-06-08 15:46:37 [warning  ] enforcement_cgroup_freeze_dryrun pid=10073
2026-06-08 15:46:37 [info     ] cwae_decision                  comm=bench confidence=0.92 dry_run=True label=MALICIOUS latency_us=342.88 mitre_ttps=['T1003'] pid=10073 tier=ISOLATE
2026-06-08 15:46:37 [warning  ] enforcement_signal_dryrun      comm=bench pid=10074 signal=<Signals.SIGKILL: 9>
2026-06-08 15:46:37 [warning  ] enforcement_cgroup_freeze_dryrun pid=10074
2026-06-08 15:46:37 [info     ] cwae_decision                  comm=bench confidence=0.92 dry_run=True label=MALICIOUS latency_us=355.85 mitre_ttps=['T1003'] pid=10074 tier=ISOLATE
2026-06-08 15:46:37 [warning  ] enforcement_signal_dryrun      comm=bench pid=10075 signal=<Signals.SIGKILL: 9>
2026-06-08 15:46:37 [warning  ] enforcement_cgroup_freeze_dryrun pid=10075
2026-06-08 15:46:37 [info     ] cwae_decision                  comm=bench confidence=0.92 dry_run=True label=MALICIOUS latency_us=351.54 mitre_ttps=['T1003'] pid=10075 tier=ISOLATE
2026-06-08 15:46:37 [warning  ] enforcement_signal_dryrun      comm=bench pid=10076 signal=<Signals.SIGKILL: 9>
2026-06-08 15:46:37 [warning  ] enforcement_cgroup_freeze_dryrun pid=10076
2026-06-08 15:46:37 [info     ] cwae_decision                  comm=bench confidence=0.92 dry_run=True label=MALICIOUS latency_us=347.94 mitre_ttps=['T1003'] pid=10076 tier=ISOLATE
2026-06-08 15:46:37 [warning  ] enforcement_signal_dryrun      comm=bench pid=10077 signal=<Signals.SIGKILL: 9>
2026-06-08 15:46:37 [warning  ] enforcement_cgroup_freeze_dryrun pid=10077
2026-06-08 15:46:37 [info     ] cwae_decision                  comm=bench confidence=0.92 dry_run=True label=MALICIOUS latency_us=347.62 mitre_ttps=['T1003'] pid=10077 tier=ISOLATE
2026-06-08 15:46:37 [warning  ] enforcement_signal_dryrun      comm=bench pid=10078 signal=<Signals.SIGKILL: 9>
2026-06-08 15:46:37 [warning  ] enforcement_cgroup_freeze_dryrun pid=10078
2026-06-08 15:46:37 [info     ] cwae_decision                  comm=bench confidence=0.92 dry_run=True label=MALICIOUS latency_us=569.84 mitre_ttps=['T1003'] pid=10078 tier=ISOLATE
2026-06-08 15:46:37 [warning  ] enforcement_signal_dryrun      comm=bench pid=10079 signal=<Signals.SIGKILL: 9>
2026-06-08 15:46:37 [warning  ] enforcement_cgroup_freeze_dryrun pid=10079
2026-06-08 15:46:37 [info     ] cwae_decision                  comm=bench confidence=0.92 dry_run=True label=MALICIOUS latency_us=347.82 mitre_ttps=['T1003'] pid=10079 tier=ISOLATE
2026-06-08 15:46:37 [warning  ] enforcement_signal_dryrun      comm=bench pid=10080 signal=<Signals.SIGKILL: 9>
2026-06-08 15:46:37 [warning  ] enforcement_cgroup_freeze_dryrun pid=10080
2026-06-08 15:46:37 [info     ] cwae_decision                  comm=bench confidence=0.92 dry_run=True label=MALICIOUS latency_us=354.69 mitre_ttps=['T1003'] pid=10080 tier=ISOLATE
2026-06-08 15:46:37 [warning  ] enforcement_signal_dryrun      comm=bench pid=10081 signal=<Signals.SIGKILL: 9>
2026-06-08 15:46:37 [warning  ] enforcement_cgroup_freeze_dryrun pid=10081
2026-06-08 15:46:37 [info     ] cwae_decision                  comm=bench confidence=0.92 dry_run=True label=MALICIOUS latency_us=358.92 mitre_ttps=['T1003'] pid=10081 tier=ISOLATE
2026-06-08 15:46:37 [warning  ] enforcement_signal_dryrun      comm=bench pid=10082 signal=<Signals.SIGKILL: 9>
2026-06-08 15:46:37 [warning  ] enforcement_cgroup_freeze_dryrun pid=10082
2026-06-08 15:46:37 [info     ] cwae_decision                  comm=bench confidence=0.92 dry_run=True label=MALICIOUS latency_us=354.05 mitre_ttps=['T1003'] pid=10082 tier=ISOLATE
2026-06-08 15:46:37 [warning  ] enforcement_signal_dryrun      comm=bench pid=10083 signal=<Signals.SIGKILL: 9>
2026-06-08 15:46:37 [warning  ] enforcement_cgroup_freeze_dryrun pid=10083
2026-06-08 15:46:37 [info     ] cwae_decision                  comm=bench confidence=0.92 dry_run=True label=MALICIOUS latency_us=364.59 mitre_ttps=['T1003'] pid=10083 tier=ISOLATE
2026-06-08 15:46:37 [warning  ] enforcement_signal_dryrun      comm=bench pid=10084 signal=<Signals.SIGKILL: 9>
2026-06-08 15:46:37 [warning  ] enforcement_cgroup_freeze_dryrun pid=10084
2026-06-08 15:46:37 [info     ] cwae_decision                  comm=bench confidence=0.92 dry_run=True label=MALICIOUS latency_us=340.72 mitre_ttps=['T1003'] pid=10084 tier=ISOLATE
2026-06-08 15:46:37 [warning  ] enforcement_signal_dryrun      comm=bench pid=10085 signal=<Signals.SIGKILL: 9>
2026-06-08 15:46:37 [warning  ] enforcement_cgroup_freeze_dryrun pid=10085
2026-06-08 15:46:37 [info     ] cwae_decision                  comm=bench confidence=0.92 dry_run=True label=MALICIOUS latency_us=358.14 mitre_ttps=['T1003'] pid=10085 tier=ISOLATE
2026-06-08 15:46:37 [warning  ] enforcement_signal_dryrun      comm=bench pid=10086 signal=<Signals.SIGKILL: 9>
2026-06-08 15:46:37 [warning  ] enforcement_cgroup_freeze_dryrun pid=10086
2026-06-08 15:46:37 [info     ] cwae_decision                  comm=bench confidence=0.92 dry_run=True label=MALICIOUS latency_us=346.6 mitre_ttps=['T1003'] pid=10086 tier=ISOLATE
2026-06-08 15:46:37 [warning  ] enforcement_signal_dryrun      comm=bench pid=10087 signal=<Signals.SIGKILL: 9>
2026-06-08 15:46:37 [warning  ] enforcement_cgroup_freeze_dryrun pid=10087
2026-06-08 15:46:37 [info     ] cwae_decision                  comm=bench confidence=0.92 dry_run=True label=MALICIOUS latency_us=348.02 mitre_ttps=['T1003'] pid=10087 tier=ISOLATE
2026-06-08 15:46:37 [warning  ] enforcement_signal_dryrun      comm=bench pid=10088 signal=<Signals.SIGKILL: 9>
2026-06-08 15:46:37 [warning  ] enforcement_cgroup_freeze_dryrun pid=10088
2026-06-08 15:46:37 [info     ] cwae_decision                  comm=bench confidence=0.92 dry_run=True label=MALICIOUS latency_us=351.05 mitre_ttps=['T1003'] pid=10088 tier=ISOLATE
2026-06-08 15:46:37 [warning  ] enforcement_signal_dryrun      comm=bench pid=10089 signal=<Signals.SIGKILL: 9>
2026-06-08 15:46:37 [warning  ] enforcement_cgroup_freeze_dryrun pid=10089
2026-06-08 15:46:37 [info     ] cwae_decision                  comm=bench confidence=0.92 dry_run=True label=MALICIOUS latency_us=354.84 mitre_ttps=['T1003'] pid=10089 tier=ISOLATE
2026-06-08 15:46:37 [warning  ] enforcement_signal_dryrun      comm=bench pid=10090 signal=<Signals.SIGKILL: 9>
2026-06-08 15:46:37 [warning  ] enforcement_cgroup_freeze_dryrun pid=10090
2026-06-08 15:46:37 [info     ] cwae_decision                  comm=bench confidence=0.92 dry_run=True label=MALICIOUS latency_us=362.49 mitre_ttps=['T1003'] pid=10090 tier=ISOLATE
2026-06-08 15:46:37 [warning  ] enforcement_signal_dryrun      comm=bench pid=10091 signal=<Signals.SIGKILL: 9>
2026-06-08 15:46:37 [warning  ] enforcement_cgroup_freeze_dryrun pid=10091
2026-06-08 15:46:37 [info     ] cwae_decision                  comm=bench confidence=0.92 dry_run=True label=MALICIOUS latency_us=360.62 mitre_ttps=['T1003'] pid=10091 tier=ISOLATE
2026-06-08 15:46:37 [warning  ] enforcement_signal_dryrun      comm=bench pid=10092 signal=<Signals.SIGKILL: 9>
2026-06-08 15:46:37 [warning  ] enforcement_cgroup_freeze_dryrun pid=10092
2026-06-08 15:46:37 [info     ] cwae_decision                  comm=bench confidence=0.92 dry_run=True label=MALICIOUS latency_us=364.65 mitre_ttps=['T1003'] pid=10092 tier=ISOLATE
2026-06-08 15:46:37 [warning  ] enforcement_signal_dryrun      comm=bench pid=10093 signal=<Signals.SIGKILL: 9>
2026-06-08 15:46:37 [warning  ] enforcement_cgroup_freeze_dryrun pid=10093
2026-06-08 15:46:37 [info     ] cwae_decision                  comm=bench confidence=0.92 dry_run=True label=MALICIOUS latency_us=354.2 mitre_ttps=['T1003'] pid=10093 tier=ISOLATE
2026-06-08 15:46:37 [warning  ] enforcement_signal_dryrun      comm=bench pid=10094 signal=<Signals.SIGKILL: 9>
2026-06-08 15:46:37 [warning  ] enforcement_cgroup_freeze_dryrun pid=10094
2026-06-08 15:46:37 [info     ] cwae_decision                  comm=bench confidence=0.92 dry_run=True label=MALICIOUS latency_us=360.03 mitre_ttps=['T1003'] pid=10094 tier=ISOLATE
2026-06-08 15:46:37 [warning  ] enforcement_signal_dryrun      comm=bench pid=10095 signal=<Signals.SIGKILL: 9>
2026-06-08 15:46:37 [warning  ] enforcement_cgroup_freeze_dryrun pid=10095
2026-06-08 15:46:37 [info     ] cwae_decision                  comm=bench confidence=0.92 dry_run=True label=MALICIOUS latency_us=348.96 mitre_ttps=['T1003'] pid=10095 tier=ISOLATE
2026-06-08 15:46:37 [warning  ] enforcement_signal_dryrun      comm=bench pid=10096 signal=<Signals.SIGKILL: 9>
2026-06-08 15:46:37 [warning  ] enforcement_cgroup_freeze_dryrun pid=10096
2026-06-08 15:46:37 [info     ] cwae_decision                  comm=bench confidence=0.92 dry_run=True label=MALICIOUS latency_us=346.45 mitre_ttps=['T1003'] pid=10096 tier=ISOLATE
2026-06-08 15:46:37 [warning  ] enforcement_signal_dryrun      comm=bench pid=10097 signal=<Signals.SIGKILL: 9>
2026-06-08 15:46:37 [warning  ] enforcement_cgroup_freeze_dryrun pid=10097
2026-06-08 15:46:37 [info     ] cwae_decision                  comm=bench confidence=0.92 dry_run=True label=MALICIOUS latency_us=350.41 mitre_ttps=['T1003'] pid=10097 tier=ISOLATE
2026-06-08 15:46:37 [warning  ] enforcement_signal_dryrun      comm=bench pid=10098 signal=<Signals.SIGKILL: 9>
2026-06-08 15:46:37 [warning  ] enforcement_cgroup_freeze_dryrun pid=10098
2026-06-08 15:46:37 [info     ] cwae_decision                  comm=bench confidence=0.92 dry_run=True label=MALICIOUS latency_us=354.56 mitre_ttps=['T1003'] pid=10098 tier=ISOLATE
2026-06-08 15:46:37 [warning  ] enforcement_signal_dryrun      comm=bench pid=9999 signal=<Signals.SIGKILL: 9>
2026-06-08 15:46:37 [warning  ] enforcement_cgroup_freeze_dryrun pid=9999
2026-06-08 15:46:37 [info     ] cwae_decision                  comm=bench confidence=0.92 dry_run=True label=MALICIOUS latency_us=361.82 mitre_ttps=['T1003'] pid=9999 tier=ISOLATE
2026-06-08 15:46:37 [warning  ] enforcement_signal_dryrun      comm=bench pid=10000 signal=<Signals.SIGKILL: 9>
2026-06-08 15:46:37 [warning  ] enforcement_cgroup_freeze_dryrun pid=10000
2026-06-08 15:46:37 [info     ] cwae_decision                  comm=bench confidence=0.92 dry_run=True label=MALICIOUS latency_us=362.5 mitre_ttps=['T1003'] pid=10000 tier=ISOLATE
2026-06-08 15:46:37 [warning  ] enforcement_signal_dryrun      comm=bench pid=10001 signal=<Signals.SIGKILL: 9>
2026-06-08 15:46:37 [warning  ] enforcement_cgroup_freeze_dryrun pid=10001
2026-06-08 15:46:37 [info     ] cwae_decision                  comm=bench confidence=0.92 dry_run=True label=MALICIOUS latency_us=364.21 mitre_ttps=['T1003'] pid=10001 tier=ISOLATE
2026-06-08 15:46:37 [warning  ] enforcement_signal_dryrun      comm=bench pid=10002 signal=<Signals.SIGKILL: 9>
2026-06-08 15:46:37 [warning  ] enforcement_cgroup_freeze_dryrun pid=10002
2026-06-08 15:46:37 [info     ] cwae_decision                  comm=bench confidence=0.92 dry_run=True label=MALICIOUS latency_us=334.35 mitre_ttps=['T1003'] pid=10002 tier=ISOLATE
2026-06-08 15:46:37 [warning  ] enforcement_signal_dryrun      comm=bench pid=10003 signal=<Signals.SIGKILL: 9>
2026-06-08 15:46:37 [warning  ] enforcement_cgroup_freeze_dryrun pid=10003
2026-06-08 15:46:37 [info     ] cwae_decision                  comm=bench confidence=0.92 dry_run=True label=MALICIOUS latency_us=357.98 mitre_ttps=['T1003'] pid=10003 tier=ISOLATE
2026-06-08 15:46:37 [warning  ] enforcement_signal_dryrun      comm=bench pid=10004 signal=<Signals.SIGKILL: 9>
2026-06-08 15:46:37 [warning  ] enforcement_cgroup_freeze_dryrun pid=10004
2026-06-08 15:46:37 [info     ] cwae_decision                  comm=bench confidence=0.92 dry_run=True label=MALICIOUS latency_us=359.78 mitre_ttps=['T1003'] pid=10004 tier=ISOLATE
2026-06-08 15:46:37 [warning  ] enforcement_signal_dryrun      comm=bench pid=10005 signal=<Signals.SIGKILL: 9>
2026-06-08 15:46:37 [warning  ] enforcement_cgroup_freeze_dryrun pid=10005
2026-06-08 15:46:37 [info     ] cwae_decision                  comm=bench confidence=0.92 dry_run=True label=MALICIOUS latency_us=350.49 mitre_ttps=['T1003'] pid=10005 tier=ISOLATE
2026-06-08 15:46:37 [warning  ] enforcement_signal_dryrun      comm=bench pid=10006 signal=<Signals.SIGKILL: 9>
2026-06-08 15:46:37 [warning  ] enforcement_cgroup_freeze_dryrun pid=10006
2026-06-08 15:46:37 [info     ] cwae_decision                  comm=bench confidence=0.92 dry_run=True label=MALICIOUS latency_us=341.49 mitre_ttps=['T1003'] pid=10006 tier=ISOLATE
2026-06-08 15:46:37 [warning  ] enforcement_signal_dryrun      comm=bench pid=10007 signal=<Signals.SIGKILL: 9>
2026-06-08 15:46:37 [warning  ] enforcement_cgroup_freeze_dryrun pid=10007
2026-06-08 15:46:37 [info     ] cwae_decision                  comm=bench confidence=0.92 dry_run=True label=MALICIOUS latency_us=357.38 mitre_ttps=['T1003'] pid=10007 tier=ISOLATE
2026-06-08 15:46:37 [warning  ] enforcement_signal_dryrun      comm=bench pid=10008 signal=<Signals.SIGKILL: 9>
2026-06-08 15:46:37 [warning  ] enforcement_cgroup_freeze_dryrun pid=10008
2026-06-08 15:46:37 [info     ] cwae_decision                  comm=bench confidence=0.92 dry_run=True label=MALICIOUS latency_us=365.07 mitre_ttps=['T1003'] pid=10008 tier=ISOLATE
2026-06-08 15:46:37 [warning  ] enforcement_signal_dryrun      comm=bench pid=10009 signal=<Signals.SIGKILL: 9>
2026-06-08 15:46:37 [warning  ] enforcement_cgroup_freeze_dryrun pid=10009
2026-06-08 15:46:37 [info     ] cwae_decision                  comm=bench confidence=0.92 dry_run=True label=MALICIOUS latency_us=363.43 mitre_ttps=['T1003'] pid=10009 tier=ISOLATE
2026-06-08 15:46:37 [warning  ] enforcement_signal_dryrun      comm=bench pid=10010 signal=<Signals.SIGKILL: 9>
2026-06-08 15:46:37 [warning  ] enforcement_cgroup_freeze_dryrun pid=10010
2026-06-08 15:46:37 [info     ] cwae_decision                  comm=bench confidence=0.92 dry_run=True label=MALICIOUS latency_us=365.61 mitre_ttps=['T1003'] pid=10010 tier=ISOLATE
2026-06-08 15:46:37 [warning  ] enforcement_signal_dryrun      comm=bench pid=10011 signal=<Signals.SIGKILL: 9>
2026-06-08 15:46:37 [warning  ] enforcement_cgroup_freeze_dryrun pid=10011
2026-06-08 15:46:37 [info     ] cwae_decision                  comm=bench confidence=0.92 dry_run=True label=MALICIOUS latency_us=390.33 mitre_ttps=['T1003'] pid=10011 tier=ISOLATE
2026-06-08 15:46:37 [warning  ] enforcement_signal_dryrun      comm=bench pid=10012 signal=<Signals.SIGKILL: 9>
2026-06-08 15:46:37 [warning  ] enforcement_cgroup_freeze_dryrun pid=10012
2026-06-08 15:46:37 [info     ] cwae_decision                  comm=bench confidence=0.92 dry_run=True label=MALICIOUS latency_us=361.71 mitre_ttps=['T1003'] pid=10012 tier=ISOLATE
2026-06-08 15:46:37 [warning  ] enforcement_signal_dryrun      comm=bench pid=10013 signal=<Signals.SIGKILL: 9>
2026-06-08 15:46:37 [warning  ] enforcement_cgroup_freeze_dryrun pid=10013
2026-06-08 15:46:37 [info     ] cwae_decision                  comm=bench confidence=0.92 dry_run=True label=MALICIOUS latency_us=357.64 mitre_ttps=['T1003'] pid=10013 tier=ISOLATE
2026-06-08 15:46:37 [warning  ] enforcement_signal_dryrun      comm=bench pid=10014 signal=<Signals.SIGKILL: 9>
2026-06-08 15:46:37 [warning  ] enforcement_cgroup_freeze_dryrun pid=10014
2026-06-08 15:46:37 [info     ] cwae_decision                  comm=bench confidence=0.92 dry_run=True label=MALICIOUS latency_us=350.81 mitre_ttps=['T1003'] pid=10014 tier=ISOLATE
2026-06-08 15:46:37 [warning  ] enforcement_signal_dryrun      comm=bench pid=10015 signal=<Signals.SIGKILL: 9>
2026-06-08 15:46:37 [warning  ] enforcement_cgroup_freeze_dryrun pid=10015
2026-06-08 15:46:37 [info     ] cwae_decision                  comm=bench confidence=0.92 dry_run=True label=MALICIOUS latency_us=350.86 mitre_ttps=['T1003'] pid=10015 tier=ISOLATE
2026-06-08 15:46:37 [warning  ] enforcement_signal_dryrun      comm=bench pid=10016 signal=<Signals.SIGKILL: 9>
2026-06-08 15:46:37 [warning  ] enforcement_cgroup_freeze_dryrun pid=10016
2026-06-08 15:46:37 [info     ] cwae_decision                  comm=bench confidence=0.92 dry_run=True label=MALICIOUS latency_us=345.14 mitre_ttps=['T1003'] pid=10016 tier=ISOLATE
2026-06-08 15:46:37 [warning  ] enforcement_signal_dryrun      comm=bench pid=10017 signal=<Signals.SIGKILL: 9>
2026-06-08 15:46:37 [warning  ] enforcement_cgroup_freeze_dryrun pid=10017
2026-06-08 15:46:37 [info     ] cwae_decision                  comm=bench confidence=0.92 dry_run=True label=MALICIOUS latency_us=375.44 mitre_ttps=['T1003'] pid=10017 tier=ISOLATE
2026-06-08 15:46:37 [warning  ] enforcement_signal_dryrun      comm=bench pid=10018 signal=<Signals.SIGKILL: 9>
2026-06-08 15:46:37 [warning  ] enforcement_cgroup_freeze_dryrun pid=10018
2026-06-08 15:46:37 [info     ] cwae_decision                  comm=bench confidence=0.92 dry_run=True label=MALICIOUS latency_us=384.35 mitre_ttps=['T1003'] pid=10018 tier=ISOLATE
2026-06-08 15:46:37 [warning  ] enforcement_signal_dryrun      comm=bench pid=10019 signal=<Signals.SIGKILL: 9>
2026-06-08 15:46:37 [warning  ] enforcement_cgroup_freeze_dryrun pid=10019
2026-06-08 15:46:37 [info     ] cwae_decision                  comm=bench confidence=0.92 dry_run=True label=MALICIOUS latency_us=365.92 mitre_ttps=['T1003'] pid=10019 tier=ISOLATE
2026-06-08 15:46:37 [warning  ] enforcement_signal_dryrun      comm=bench pid=10020 signal=<Signals.SIGKILL: 9>
2026-06-08 15:46:37 [warning  ] enforcement_cgroup_freeze_dryrun pid=10020
2026-06-08 15:46:37 [info     ] cwae_decision                  comm=bench confidence=0.92 dry_run=True label=MALICIOUS latency_us=365.37 mitre_ttps=['T1003'] pid=10020 tier=ISOLATE
2026-06-08 15:46:37 [warning  ] enforcement_signal_dryrun      comm=bench pid=10021 signal=<Signals.SIGKILL: 9>
2026-06-08 15:46:37 [warning  ] enforcement_cgroup_freeze_dryrun pid=10021
2026-06-08 15:46:37 [info     ] cwae_decision                  comm=bench confidence=0.92 dry_run=True label=MALICIOUS latency_us=347.34 mitre_ttps=['T1003'] pid=10021 tier=ISOLATE
2026-06-08 15:46:37 [warning  ] enforcement_signal_dryrun      comm=bench pid=10022 signal=<Signals.SIGKILL: 9>
2026-06-08 15:46:37 [warning  ] enforcement_cgroup_freeze_dryrun pid=10022
2026-06-08 15:46:37 [info     ] cwae_decision                  comm=bench confidence=0.92 dry_run=True label=MALICIOUS latency_us=360.33 mitre_ttps=['T1003'] pid=10022 tier=ISOLATE
2026-06-08 15:46:37 [warning  ] enforcement_signal_dryrun      comm=bench pid=10023 signal=<Signals.SIGKILL: 9>
2026-06-08 15:46:37 [warning  ] enforcement_cgroup_freeze_dryrun pid=10023
2026-06-08 15:46:37 [info     ] cwae_decision                  comm=bench confidence=0.92 dry_run=True label=MALICIOUS latency_us=340.31 mitre_ttps=['T1003'] pid=10023 tier=ISOLATE
2026-06-08 15:46:37 [warning  ] enforcement_signal_dryrun      comm=bench pid=10024 signal=<Signals.SIGKILL: 9>
2026-06-08 15:46:37 [warning  ] enforcement_cgroup_freeze_dryrun pid=10024
2026-06-08 15:46:37 [info     ] cwae_decision                  comm=bench confidence=0.92 dry_run=True label=MALICIOUS latency_us=344.01 mitre_ttps=['T1003'] pid=10024 tier=ISOLATE
2026-06-08 15:46:37 [warning  ] enforcement_signal_dryrun      comm=bench pid=10025 signal=<Signals.SIGKILL: 9>
2026-06-08 15:46:37 [warning  ] enforcement_cgroup_freeze_dryrun pid=10025
2026-06-08 15:46:37 [info     ] cwae_decision                  comm=bench confidence=0.92 dry_run=True label=MALICIOUS latency_us=345.77 mitre_ttps=['T1003'] pid=10025 tier=ISOLATE
2026-06-08 15:46:37 [warning  ] enforcement_signal_dryrun      comm=bench pid=10026 signal=<Signals.SIGKILL: 9>
2026-06-08 15:46:37 [warning  ] enforcement_cgroup_freeze_dryrun pid=10026
2026-06-08 15:46:37 [info     ] cwae_decision                  comm=bench confidence=0.92 dry_run=True label=MALICIOUS latency_us=366.28 mitre_ttps=['T1003'] pid=10026 tier=ISOLATE
2026-06-08 15:46:37 [warning  ] enforcement_signal_dryrun      comm=bench pid=10027 signal=<Signals.SIGKILL: 9>
2026-06-08 15:46:37 [warning  ] enforcement_cgroup_freeze_dryrun pid=10027
2026-06-08 15:46:37 [info     ] cwae_decision                  comm=bench confidence=0.92 dry_run=True label=MALICIOUS latency_us=379.27 mitre_ttps=['T1003'] pid=10027 tier=ISOLATE
2026-06-08 15:46:37 [warning  ] enforcement_signal_dryrun      comm=bench pid=10028 signal=<Signals.SIGKILL: 9>
2026-06-08 15:46:37 [warning  ] enforcement_cgroup_freeze_dryrun pid=10028
2026-06-08 15:46:37 [info     ] cwae_decision                  comm=bench confidence=0.92 dry_run=True label=MALICIOUS latency_us=359.57 mitre_ttps=['T1003'] pid=10028 tier=ISOLATE
2026-06-08 15:46:37 [warning  ] enforcement_signal_dryrun      comm=bench pid=10029 signal=<Signals.SIGKILL: 9>
2026-06-08 15:46:37 [warning  ] enforcement_cgroup_freeze_dryrun pid=10029
2026-06-08 15:46:37 [info     ] cwae_decision                  comm=bench confidence=0.92 dry_run=True label=MALICIOUS latency_us=361.95 mitre_ttps=['T1003'] pid=10029 tier=ISOLATE
2026-06-08 15:46:37 [warning  ] enforcement_signal_dryrun      comm=bench pid=10030 signal=<Signals.SIGKILL: 9>
2026-06-08 15:46:37 [warning  ] enforcement_cgroup_freeze_dryrun pid=10030
2026-06-08 15:46:37 [info     ] cwae_decision                  comm=bench confidence=0.92 dry_run=True label=MALICIOUS latency_us=348.09 mitre_ttps=['T1003'] pid=10030 tier=ISOLATE
2026-06-08 15:46:37 [warning  ] enforcement_signal_dryrun      comm=bench pid=10031 signal=<Signals.SIGKILL: 9>
2026-06-08 15:46:37 [warning  ] enforcement_cgroup_freeze_dryrun pid=10031
2026-06-08 15:46:37 [info     ] cwae_decision                  comm=bench confidence=0.92 dry_run=True label=MALICIOUS latency_us=368.14 mitre_ttps=['T1003'] pid=10031 tier=ISOLATE
2026-06-08 15:46:37 [warning  ] enforcement_signal_dryrun      comm=bench pid=10032 signal=<Signals.SIGKILL: 9>
2026-06-08 15:46:37 [warning  ] enforcement_cgroup_freeze_dryrun pid=10032
2026-06-08 15:46:37 [info     ] cwae_decision                  comm=bench confidence=0.92 dry_run=True label=MALICIOUS latency_us=351.38 mitre_ttps=['T1003'] pid=10032 tier=ISOLATE
2026-06-08 15:46:37 [warning  ] enforcement_signal_dryrun      comm=bench pid=10033 signal=<Signals.SIGKILL: 9>
2026-06-08 15:46:37 [warning  ] enforcement_cgroup_freeze_dryrun pid=10033
2026-06-08 15:46:37 [info     ] cwae_decision                  comm=bench confidence=0.92 dry_run=True label=MALICIOUS latency_us=349.53 mitre_ttps=['T1003'] pid=10033 tier=ISOLATE
2026-06-08 15:46:37 [warning  ] enforcement_signal_dryrun      comm=bench pid=10034 signal=<Signals.SIGKILL: 9>
2026-06-08 15:46:37 [warning  ] enforcement_cgroup_freeze_dryrun pid=10034
2026-06-08 15:46:37 [info     ] cwae_decision                  comm=bench confidence=0.92 dry_run=True label=MALICIOUS latency_us=342.59 mitre_ttps=['T1003'] pid=10034 tier=ISOLATE
2026-06-08 15:46:37 [warning  ] enforcement_signal_dryrun      comm=bench pid=10035 signal=<Signals.SIGKILL: 9>
2026-06-08 15:46:37 [warning  ] enforcement_cgroup_freeze_dryrun pid=10035
2026-06-08 15:46:37 [info     ] cwae_decision                  comm=bench confidence=0.92 dry_run=True label=MALICIOUS latency_us=356.02 mitre_ttps=['T1003'] pid=10035 tier=ISOLATE
2026-06-08 15:46:37 [warning  ] enforcement_signal_dryrun      comm=bench pid=10036 signal=<Signals.SIGKILL: 9>
2026-06-08 15:46:37 [warning  ] enforcement_cgroup_freeze_dryrun pid=10036
2026-06-08 15:46:37 [info     ] cwae_decision                  comm=bench confidence=0.92 dry_run=True label=MALICIOUS latency_us=381.86 mitre_ttps=['T1003'] pid=10036 tier=ISOLATE
2026-06-08 15:46:37 [warning  ] enforcement_signal_dryrun      comm=bench pid=10037 signal=<Signals.SIGKILL: 9>
2026-06-08 15:46:37 [warning  ] enforcement_cgroup_freeze_dryrun pid=10037
2026-06-08 15:46:37 [info     ] cwae_decision                  comm=bench confidence=0.92 dry_run=True label=MALICIOUS latency_us=373.98 mitre_ttps=['T1003'] pid=10037 tier=ISOLATE
2026-06-08 15:46:37 [warning  ] enforcement_signal_dryrun      comm=bench pid=10038 signal=<Signals.SIGKILL: 9>
2026-06-08 15:46:37 [warning  ] enforcement_cgroup_freeze_dryrun pid=10038
2026-06-08 15:46:37 [info     ] cwae_decision                  comm=bench confidence=0.92 dry_run=True label=MALICIOUS latency_us=348.62 mitre_ttps=['T1003'] pid=10038 tier=ISOLATE
2026-06-08 15:46:37 [warning  ] enforcement_signal_dryrun      comm=bench pid=10039 signal=<Signals.SIGKILL: 9>
2026-06-08 15:46:37 [warning  ] enforcement_cgroup_freeze_dryrun pid=10039
2026-06-08 15:46:37 [info     ] cwae_decision                  comm=bench confidence=0.92 dry_run=True label=MALICIOUS latency_us=344.7 mitre_ttps=['T1003'] pid=10039 tier=ISOLATE
2026-06-08 15:46:37 [warning  ] enforcement_signal_dryrun      comm=bench pid=10040 signal=<Signals.SIGKILL: 9>
2026-06-08 15:46:37 [warning  ] enforcement_cgroup_freeze_dryrun pid=10040
2026-06-08 15:46:37 [info     ] cwae_decision                  comm=bench confidence=0.92 dry_run=True label=MALICIOUS latency_us=351.27 mitre_ttps=['T1003'] pid=10040 tier=ISOLATE
2026-06-08 15:46:37 [warning  ] enforcement_signal_dryrun      comm=bench pid=10041 signal=<Signals.SIGKILL: 9>
2026-06-08 15:46:37 [warning  ] enforcement_cgroup_freeze_dryrun pid=10041
2026-06-08 15:46:37 [info     ] cwae_decision                  comm=bench confidence=0.92 dry_run=True label=MALICIOUS latency_us=348.36 mitre_ttps=['T1003'] pid=10041 tier=ISOLATE
2026-06-08 15:46:37 [warning  ] enforcement_signal_dryrun      comm=bench pid=10042 signal=<Signals.SIGKILL: 9>
2026-06-08 15:46:37 [warning  ] enforcement_cgroup_freeze_dryrun pid=10042
2026-06-08 15:46:37 [info     ] cwae_decision                  comm=bench confidence=0.92 dry_run=True label=MALICIOUS latency_us=346.17 mitre_ttps=['T1003'] pid=10042 tier=ISOLATE
2026-06-08 15:46:37 [warning  ] enforcement_signal_dryrun      comm=bench pid=10043 signal=<Signals.SIGKILL: 9>
2026-06-08 15:46:37 [warning  ] enforcement_cgroup_freeze_dryrun pid=10043
2026-06-08 15:46:37 [info     ] cwae_decision                  comm=bench confidence=0.92 dry_run=True label=MALICIOUS latency_us=338.06 mitre_ttps=['T1003'] pid=10043 tier=ISOLATE
2026-06-08 15:46:37 [warning  ] enforcement_signal_dryrun      comm=bench pid=10044 signal=<Signals.SIGKILL: 9>
2026-06-08 15:46:37 [warning  ] enforcement_cgroup_freeze_dryrun pid=10044
2026-06-08 15:46:37 [info     ] cwae_decision                  comm=bench confidence=0.92 dry_run=True label=MALICIOUS latency_us=368.62 mitre_ttps=['T1003'] pid=10044 tier=ISOLATE
2026-06-08 15:46:37 [warning  ] enforcement_signal_dryrun      comm=bench pid=10045 signal=<Signals.SIGKILL: 9>
2026-06-08 15:46:37 [warning  ] enforcement_cgroup_freeze_dryrun pid=10045
2026-06-08 15:46:37 [info     ] cwae_decision                  comm=bench confidence=0.92 dry_run=True label=MALICIOUS latency_us=379.53 mitre_ttps=['T1003'] pid=10045 tier=ISOLATE
2026-06-08 15:46:37 [warning  ] enforcement_signal_dryrun      comm=bench pid=10046 signal=<Signals.SIGKILL: 9>
2026-06-08 15:46:37 [warning  ] enforcement_cgroup_freeze_dryrun pid=10046
2026-06-08 15:46:37 [info     ] cwae_decision                  comm=bench confidence=0.92 dry_run=True label=MALICIOUS latency_us=367.28 mitre_ttps=['T1003'] pid=10046 tier=ISOLATE
2026-06-08 15:46:37 [warning  ] enforcement_signal_dryrun      comm=bench pid=10047 signal=<Signals.SIGKILL: 9>
2026-06-08 15:46:37 [warning  ] enforcement_cgroup_freeze_dryrun pid=10047
2026-06-08 15:46:37 [info     ] cwae_decision                  comm=bench confidence=0.92 dry_run=True label=MALICIOUS latency_us=370.58 mitre_ttps=['T1003'] pid=10047 tier=ISOLATE
2026-06-08 15:46:37 [warning  ] enforcement_signal_dryrun      comm=bench pid=10048 signal=<Signals.SIGKILL: 9>
2026-06-08 15:46:37 [warning  ] enforcement_cgroup_freeze_dryrun pid=10048
2026-06-08 15:46:37 [info     ] cwae_decision                  comm=bench confidence=0.92 dry_run=True label=MALICIOUS latency_us=335.25 mitre_ttps=['T1003'] pid=10048 tier=ISOLATE
2026-06-08 15:46:37 [warning  ] enforcement_signal_dryrun      comm=bench pid=10049 signal=<Signals.SIGKILL: 9>
2026-06-08 15:46:37 [warning  ] enforcement_cgroup_freeze_dryrun pid=10049
2026-06-08 15:46:37 [info     ] cwae_decision                  comm=bench confidence=0.92 dry_run=True label=MALICIOUS latency_us=360.57 mitre_ttps=['T1003'] pid=10049 tier=ISOLATE
2026-06-08 15:46:37 [warning  ] enforcement_signal_dryrun      comm=bench pid=10050 signal=<Signals.SIGKILL: 9>
2026-06-08 15:46:37 [warning  ] enforcement_cgroup_freeze_dryrun pid=10050
2026-06-08 15:46:37 [info     ] cwae_decision                  comm=bench confidence=0.92 dry_run=True label=MALICIOUS latency_us=352.03 mitre_ttps=['T1003'] pid=10050 tier=ISOLATE
2026-06-08 15:46:37 [warning  ] enforcement_signal_dryrun      comm=bench pid=10051 signal=<Signals.SIGKILL: 9>
2026-06-08 15:46:37 [warning  ] enforcement_cgroup_freeze_dryrun pid=10051
2026-06-08 15:46:37 [info     ] cwae_decision                  comm=bench confidence=0.92 dry_run=True label=MALICIOUS latency_us=349.68 mitre_ttps=['T1003'] pid=10051 tier=ISOLATE
2026-06-08 15:46:37 [warning  ] enforcement_signal_dryrun      comm=bench pid=10052 signal=<Signals.SIGKILL: 9>
2026-06-08 15:46:37 [warning  ] enforcement_cgroup_freeze_dryrun pid=10052
2026-06-08 15:46:37 [info     ] cwae_decision                  comm=bench confidence=0.92 dry_run=True label=MALICIOUS latency_us=343.53 mitre_ttps=['T1003'] pid=10052 tier=ISOLATE
2026-06-08 15:46:37 [warning  ] enforcement_signal_dryrun      comm=bench pid=10053 signal=<Signals.SIGKILL: 9>
2026-06-08 15:46:37 [warning  ] enforcement_cgroup_freeze_dryrun pid=10053
2026-06-08 15:46:37 [info     ] cwae_decision                  comm=bench confidence=0.92 dry_run=True label=MALICIOUS latency_us=357.75 mitre_ttps=['T1003'] pid=10053 tier=ISOLATE
2026-06-08 15:46:37 [warning  ] enforcement_signal_dryrun      comm=bench pid=10054 signal=<Signals.SIGKILL: 9>
2026-06-08 15:46:37 [warning  ] enforcement_cgroup_freeze_dryrun pid=10054
2026-06-08 15:46:37 [info     ] cwae_decision                  comm=bench confidence=0.92 dry_run=True label=MALICIOUS latency_us=369.6 mitre_ttps=['T1003'] pid=10054 tier=ISOLATE
2026-06-08 15:46:37 [warning  ] enforcement_signal_dryrun      comm=bench pid=10055 signal=<Signals.SIGKILL: 9>
2026-06-08 15:46:37 [warning  ] enforcement_cgroup_freeze_dryrun pid=10055
2026-06-08 15:46:37 [info     ] cwae_decision                  comm=bench confidence=0.92 dry_run=True label=MALICIOUS latency_us=361.09 mitre_ttps=['T1003'] pid=10055 tier=ISOLATE
2026-06-08 15:46:37 [warning  ] enforcement_signal_dryrun      comm=bench pid=10056 signal=<Signals.SIGKILL: 9>
2026-06-08 15:46:37 [warning  ] enforcement_cgroup_freeze_dryrun pid=10056
2026-06-08 15:46:37 [info     ] cwae_decision                  comm=bench confidence=0.92 dry_run=True label=MALICIOUS latency_us=360.88 mitre_ttps=['T1003'] pid=10056 tier=ISOLATE
2026-06-08 15:46:37 [warning  ] enforcement_signal_dryrun      comm=bench pid=10057 signal=<Signals.SIGKILL: 9>
2026-06-08 15:46:37 [warning  ] enforcement_cgroup_freeze_dryrun pid=10057
2026-06-08 15:46:37 [info     ] cwae_decision                  comm=bench confidence=0.92 dry_run=True label=MALICIOUS latency_us=345.21 mitre_ttps=['T1003'] pid=10057 tier=ISOLATE
2026-06-08 15:46:37 [warning  ] enforcement_signal_dryrun      comm=bench pid=10058 signal=<Signals.SIGKILL: 9>
2026-06-08 15:46:37 [warning  ] enforcement_cgroup_freeze_dryrun pid=10058
2026-06-08 15:46:37 [info     ] cwae_decision                  comm=bench confidence=0.92 dry_run=True label=MALICIOUS latency_us=356.52 mitre_ttps=['T1003'] pid=10058 tier=ISOLATE
2026-06-08 15:46:37 [warning  ] enforcement_signal_dryrun      comm=bench pid=10059 signal=<Signals.SIGKILL: 9>
2026-06-08 15:46:37 [warning  ] enforcement_cgroup_freeze_dryrun pid=10059
2026-06-08 15:46:37 [info     ] cwae_decision                  comm=bench confidence=0.92 dry_run=True label=MALICIOUS latency_us=349.22 mitre_ttps=['T1003'] pid=10059 tier=ISOLATE
2026-06-08 15:46:37 [warning  ] enforcement_signal_dryrun      comm=bench pid=10060 signal=<Signals.SIGKILL: 9>
2026-06-08 15:46:37 [warning  ] enforcement_cgroup_freeze_dryrun pid=10060
2026-06-08 15:46:37 [info     ] cwae_decision                  comm=bench confidence=0.92 dry_run=True label=MALICIOUS latency_us=351.44 mitre_ttps=['T1003'] pid=10060 tier=ISOLATE
2026-06-08 15:46:37 [warning  ] enforcement_signal_dryrun      comm=bench pid=10061 signal=<Signals.SIGKILL: 9>
2026-06-08 15:46:37 [warning  ] enforcement_cgroup_freeze_dryrun pid=10061
2026-06-08 15:46:37 [info     ] cwae_decision                  comm=bench confidence=0.92 dry_run=True label=MALICIOUS latency_us=340.15 mitre_ttps=['T1003'] pid=10061 tier=ISOLATE
2026-06-08 15:46:37 [warning  ] enforcement_signal_dryrun      comm=bench pid=10062 signal=<Signals.SIGKILL: 9>
2026-06-08 15:46:37 [warning  ] enforcement_cgroup_freeze_dryrun pid=10062
2026-06-08 15:46:37 [info     ] cwae_decision                  comm=bench confidence=0.92 dry_run=True label=MALICIOUS latency_us=358.48 mitre_ttps=['T1003'] pid=10062 tier=ISOLATE
2026-06-08 15:46:37 [warning  ] enforcement_signal_dryrun      comm=bench pid=10063 signal=<Signals.SIGKILL: 9>
2026-06-08 15:46:37 [warning  ] enforcement_cgroup_freeze_dryrun pid=10063
2026-06-08 15:46:37 [info     ] cwae_decision                  comm=bench confidence=0.92 dry_run=True label=MALICIOUS latency_us=361.1 mitre_ttps=['T1003'] pid=10063 tier=ISOLATE
2026-06-08 15:46:37 [warning  ] enforcement_signal_dryrun      comm=bench pid=10064 signal=<Signals.SIGKILL: 9>
2026-06-08 15:46:37 [warning  ] enforcement_cgroup_freeze_dryrun pid=10064
2026-06-08 15:46:37 [info     ] cwae_decision                  comm=bench confidence=0.92 dry_run=True label=MALICIOUS latency_us=357.38 mitre_ttps=['T1003'] pid=10064 tier=ISOLATE
2026-06-08 15:46:37 [warning  ] enforcement_signal_dryrun      comm=bench pid=10065 signal=<Signals.SIGKILL: 9>
2026-06-08 15:46:37 [warning  ] enforcement_cgroup_freeze_dryrun pid=10065
2026-06-08 15:46:37 [info     ] cwae_decision                  comm=bench confidence=0.92 dry_run=True label=MALICIOUS latency_us=364.1 mitre_ttps=['T1003'] pid=10065 tier=ISOLATE
2026-06-08 15:46:37 [warning  ] enforcement_signal_dryrun      comm=bench pid=10066 signal=<Signals.SIGKILL: 9>
2026-06-08 15:46:37 [warning  ] enforcement_cgroup_freeze_dryrun pid=10066
2026-06-08 15:46:37 [info     ] cwae_decision                  comm=bench confidence=0.92 dry_run=True label=MALICIOUS latency_us=342.33 mitre_ttps=['T1003'] pid=10066 tier=ISOLATE
2026-06-08 15:46:37 [warning  ] enforcement_signal_dryrun      comm=bench pid=10067 signal=<Signals.SIGKILL: 9>
2026-06-08 15:46:37 [warning  ] enforcement_cgroup_freeze_dryrun pid=10067
2026-06-08 15:46:37 [info     ] cwae_decision                  comm=bench confidence=0.92 dry_run=True label=MALICIOUS latency_us=356.66 mitre_ttps=['T1003'] pid=10067 tier=ISOLATE
2026-06-08 15:46:37 [warning  ] enforcement_signal_dryrun      comm=bench pid=10068 signal=<Signals.SIGKILL: 9>
2026-06-08 15:46:37 [warning  ] enforcement_cgroup_freeze_dryrun pid=10068
2026-06-08 15:46:37 [info     ] cwae_decision                  comm=bench confidence=0.92 dry_run=True label=MALICIOUS latency_us=338.58 mitre_ttps=['T1003'] pid=10068 tier=ISOLATE
2026-06-08 15:46:37 [warning  ] enforcement_signal_dryrun      comm=bench pid=10069 signal=<Signals.SIGKILL: 9>
2026-06-08 15:46:37 [warning  ] enforcement_cgroup_freeze_dryrun pid=10069
2026-06-08 15:46:37 [info     ] cwae_decision                  comm=bench confidence=0.92 dry_run=True label=MALICIOUS latency_us=344.03 mitre_ttps=['T1003'] pid=10069 tier=ISOLATE
2026-06-08 15:46:37 [warning  ] enforcement_signal_dryrun      comm=bench pid=10070 signal=<Signals.SIGKILL: 9>
2026-06-08 15:46:37 [warning  ] enforcement_cgroup_freeze_dryrun pid=10070
2026-06-08 15:46:37 [info     ] cwae_decision                  comm=bench confidence=0.92 dry_run=True label=MALICIOUS latency_us=344.23 mitre_ttps=['T1003'] pid=10070 tier=ISOLATE
2026-06-08 15:46:37 [warning  ] enforcement_signal_dryrun      comm=bench pid=10071 signal=<Signals.SIGKILL: 9>
2026-06-08 15:46:37 [warning  ] enforcement_cgroup_freeze_dryrun pid=10071
2026-06-08 15:46:37 [info     ] cwae_decision                  comm=bench confidence=0.92 dry_run=True label=MALICIOUS latency_us=366.11 mitre_ttps=['T1003'] pid=10071 tier=ISOLATE
2026-06-08 15:46:37 [warning  ] enforcement_signal_dryrun      comm=bench pid=10072 signal=<Signals.SIGKILL: 9>
2026-06-08 15:46:37 [warning  ] enforcement_cgroup_freeze_dryrun pid=10072
2026-06-08 15:46:37 [info     ] cwae_decision                  comm=bench confidence=0.92 dry_run=True label=MALICIOUS latency_us=381.95 mitre_ttps=['T1003'] pid=10072 tier=ISOLATE
2026-06-08 15:46:37 [warning  ] enforcement_signal_dryrun      comm=bench pid=10073 signal=<Signals.SIGKILL: 9>
2026-06-08 15:46:37 [warning  ] enforcement_cgroup_freeze_dryrun pid=10073
2026-06-08 15:46:37 [info     ] cwae_decision                  comm=bench confidence=0.92 dry_run=True label=MALICIOUS latency_us=375.31 mitre_ttps=['T1003'] pid=10073 tier=ISOLATE
2026-06-08 15:46:37 [warning  ] enforcement_signal_dryrun      comm=bench pid=10074 signal=<Signals.SIGKILL: 9>
2026-06-08 15:46:37 [warning  ] enforcement_cgroup_freeze_dryrun pid=10074
2026-06-08 15:46:37 [info     ] cwae_decision                  comm=bench confidence=0.92 dry_run=True label=MALICIOUS latency_us=347.63 mitre_ttps=['T1003'] pid=10074 tier=ISOLATE
2026-06-08 15:46:37 [warning  ] enforcement_signal_dryrun      comm=bench pid=10075 signal=<Signals.SIGKILL: 9>
2026-06-08 15:46:37 [warning  ] enforcement_cgroup_freeze_dryrun pid=10075
2026-06-08 15:46:37 [info     ] cwae_decision                  comm=bench confidence=0.92 dry_run=True label=MALICIOUS latency_us=347.77 mitre_ttps=['T1003'] pid=10075 tier=ISOLATE
2026-06-08 15:46:37 [warning  ] enforcement_signal_dryrun      comm=bench pid=10076 signal=<Signals.SIGKILL: 9>
2026-06-08 15:46:37 [warning  ] enforcement_cgroup_freeze_dryrun pid=10076
2026-06-08 15:46:37 [info     ] cwae_decision                  comm=bench confidence=0.92 dry_run=True label=MALICIOUS latency_us=354.47 mitre_ttps=['T1003'] pid=10076 tier=ISOLATE
2026-06-08 15:46:37 [warning  ] enforcement_signal_dryrun      comm=bench pid=10077 signal=<Signals.SIGKILL: 9>
2026-06-08 15:46:37 [warning  ] enforcement_cgroup_freeze_dryrun pid=10077
2026-06-08 15:46:37 [info     ] cwae_decision                  comm=bench confidence=0.92 dry_run=True label=MALICIOUS latency_us=346.24 mitre_ttps=['T1003'] pid=10077 tier=ISOLATE
2026-06-08 15:46:37 [warning  ] enforcement_signal_dryrun      comm=bench pid=10078 signal=<Signals.SIGKILL: 9>
2026-06-08 15:46:37 [warning  ] enforcement_cgroup_freeze_dryrun pid=10078
2026-06-08 15:46:37 [info     ] cwae_decision                  comm=bench confidence=0.92 dry_run=True label=MALICIOUS latency_us=345.32 mitre_ttps=['T1003'] pid=10078 tier=ISOLATE
2026-06-08 15:46:37 [warning  ] enforcement_signal_dryrun      comm=bench pid=10079 signal=<Signals.SIGKILL: 9>
2026-06-08 15:46:37 [warning  ] enforcement_cgroup_freeze_dryrun pid=10079
2026-06-08 15:46:37 [info     ] cwae_decision                  comm=bench confidence=0.92 dry_run=True label=MALICIOUS latency_us=339.22 mitre_ttps=['T1003'] pid=10079 tier=ISOLATE
2026-06-08 15:46:37 [warning  ] enforcement_signal_dryrun      comm=bench pid=10080 signal=<Signals.SIGKILL: 9>
2026-06-08 15:46:37 [warning  ] enforcement_cgroup_freeze_dryrun pid=10080
2026-06-08 15:46:37 [info     ] cwae_decision                  comm=bench confidence=0.92 dry_run=True label=MALICIOUS latency_us=355.69 mitre_ttps=['T1003'] pid=10080 tier=ISOLATE
2026-06-08 15:46:37 [warning  ] enforcement_signal_dryrun      comm=bench pid=10081 signal=<Signals.SIGKILL: 9>
2026-06-08 15:46:37 [warning  ] enforcement_cgroup_freeze_dryrun pid=10081
2026-06-08 15:46:37 [info     ] cwae_decision                  comm=bench confidence=0.92 dry_run=True label=MALICIOUS latency_us=380.68 mitre_ttps=['T1003'] pid=10081 tier=ISOLATE
2026-06-08 15:46:37 [warning  ] enforcement_signal_dryrun      comm=bench pid=10082 signal=<Signals.SIGKILL: 9>
2026-06-08 15:46:37 [warning  ] enforcement_cgroup_freeze_dryrun pid=10082
2026-06-08 15:46:37 [info     ] cwae_decision                  comm=bench confidence=0.92 dry_run=True label=MALICIOUS latency_us=378.54 mitre_ttps=['T1003'] pid=10082 tier=ISOLATE
2026-06-08 15:46:37 [warning  ] enforcement_signal_dryrun      comm=bench pid=10083 signal=<Signals.SIGKILL: 9>
2026-06-08 15:46:37 [warning  ] enforcement_cgroup_freeze_dryrun pid=10083
2026-06-08 15:46:37 [info     ] cwae_decision                  comm=bench confidence=0.92 dry_run=True label=MALICIOUS latency_us=347.19 mitre_ttps=['T1003'] pid=10083 tier=ISOLATE
2026-06-08 15:46:37 [warning  ] enforcement_signal_dryrun      comm=bench pid=10084 signal=<Signals.SIGKILL: 9>
2026-06-08 15:46:37 [warning  ] enforcement_cgroup_freeze_dryrun pid=10084
2026-06-08 15:46:37 [info     ] cwae_decision                  comm=bench confidence=0.92 dry_run=True label=MALICIOUS latency_us=343.87 mitre_ttps=['T1003'] pid=10084 tier=ISOLATE
2026-06-08 15:46:37 [warning  ] enforcement_signal_dryrun      comm=bench pid=10085 signal=<Signals.SIGKILL: 9>
2026-06-08 15:46:37 [warning  ] enforcement_cgroup_freeze_dryrun pid=10085
2026-06-08 15:46:37 [info     ] cwae_decision                  comm=bench confidence=0.92 dry_run=True label=MALICIOUS latency_us=360.9 mitre_ttps=['T1003'] pid=10085 tier=ISOLATE
2026-06-08 15:46:37 [warning  ] enforcement_signal_dryrun      comm=bench pid=10086 signal=<Signals.SIGKILL: 9>
2026-06-08 15:46:37 [warning  ] enforcement_cgroup_freeze_dryrun pid=10086
2026-06-08 15:46:37 [info     ] cwae_decision                  comm=bench confidence=0.92 dry_run=True label=MALICIOUS latency_us=351.79 mitre_ttps=['T1003'] pid=10086 tier=ISOLATE
2026-06-08 15:46:37 [warning  ] enforcement_signal_dryrun      comm=bench pid=10087 signal=<Signals.SIGKILL: 9>
2026-06-08 15:46:37 [warning  ] enforcement_cgroup_freeze_dryrun pid=10087
2026-06-08 15:46:37 [info     ] cwae_decision                  comm=bench confidence=0.92 dry_run=True label=MALICIOUS latency_us=348.17 mitre_ttps=['T1003'] pid=10087 tier=ISOLATE
2026-06-08 15:46:37 [warning  ] enforcement_signal_dryrun      comm=bench pid=10088 signal=<Signals.SIGKILL: 9>
2026-06-08 15:46:37 [warning  ] enforcement_cgroup_freeze_dryrun pid=10088
2026-06-08 15:46:37 [info     ] cwae_decision                  comm=bench confidence=0.92 dry_run=True label=MALICIOUS latency_us=340.31 mitre_ttps=['T1003'] pid=10088 tier=ISOLATE
2026-06-08 15:46:37 [warning  ] enforcement_signal_dryrun      comm=bench pid=10089 signal=<Signals.SIGKILL: 9>
2026-06-08 15:46:37 [warning  ] enforcement_cgroup_freeze_dryrun pid=10089
2026-06-08 15:46:37 [info     ] cwae_decision                  comm=bench confidence=0.92 dry_run=True label=MALICIOUS latency_us=355.02 mitre_ttps=['T1003'] pid=10089 tier=ISOLATE
2026-06-08 15:46:37 [warning  ] enforcement_signal_dryrun      comm=bench pid=10090 signal=<Signals.SIGKILL: 9>
2026-06-08 15:46:37 [warning  ] enforcement_cgroup_freeze_dryrun pid=10090
2026-06-08 15:46:37 [info     ] cwae_decision                  comm=bench confidence=0.92 dry_run=True label=MALICIOUS latency_us=377.86 mitre_ttps=['T1003'] pid=10090 tier=ISOLATE
2026-06-08 15:46:37 [warning  ] enforcement_signal_dryrun      comm=bench pid=10091 signal=<Signals.SIGKILL: 9>
2026-06-08 15:46:37 [warning  ] enforcement_cgroup_freeze_dryrun pid=10091
2026-06-08 15:46:37 [info     ] cwae_decision                  comm=bench confidence=0.92 dry_run=True label=MALICIOUS latency_us=367.88 mitre_ttps=['T1003'] pid=10091 tier=ISOLATE
2026-06-08 15:46:37 [warning  ] enforcement_signal_dryrun      comm=bench pid=10092 signal=<Signals.SIGKILL: 9>
2026-06-08 15:46:37 [warning  ] enforcement_cgroup_freeze_dryrun pid=10092
2026-06-08 15:46:37 [info     ] cwae_decision                  comm=bench confidence=0.92 dry_run=True label=MALICIOUS latency_us=345.97 mitre_ttps=['T1003'] pid=10092 tier=ISOLATE
2026-06-08 15:46:37 [warning  ] enforcement_signal_dryrun      comm=bench pid=10093 signal=<Signals.SIGKILL: 9>
2026-06-08 15:46:37 [warning  ] enforcement_cgroup_freeze_dryrun pid=10093
2026-06-08 15:46:37 [info     ] cwae_decision                  comm=bench confidence=0.92 dry_run=True label=MALICIOUS latency_us=353.39 mitre_ttps=['T1003'] pid=10093 tier=ISOLATE
2026-06-08 15:46:37 [warning  ] enforcement_signal_dryrun      comm=bench pid=10094 signal=<Signals.SIGKILL: 9>
2026-06-08 15:46:37 [warning  ] enforcement_cgroup_freeze_dryrun pid=10094
2026-06-08 15:46:37 [info     ] cwae_decision                  comm=bench confidence=0.92 dry_run=True label=MALICIOUS latency_us=357.08 mitre_ttps=['T1003'] pid=10094 tier=ISOLATE
2026-06-08 15:46:37 [warning  ] enforcement_signal_dryrun      comm=bench pid=10095 signal=<Signals.SIGKILL: 9>
2026-06-08 15:46:37 [warning  ] enforcement_cgroup_freeze_dryrun pid=10095
2026-06-08 15:46:37 [info     ] cwae_decision                  comm=bench confidence=0.92 dry_run=True label=MALICIOUS latency_us=350.36 mitre_ttps=['T1003'] pid=10095 tier=ISOLATE
2026-06-08 15:46:37 [warning  ] enforcement_signal_dryrun      comm=bench pid=10096 signal=<Signals.SIGKILL: 9>
2026-06-08 15:46:37 [warning  ] enforcement_cgroup_freeze_dryrun pid=10096
2026-06-08 15:46:37 [info     ] cwae_decision                  comm=bench confidence=0.92 dry_run=True label=MALICIOUS latency_us=345.14 mitre_ttps=['T1003'] pid=10096 tier=ISOLATE
2026-06-08 15:46:37 [warning  ] enforcement_signal_dryrun      comm=bench pid=10097 signal=<Signals.SIGKILL: 9>
2026-06-08 15:46:37 [warning  ] enforcement_cgroup_freeze_dryrun pid=10097
2026-06-08 15:46:37 [info     ] cwae_decision                  comm=bench confidence=0.92 dry_run=True label=MALICIOUS latency_us=344.53 mitre_ttps=['T1003'] pid=10097 tier=ISOLATE
2026-06-08 15:46:37 [warning  ] enforcement_signal_dryrun      comm=bench pid=10098 signal=<Signals.SIGKILL: 9>
2026-06-08 15:46:37 [warning  ] enforcement_cgroup_freeze_dryrun pid=10098
2026-06-08 15:46:37 [info     ] cwae_decision                  comm=bench confidence=0.92 dry_run=True label=MALICIOUS latency_us=359.56 mitre_ttps=['T1003'] pid=10098 tier=ISOLATE
2026-06-08 15:46:37 [warning  ] enforcement_signal_dryrun      comm=bench pid=9999 signal=<Signals.SIGKILL: 9>
2026-06-08 15:46:37 [warning  ] enforcement_cgroup_freeze_dryrun pid=9999
2026-06-08 15:46:37 [info     ] cwae_decision                  comm=bench confidence=0.92 dry_run=True label=MALICIOUS latency_us=386.0 mitre_ttps=['T1003'] pid=9999 tier=ISOLATE
2026-06-08 15:46:37 [warning  ] enforcement_signal_dryrun      comm=bench pid=10000 signal=<Signals.SIGKILL: 9>
2026-06-08 15:46:37 [warning  ] enforcement_cgroup_freeze_dryrun pid=10000
2026-06-08 15:46:37 [info     ] cwae_decision                  comm=bench confidence=0.92 dry_run=True label=MALICIOUS latency_us=371.17 mitre_ttps=['T1003'] pid=10000 tier=ISOLATE
2026-06-08 15:46:37 [warning  ] enforcement_signal_dryrun      comm=bench pid=10001 signal=<Signals.SIGKILL: 9>
2026-06-08 15:46:37 [warning  ] enforcement_cgroup_freeze_dryrun pid=10001
2026-06-08 15:46:37 [info     ] cwae_decision                  comm=bench confidence=0.92 dry_run=True label=MALICIOUS latency_us=344.97 mitre_ttps=['T1003'] pid=10001 tier=ISOLATE
2026-06-08 15:46:37 [warning  ] enforcement_signal_dryrun      comm=bench pid=10002 signal=<Signals.SIGKILL: 9>
2026-06-08 15:46:37 [warning  ] enforcement_cgroup_freeze_dryrun pid=10002
2026-06-08 15:46:37 [info     ] cwae_decision                  comm=bench confidence=0.92 dry_run=True label=MALICIOUS latency_us=345.9 mitre_ttps=['T1003'] pid=10002 tier=ISOLATE
2026-06-08 15:46:37 [warning  ] enforcement_signal_dryrun      comm=bench pid=10003 signal=<Signals.SIGKILL: 9>
2026-06-08 15:46:37 [warning  ] enforcement_cgroup_freeze_dryrun pid=10003
2026-06-08 15:46:37 [info     ] cwae_decision                  comm=bench confidence=0.92 dry_run=True label=MALICIOUS latency_us=354.93 mitre_ttps=['T1003'] pid=10003 tier=ISOLATE
2026-06-08 15:46:37 [warning  ] enforcement_signal_dryrun      comm=bench pid=10004 signal=<Signals.SIGKILL: 9>
2026-06-08 15:46:37 [warning  ] enforcement_cgroup_freeze_dryrun pid=10004
2026-06-08 15:46:37 [info     ] cwae_decision                  comm=bench confidence=0.92 dry_run=True label=MALICIOUS latency_us=356.0 mitre_ttps=['T1003'] pid=10004 tier=ISOLATE
2026-06-08 15:46:37 [warning  ] enforcement_signal_dryrun      comm=bench pid=10005 signal=<Signals.SIGKILL: 9>
2026-06-08 15:46:37 [warning  ] enforcement_cgroup_freeze_dryrun pid=10005
2026-06-08 15:46:37 [info     ] cwae_decision                  comm=bench confidence=0.92 dry_run=True label=MALICIOUS latency_us=348.54 mitre_ttps=['T1003'] pid=10005 tier=ISOLATE
2026-06-08 15:46:37 [warning  ] enforcement_signal_dryrun      comm=bench pid=10006 signal=<Signals.SIGKILL: 9>
2026-06-08 15:46:37 [warning  ] enforcement_cgroup_freeze_dryrun pid=10006
2026-06-08 15:46:37 [info     ] cwae_decision                  comm=bench confidence=0.92 dry_run=True label=MALICIOUS latency_us=339.21 mitre_ttps=['T1003'] pid=10006 tier=ISOLATE
2026-06-08 15:46:37 [warning  ] enforcement_signal_dryrun      comm=bench pid=10007 signal=<Signals.SIGKILL: 9>
2026-06-08 15:46:37 [warning  ] enforcement_cgroup_freeze_dryrun pid=10007
2026-06-08 15:46:37 [info     ] cwae_decision                  comm=bench confidence=0.92 dry_run=True label=MALICIOUS latency_us=357.99 mitre_ttps=['T1003'] pid=10007 tier=ISOLATE
2026-06-08 15:46:37 [warning  ] enforcement_signal_dryrun      comm=bench pid=10008 signal=<Signals.SIGKILL: 9>
2026-06-08 15:46:37 [warning  ] enforcement_cgroup_freeze_dryrun pid=10008
2026-06-08 15:46:37 [info     ] cwae_decision                  comm=bench confidence=0.92 dry_run=True label=MALICIOUS latency_us=381.11 mitre_ttps=['T1003'] pid=10008 tier=ISOLATE
2026-06-08 15:46:37 [warning  ] enforcement_signal_dryrun      comm=bench pid=10009 signal=<Signals.SIGKILL: 9>
2026-06-08 15:46:37 [warning  ] enforcement_cgroup_freeze_dryrun pid=10009
2026-06-08 15:46:37 [info     ] cwae_decision                  comm=bench confidence=0.92 dry_run=True label=MALICIOUS latency_us=352.77 mitre_ttps=['T1003'] pid=10009 tier=ISOLATE
2026-06-08 15:46:37 [warning  ] enforcement_signal_dryrun      comm=bench pid=10010 signal=<Signals.SIGKILL: 9>
2026-06-08 15:46:37 [warning  ] enforcement_cgroup_freeze_dryrun pid=10010
2026-06-08 15:46:37 [info     ] cwae_decision                  comm=bench confidence=0.92 dry_run=True label=MALICIOUS latency_us=361.35 mitre_ttps=['T1003'] pid=10010 tier=ISOLATE
2026-06-08 15:46:37 [warning  ] enforcement_signal_dryrun      comm=bench pid=10011 signal=<Signals.SIGKILL: 9>
2026-06-08 15:46:37 [warning  ] enforcement_cgroup_freeze_dryrun pid=10011
2026-06-08 15:46:37 [info     ] cwae_decision                  comm=bench confidence=0.92 dry_run=True label=MALICIOUS latency_us=343.89 mitre_ttps=['T1003'] pid=10011 tier=ISOLATE
2026-06-08 15:46:37 [warning  ] enforcement_signal_dryrun      comm=bench pid=10012 signal=<Signals.SIGKILL: 9>
2026-06-08 15:46:37 [warning  ] enforcement_cgroup_freeze_dryrun pid=10012
2026-06-08 15:46:37 [info     ] cwae_decision                  comm=bench confidence=0.92 dry_run=True label=MALICIOUS latency_us=359.5 mitre_ttps=['T1003'] pid=10012 tier=ISOLATE
2026-06-08 15:46:37 [warning  ] enforcement_signal_dryrun      comm=bench pid=10013 signal=<Signals.SIGKILL: 9>
2026-06-08 15:46:37 [warning  ] enforcement_cgroup_freeze_dryrun pid=10013
2026-06-08 15:46:37 [info     ] cwae_decision                  comm=bench confidence=0.92 dry_run=True label=MALICIOUS latency_us=342.1 mitre_ttps=['T1003'] pid=10013 tier=ISOLATE
2026-06-08 15:46:37 [warning  ] enforcement_signal_dryrun      comm=bench pid=10014 signal=<Signals.SIGKILL: 9>
2026-06-08 15:46:37 [warning  ] enforcement_cgroup_freeze_dryrun pid=10014
2026-06-08 15:46:37 [info     ] cwae_decision                  comm=bench confidence=0.92 dry_run=True label=MALICIOUS latency_us=346.72 mitre_ttps=['T1003'] pid=10014 tier=ISOLATE
2026-06-08 15:46:37 [warning  ] enforcement_signal_dryrun      comm=bench pid=10015 signal=<Signals.SIGKILL: 9>
2026-06-08 15:46:37 [warning  ] enforcement_cgroup_freeze_dryrun pid=10015
2026-06-08 15:46:37 [info     ] cwae_decision                  comm=bench confidence=0.92 dry_run=True label=MALICIOUS latency_us=354.25 mitre_ttps=['T1003'] pid=10015 tier=ISOLATE
2026-06-08 15:46:37 [warning  ] enforcement_signal_dryrun      comm=bench pid=10016 signal=<Signals.SIGKILL: 9>
2026-06-08 15:46:37 [warning  ] enforcement_cgroup_freeze_dryrun pid=10016
2026-06-08 15:46:37 [info     ] cwae_decision                  comm=bench confidence=0.92 dry_run=True label=MALICIOUS latency_us=359.16 mitre_ttps=['T1003'] pid=10016 tier=ISOLATE
2026-06-08 15:46:37 [warning  ] enforcement_signal_dryrun      comm=bench pid=10017 signal=<Signals.SIGKILL: 9>
2026-06-08 15:46:37 [warning  ] enforcement_cgroup_freeze_dryrun pid=10017
2026-06-08 15:46:37 [info     ] cwae_decision                  comm=bench confidence=0.92 dry_run=True label=MALICIOUS latency_us=365.5 mitre_ttps=['T1003'] pid=10017 tier=ISOLATE
2026-06-08 15:46:37 [warning  ] enforcement_signal_dryrun      comm=bench pid=10018 signal=<Signals.SIGKILL: 9>
2026-06-08 15:46:37 [warning  ] enforcement_cgroup_freeze_dryrun pid=10018
2026-06-08 15:46:37 [info     ] cwae_decision                  comm=bench confidence=0.92 dry_run=True label=MALICIOUS latency_us=358.01 mitre_ttps=['T1003'] pid=10018 tier=ISOLATE
2026-06-08 15:46:37 [warning  ] enforcement_signal_dryrun      comm=bench pid=10019 signal=<Signals.SIGKILL: 9>
2026-06-08 15:46:37 [warning  ] enforcement_cgroup_freeze_dryrun pid=10019
2026-06-08 15:46:37 [info     ] cwae_decision                  comm=bench confidence=0.92 dry_run=True label=MALICIOUS latency_us=364.27 mitre_ttps=['T1003'] pid=10019 tier=ISOLATE
2026-06-08 15:46:37 [warning  ] enforcement_signal_dryrun      comm=bench pid=10020 signal=<Signals.SIGKILL: 9>
2026-06-08 15:46:37 [warning  ] enforcement_cgroup_freeze_dryrun pid=10020
2026-06-08 15:46:37 [info     ] cwae_decision                  comm=bench confidence=0.92 dry_run=True label=MALICIOUS latency_us=346.39 mitre_ttps=['T1003'] pid=10020 tier=ISOLATE
2026-06-08 15:46:37 [warning  ] enforcement_signal_dryrun      comm=bench pid=10021 signal=<Signals.SIGKILL: 9>
2026-06-08 15:46:37 [warning  ] enforcement_cgroup_freeze_dryrun pid=10021
2026-06-08 15:46:37 [info     ] cwae_decision                  comm=bench confidence=0.92 dry_run=True label=MALICIOUS latency_us=356.0 mitre_ttps=['T1003'] pid=10021 tier=ISOLATE
2026-06-08 15:46:37 [warning  ] enforcement_signal_dryrun      comm=bench pid=10022 signal=<Signals.SIGKILL: 9>
2026-06-08 15:46:37 [warning  ] enforcement_cgroup_freeze_dryrun pid=10022
2026-06-08 15:46:37 [info     ] cwae_decision                  comm=bench confidence=0.92 dry_run=True label=MALICIOUS latency_us=348.91 mitre_ttps=['T1003'] pid=10022 tier=ISOLATE
2026-06-08 15:46:37 [warning  ] enforcement_signal_dryrun      comm=bench pid=10023 signal=<Signals.SIGKILL: 9>
2026-06-08 15:46:37 [warning  ] enforcement_cgroup_freeze_dryrun pid=10023
2026-06-08 15:46:37 [info     ] cwae_decision                  comm=bench confidence=0.92 dry_run=True label=MALICIOUS latency_us=348.08 mitre_ttps=['T1003'] pid=10023 tier=ISOLATE
2026-06-08 15:46:37 [warning  ] enforcement_signal_dryrun      comm=bench pid=10024 signal=<Signals.SIGKILL: 9>
2026-06-08 15:46:37 [warning  ] enforcement_cgroup_freeze_dryrun pid=10024
2026-06-08 15:46:37 [info     ] cwae_decision                  comm=bench confidence=0.92 dry_run=True label=MALICIOUS latency_us=347.58 mitre_ttps=['T1003'] pid=10024 tier=ISOLATE
2026-06-08 15:46:37 [warning  ] enforcement_signal_dryrun      comm=bench pid=10025 signal=<Signals.SIGKILL: 9>
2026-06-08 15:46:37 [warning  ] enforcement_cgroup_freeze_dryrun pid=10025
2026-06-08 15:46:37 [info     ] cwae_decision                  comm=bench confidence=0.92 dry_run=True label=MALICIOUS latency_us=372.55 mitre_ttps=['T1003'] pid=10025 tier=ISOLATE
2026-06-08 15:46:37 [warning  ] enforcement_signal_dryrun      comm=bench pid=10026 signal=<Signals.SIGKILL: 9>
2026-06-08 15:46:37 [warning  ] enforcement_cgroup_freeze_dryrun pid=10026
2026-06-08 15:46:37 [info     ] cwae_decision                  comm=bench confidence=0.92 dry_run=True label=MALICIOUS latency_us=364.04 mitre_ttps=['T1003'] pid=10026 tier=ISOLATE
2026-06-08 15:46:37 [warning  ] enforcement_signal_dryrun      comm=bench pid=10027 signal=<Signals.SIGKILL: 9>
2026-06-08 15:46:37 [warning  ] enforcement_cgroup_freeze_dryrun pid=10027
2026-06-08 15:46:37 [info     ] cwae_decision                  comm=bench confidence=0.92 dry_run=True label=MALICIOUS latency_us=351.08 mitre_ttps=['T1003'] pid=10027 tier=ISOLATE
2026-06-08 15:46:37 [warning  ] enforcement_signal_dryrun      comm=bench pid=10028 signal=<Signals.SIGKILL: 9>
2026-06-08 15:46:37 [warning  ] enforcement_cgroup_freeze_dryrun pid=10028
2026-06-08 15:46:37 [info     ] cwae_decision                  comm=bench confidence=0.92 dry_run=True label=MALICIOUS latency_us=363.91 mitre_ttps=['T1003'] pid=10028 tier=ISOLATE
2026-06-08 15:46:37 [warning  ] enforcement_signal_dryrun      comm=bench pid=10029 signal=<Signals.SIGKILL: 9>
2026-06-08 15:46:37 [warning  ] enforcement_cgroup_freeze_dryrun pid=10029
2026-06-08 15:46:37 [info     ] cwae_decision                  comm=bench confidence=0.92 dry_run=True label=MALICIOUS latency_us=344.66 mitre_ttps=['T1003'] pid=10029 tier=ISOLATE
2026-06-08 15:46:37 [warning  ] enforcement_signal_dryrun      comm=bench pid=10030 signal=<Signals.SIGKILL: 9>
2026-06-08 15:46:37 [warning  ] enforcement_cgroup_freeze_dryrun pid=10030
2026-06-08 15:46:37 [info     ] cwae_decision                  comm=bench confidence=0.92 dry_run=True label=MALICIOUS latency_us=357.59 mitre_ttps=['T1003'] pid=10030 tier=ISOLATE
2026-06-08 15:46:37 [warning  ] enforcement_signal_dryrun      comm=bench pid=10031 signal=<Signals.SIGKILL: 9>
2026-06-08 15:46:37 [warning  ] enforcement_cgroup_freeze_dryrun pid=10031
2026-06-08 15:46:37 [info     ] cwae_decision                  comm=bench confidence=0.92 dry_run=True label=MALICIOUS latency_us=348.95 mitre_ttps=['T1003'] pid=10031 tier=ISOLATE
2026-06-08 15:46:37 [warning  ] enforcement_signal_dryrun      comm=bench pid=10032 signal=<Signals.SIGKILL: 9>
2026-06-08 15:46:37 [warning  ] enforcement_cgroup_freeze_dryrun pid=10032
2026-06-08 15:46:37 [info     ] cwae_decision                  comm=bench confidence=0.92 dry_run=True label=MALICIOUS latency_us=342.62 mitre_ttps=['T1003'] pid=10032 tier=ISOLATE
2026-06-08 15:46:37 [warning  ] enforcement_signal_dryrun      comm=bench pid=10033 signal=<Signals.SIGKILL: 9>
2026-06-08 15:46:37 [warning  ] enforcement_cgroup_freeze_dryrun pid=10033
2026-06-08 15:46:37 [info     ] cwae_decision                  comm=bench confidence=0.92 dry_run=True label=MALICIOUS latency_us=343.65 mitre_ttps=['T1003'] pid=10033 tier=ISOLATE
2026-06-08 15:46:37 [warning  ] enforcement_signal_dryrun      comm=bench pid=10034 signal=<Signals.SIGKILL: 9>
2026-06-08 15:46:37 [warning  ] enforcement_cgroup_freeze_dryrun pid=10034
2026-06-08 15:46:37 [info     ] cwae_decision                  comm=bench confidence=0.92 dry_run=True label=MALICIOUS latency_us=358.46 mitre_ttps=['T1003'] pid=10034 tier=ISOLATE
2026-06-08 15:46:37 [warning  ] enforcement_signal_dryrun      comm=bench pid=10035 signal=<Signals.SIGKILL: 9>
2026-06-08 15:46:37 [warning  ] enforcement_cgroup_freeze_dryrun pid=10035
2026-06-08 15:46:37 [info     ] cwae_decision                  comm=bench confidence=0.92 dry_run=True label=MALICIOUS latency_us=377.93 mitre_ttps=['T1003'] pid=10035 tier=ISOLATE
2026-06-08 15:46:37 [warning  ] enforcement_signal_dryrun      comm=bench pid=10036 signal=<Signals.SIGKILL: 9>
2026-06-08 15:46:37 [warning  ] enforcement_cgroup_freeze_dryrun pid=10036
2026-06-08 15:46:37 [info     ] cwae_decision                  comm=bench confidence=0.92 dry_run=True label=MALICIOUS latency_us=368.0 mitre_ttps=['T1003'] pid=10036 tier=ISOLATE
2026-06-08 15:46:37 [warning  ] enforcement_signal_dryrun      comm=bench pid=10037 signal=<Signals.SIGKILL: 9>
2026-06-08 15:46:37 [warning  ] enforcement_cgroup_freeze_dryrun pid=10037
2026-06-08 15:46:37 [info     ] cwae_decision                  comm=bench confidence=0.92 dry_run=True label=MALICIOUS latency_us=345.98 mitre_ttps=['T1003'] pid=10037 tier=ISOLATE
2026-06-08 15:46:37 [warning  ] enforcement_signal_dryrun      comm=bench pid=10038 signal=<Signals.SIGKILL: 9>
2026-06-08 15:46:37 [warning  ] enforcement_cgroup_freeze_dryrun pid=10038
2026-06-08 15:46:37 [info     ] cwae_decision                  comm=bench confidence=0.92 dry_run=True label=MALICIOUS latency_us=336.96 mitre_ttps=['T1003'] pid=10038 tier=ISOLATE
2026-06-08 15:46:37 [warning  ] enforcement_signal_dryrun      comm=bench pid=10039 signal=<Signals.SIGKILL: 9>
2026-06-08 15:46:37 [warning  ] enforcement_cgroup_freeze_dryrun pid=10039
2026-06-08 15:46:37 [info     ] cwae_decision                  comm=bench confidence=0.92 dry_run=True label=MALICIOUS latency_us=355.4 mitre_ttps=['T1003'] pid=10039 tier=ISOLATE
2026-06-08 15:46:37 [warning  ] enforcement_signal_dryrun      comm=bench pid=10040 signal=<Signals.SIGKILL: 9>
2026-06-08 15:46:37 [warning  ] enforcement_cgroup_freeze_dryrun pid=10040
2026-06-08 15:46:37 [info     ] cwae_decision                  comm=bench confidence=0.92 dry_run=True label=MALICIOUS latency_us=349.61 mitre_ttps=['T1003'] pid=10040 tier=ISOLATE
2026-06-08 15:46:37 [warning  ] enforcement_signal_dryrun      comm=bench pid=10041 signal=<Signals.SIGKILL: 9>
2026-06-08 15:46:37 [warning  ] enforcement_cgroup_freeze_dryrun pid=10041
2026-06-08 15:46:37 [info     ] cwae_decision                  comm=bench confidence=0.92 dry_run=True label=MALICIOUS latency_us=348.4 mitre_ttps=['T1003'] pid=10041 tier=ISOLATE
2026-06-08 15:46:37 [warning  ] enforcement_signal_dryrun      comm=bench pid=10042 signal=<Signals.SIGKILL: 9>
2026-06-08 15:46:37 [warning  ] enforcement_cgroup_freeze_dryrun pid=10042
2026-06-08 15:46:37 [info     ] cwae_decision                  comm=bench confidence=0.92 dry_run=True label=MALICIOUS latency_us=347.67 mitre_ttps=['T1003'] pid=10042 tier=ISOLATE
2026-06-08 15:46:37 [warning  ] enforcement_signal_dryrun      comm=bench pid=10043 signal=<Signals.SIGKILL: 9>
2026-06-08 15:46:37 [warning  ] enforcement_cgroup_freeze_dryrun pid=10043
2026-06-08 15:46:37 [info     ] cwae_decision                  comm=bench confidence=0.92 dry_run=True label=MALICIOUS latency_us=375.4 mitre_ttps=['T1003'] pid=10043 tier=ISOLATE
2026-06-08 15:46:37 [warning  ] enforcement_signal_dryrun      comm=bench pid=10044 signal=<Signals.SIGKILL: 9>
2026-06-08 15:46:37 [warning  ] enforcement_cgroup_freeze_dryrun pid=10044
2026-06-08 15:46:37 [info     ] cwae_decision                  comm=bench confidence=0.92 dry_run=True label=MALICIOUS latency_us=378.6 mitre_ttps=['T1003'] pid=10044 tier=ISOLATE
2026-06-08 15:46:37 [warning  ] enforcement_signal_dryrun      comm=bench pid=10045 signal=<Signals.SIGKILL: 9>
2026-06-08 15:46:37 [warning  ] enforcement_cgroup_freeze_dryrun pid=10045
2026-06-08 15:46:37 [info     ] cwae_decision                  comm=bench confidence=0.92 dry_run=True label=MALICIOUS latency_us=365.62 mitre_ttps=['T1003'] pid=10045 tier=ISOLATE
2026-06-08 15:46:37 [warning  ] enforcement_signal_dryrun      comm=bench pid=10046 signal=<Signals.SIGKILL: 9>
2026-06-08 15:46:37 [warning  ] enforcement_cgroup_freeze_dryrun pid=10046
2026-06-08 15:46:37 [info     ] cwae_decision                  comm=bench confidence=0.92 dry_run=True label=MALICIOUS latency_us=364.13 mitre_ttps=['T1003'] pid=10046 tier=ISOLATE
2026-06-08 15:46:37 [warning  ] enforcement_signal_dryrun      comm=bench pid=10047 signal=<Signals.SIGKILL: 9>
2026-06-08 15:46:37 [warning  ] enforcement_cgroup_freeze_dryrun pid=10047
2026-06-08 15:46:37 [info     ] cwae_decision                  comm=bench confidence=0.92 dry_run=True label=MALICIOUS latency_us=341.43 mitre_ttps=['T1003'] pid=10047 tier=ISOLATE
2026-06-08 15:46:37 [warning  ] enforcement_signal_dryrun      comm=bench pid=10048 signal=<Signals.SIGKILL: 9>
2026-06-08 15:46:37 [warning  ] enforcement_cgroup_freeze_dryrun pid=10048
2026-06-08 15:46:37 [info     ] cwae_decision                  comm=bench confidence=0.92 dry_run=True label=MALICIOUS latency_us=356.59 mitre_ttps=['T1003'] pid=10048 tier=ISOLATE
2026-06-08 15:46:37 [warning  ] enforcement_signal_dryrun      comm=bench pid=10049 signal=<Signals.SIGKILL: 9>
2026-06-08 15:46:37 [warning  ] enforcement_cgroup_freeze_dryrun pid=10049
2026-06-08 15:46:37 [info     ] cwae_decision                  comm=bench confidence=0.92 dry_run=True label=MALICIOUS latency_us=352.39 mitre_ttps=['T1003'] pid=10049 tier=ISOLATE
2026-06-08 15:46:37 [warning  ] enforcement_signal_dryrun      comm=bench pid=10050 signal=<Signals.SIGKILL: 9>
2026-06-08 15:46:37 [warning  ] enforcement_cgroup_freeze_dryrun pid=10050
2026-06-08 15:46:37 [info     ] cwae_decision                  comm=bench confidence=0.92 dry_run=True label=MALICIOUS latency_us=347.71 mitre_ttps=['T1003'] pid=10050 tier=ISOLATE
2026-06-08 15:46:37 [warning  ] enforcement_signal_dryrun      comm=bench pid=10051 signal=<Signals.SIGKILL: 9>
2026-06-08 15:46:37 [warning  ] enforcement_cgroup_freeze_dryrun pid=10051
2026-06-08 15:46:37 [info     ] cwae_decision                  comm=bench confidence=0.92 dry_run=True label=MALICIOUS latency_us=343.13 mitre_ttps=['T1003'] pid=10051 tier=ISOLATE
2026-06-08 15:46:37 [warning  ] enforcement_signal_dryrun      comm=bench pid=10052 signal=<Signals.SIGKILL: 9>
2026-06-08 15:46:37 [warning  ] enforcement_cgroup_freeze_dryrun pid=10052
2026-06-08 15:46:37 [info     ] cwae_decision                  comm=bench confidence=0.92 dry_run=True label=MALICIOUS latency_us=356.82 mitre_ttps=['T1003'] pid=10052 tier=ISOLATE
2026-06-08 15:46:37 [warning  ] enforcement_signal_dryrun      comm=bench pid=10053 signal=<Signals.SIGKILL: 9>
2026-06-08 15:46:37 [warning  ] enforcement_cgroup_freeze_dryrun pid=10053
2026-06-08 15:46:37 [info     ] cwae_decision                  comm=bench confidence=0.92 dry_run=True label=MALICIOUS latency_us=382.19 mitre_ttps=['T1003'] pid=10053 tier=ISOLATE
2026-06-08 15:46:37 [warning  ] enforcement_signal_dryrun      comm=bench pid=10054 signal=<Signals.SIGKILL: 9>
2026-06-08 15:46:37 [warning  ] enforcement_cgroup_freeze_dryrun pid=10054
2026-06-08 15:46:37 [info     ] cwae_decision                  comm=bench confidence=0.92 dry_run=True label=MALICIOUS latency_us=367.52 mitre_ttps=['T1003'] pid=10054 tier=ISOLATE
2026-06-08 15:46:37 [warning  ] enforcement_signal_dryrun      comm=bench pid=10055 signal=<Signals.SIGKILL: 9>
2026-06-08 15:46:37 [warning  ] enforcement_cgroup_freeze_dryrun pid=10055
2026-06-08 15:46:37 [info     ] cwae_decision                  comm=bench confidence=0.92 dry_run=True label=MALICIOUS latency_us=358.77 mitre_ttps=['T1003'] pid=10055 tier=ISOLATE
2026-06-08 15:46:37 [warning  ] enforcement_signal_dryrun      comm=bench pid=10056 signal=<Signals.SIGKILL: 9>
2026-06-08 15:46:37 [warning  ] enforcement_cgroup_freeze_dryrun pid=10056
2026-06-08 15:46:37 [info     ] cwae_decision                  comm=bench confidence=0.92 dry_run=True label=MALICIOUS latency_us=351.39 mitre_ttps=['T1003'] pid=10056 tier=ISOLATE
2026-06-08 15:46:37 [warning  ] enforcement_signal_dryrun      comm=bench pid=10057 signal=<Signals.SIGKILL: 9>
2026-06-08 15:46:37 [warning  ] enforcement_cgroup_freeze_dryrun pid=10057
2026-06-08 15:46:37 [info     ] cwae_decision                  comm=bench confidence=0.92 dry_run=True label=MALICIOUS latency_us=351.51 mitre_ttps=['T1003'] pid=10057 tier=ISOLATE
2026-06-08 15:46:37 [warning  ] enforcement_signal_dryrun      comm=bench pid=10058 signal=<Signals.SIGKILL: 9>
2026-06-08 15:46:37 [warning  ] enforcement_cgroup_freeze_dryrun pid=10058
2026-06-08 15:46:37 [info     ] cwae_decision                  comm=bench confidence=0.92 dry_run=True label=MALICIOUS latency_us=359.04 mitre_ttps=['T1003'] pid=10058 tier=ISOLATE
2026-06-08 15:46:37 [warning  ] enforcement_signal_dryrun      comm=bench pid=10059 signal=<Signals.SIGKILL: 9>
2026-06-08 15:46:37 [warning  ] enforcement_cgroup_freeze_dryrun pid=10059
2026-06-08 15:46:37 [info     ] cwae_decision                  comm=bench confidence=0.92 dry_run=True label=MALICIOUS latency_us=351.71 mitre_ttps=['T1003'] pid=10059 tier=ISOLATE
2026-06-08 15:46:37 [warning  ] enforcement_signal_dryrun      comm=bench pid=10060 signal=<Signals.SIGKILL: 9>
2026-06-08 15:46:37 [warning  ] enforcement_cgroup_freeze_dryrun pid=10060
2026-06-08 15:46:37 [info     ] cwae_decision                  comm=bench confidence=0.92 dry_run=True label=MALICIOUS latency_us=352.13 mitre_ttps=['T1003'] pid=10060 tier=ISOLATE
2026-06-08 15:46:37 [warning  ] enforcement_signal_dryrun      comm=bench pid=10061 signal=<Signals.SIGKILL: 9>
2026-06-08 15:46:37 [warning  ] enforcement_cgroup_freeze_dryrun pid=10061
2026-06-08 15:46:37 [info     ] cwae_decision                  comm=bench confidence=0.92 dry_run=True label=MALICIOUS latency_us=350.32 mitre_ttps=['T1003'] pid=10061 tier=ISOLATE
2026-06-08 15:46:37 [warning  ] enforcement_signal_dryrun      comm=bench pid=10062 signal=<Signals.SIGKILL: 9>
2026-06-08 15:46:37 [warning  ] enforcement_cgroup_freeze_dryrun pid=10062
2026-06-08 15:46:37 [info     ] cwae_decision                  comm=bench confidence=0.92 dry_run=True label=MALICIOUS latency_us=363.74 mitre_ttps=['T1003'] pid=10062 tier=ISOLATE
2026-06-08 15:46:37 [warning  ] enforcement_signal_dryrun      comm=bench pid=10063 signal=<Signals.SIGKILL: 9>
2026-06-08 15:46:37 [warning  ] enforcement_cgroup_freeze_dryrun pid=10063
2026-06-08 15:46:37 [info     ] cwae_decision                  comm=bench confidence=0.92 dry_run=True label=MALICIOUS latency_us=356.95 mitre_ttps=['T1003'] pid=10063 tier=ISOLATE
2026-06-08 15:46:37 [warning  ] enforcement_signal_dryrun      comm=bench pid=10064 signal=<Signals.SIGKILL: 9>
2026-06-08 15:46:37 [warning  ] enforcement_cgroup_freeze_dryrun pid=10064
2026-06-08 15:46:37 [info     ] cwae_decision                  comm=bench confidence=0.92 dry_run=True label=MALICIOUS latency_us=372.63 mitre_ttps=['T1003'] pid=10064 tier=ISOLATE
2026-06-08 15:46:37 [warning  ] enforcement_signal_dryrun      comm=bench pid=10065 signal=<Signals.SIGKILL: 9>
2026-06-08 15:46:37 [warning  ] enforcement_cgroup_freeze_dryrun pid=10065
2026-06-08 15:46:37 [info     ] cwae_decision                  comm=bench confidence=0.92 dry_run=True label=MALICIOUS latency_us=344.6 mitre_ttps=['T1003'] pid=10065 tier=ISOLATE
2026-06-08 15:46:37 [warning  ] enforcement_signal_dryrun      comm=bench pid=10066 signal=<Signals.SIGKILL: 9>
2026-06-08 15:46:37 [warning  ] enforcement_cgroup_freeze_dryrun pid=10066
2026-06-08 15:46:37 [info     ] cwae_decision                  comm=bench confidence=0.92 dry_run=True label=MALICIOUS latency_us=358.27 mitre_ttps=['T1003'] pid=10066 tier=ISOLATE
2026-06-08 15:46:37 [warning  ] enforcement_signal_dryrun      comm=bench pid=10067 signal=<Signals.SIGKILL: 9>
2026-06-08 15:46:37 [warning  ] enforcement_cgroup_freeze_dryrun pid=10067
2026-06-08 15:46:37 [info     ] cwae_decision                  comm=bench confidence=0.92 dry_run=True label=MALICIOUS latency_us=348.84 mitre_ttps=['T1003'] pid=10067 tier=ISOLATE
2026-06-08 15:46:37 [warning  ] enforcement_signal_dryrun      comm=bench pid=10068 signal=<Signals.SIGKILL: 9>
2026-06-08 15:46:37 [warning  ] enforcement_cgroup_freeze_dryrun pid=10068
2026-06-08 15:46:37 [info     ] cwae_decision                  comm=bench confidence=0.92 dry_run=True label=MALICIOUS latency_us=344.38 mitre_ttps=['T1003'] pid=10068 tier=ISOLATE
2026-06-08 15:46:37 [warning  ] enforcement_signal_dryrun      comm=bench pid=10069 signal=<Signals.SIGKILL: 9>
2026-06-08 15:46:37 [warning  ] enforcement_cgroup_freeze_dryrun pid=10069
2026-06-08 15:46:37 [info     ] cwae_decision                  comm=bench confidence=0.92 dry_run=True label=MALICIOUS latency_us=341.76 mitre_ttps=['T1003'] pid=10069 tier=ISOLATE
2026-06-08 15:46:38 [warning  ] enforcement_signal_dryrun      comm=bench pid=10070 signal=<Signals.SIGKILL: 9>
2026-06-08 15:46:38 [warning  ] enforcement_cgroup_freeze_dryrun pid=10070
2026-06-08 15:46:38 [info     ] cwae_decision                  comm=bench confidence=0.92 dry_run=True label=MALICIOUS latency_us=354.76 mitre_ttps=['T1003'] pid=10070 tier=ISOLATE
2026-06-08 15:46:38 [warning  ] enforcement_signal_dryrun      comm=bench pid=10071 signal=<Signals.SIGKILL: 9>
2026-06-08 15:46:38 [warning  ] enforcement_cgroup_freeze_dryrun pid=10071
2026-06-08 15:46:38 [info     ] cwae_decision                  comm=bench confidence=0.92 dry_run=True label=MALICIOUS latency_us=386.73 mitre_ttps=['T1003'] pid=10071 tier=ISOLATE
2026-06-08 15:46:38 [warning  ] enforcement_signal_dryrun      comm=bench pid=10072 signal=<Signals.SIGKILL: 9>
2026-06-08 15:46:38 [warning  ] enforcement_cgroup_freeze_dryrun pid=10072
2026-06-08 15:46:38 [info     ] cwae_decision                  comm=bench confidence=0.92 dry_run=True label=MALICIOUS latency_us=355.53 mitre_ttps=['T1003'] pid=10072 tier=ISOLATE
2026-06-08 15:46:38 [warning  ] enforcement_signal_dryrun      comm=bench pid=10073 signal=<Signals.SIGKILL: 9>
2026-06-08 15:46:38 [warning  ] enforcement_cgroup_freeze_dryrun pid=10073
2026-06-08 15:46:38 [info     ] cwae_decision                  comm=bench confidence=0.92 dry_run=True label=MALICIOUS latency_us=364.58 mitre_ttps=['T1003'] pid=10073 tier=ISOLATE
2026-06-08 15:46:38 [warning  ] enforcement_signal_dryrun      comm=bench pid=10074 signal=<Signals.SIGKILL: 9>
2026-06-08 15:46:38 [warning  ] enforcement_cgroup_freeze_dryrun pid=10074
2026-06-08 15:46:38 [info     ] cwae_decision                  comm=bench confidence=0.92 dry_run=True label=MALICIOUS latency_us=344.11 mitre_ttps=['T1003'] pid=10074 tier=ISOLATE
2026-06-08 15:46:38 [warning  ] enforcement_signal_dryrun      comm=bench pid=10075 signal=<Signals.SIGKILL: 9>
2026-06-08 15:46:38 [warning  ] enforcement_cgroup_freeze_dryrun pid=10075
2026-06-08 15:46:38 [info     ] cwae_decision                  comm=bench confidence=0.92 dry_run=True label=MALICIOUS latency_us=356.39 mitre_ttps=['T1003'] pid=10075 tier=ISOLATE
2026-06-08 15:46:38 [warning  ] enforcement_signal_dryrun      comm=bench pid=10076 signal=<Signals.SIGKILL: 9>
2026-06-08 15:46:38 [warning  ] enforcement_cgroup_freeze_dryrun pid=10076
2026-06-08 15:46:38 [info     ] cwae_decision                  comm=bench confidence=0.92 dry_run=True label=MALICIOUS latency_us=351.28 mitre_ttps=['T1003'] pid=10076 tier=ISOLATE
2026-06-08 15:46:38 [warning  ] enforcement_signal_dryrun      comm=bench pid=10077 signal=<Signals.SIGKILL: 9>
2026-06-08 15:46:38 [warning  ] enforcement_cgroup_freeze_dryrun pid=10077
2026-06-08 15:46:38 [info     ] cwae_decision                  comm=bench confidence=0.92 dry_run=True label=MALICIOUS latency_us=343.52 mitre_ttps=['T1003'] pid=10077 tier=ISOLATE
2026-06-08 15:46:38 [warning  ] enforcement_signal_dryrun      comm=bench pid=10078 signal=<Signals.SIGKILL: 9>
2026-06-08 15:46:38 [warning  ] enforcement_cgroup_freeze_dryrun pid=10078
2026-06-08 15:46:38 [info     ] cwae_decision                  comm=bench confidence=0.92 dry_run=True label=MALICIOUS latency_us=343.36 mitre_ttps=['T1003'] pid=10078 tier=ISOLATE
2026-06-08 15:46:38 [warning  ] enforcement_signal_dryrun      comm=bench pid=10079 signal=<Signals.SIGKILL: 9>
2026-06-08 15:46:38 [warning  ] enforcement_cgroup_freeze_dryrun pid=10079
2026-06-08 15:46:38 [info     ] cwae_decision                  comm=bench confidence=0.92 dry_run=True label=MALICIOUS latency_us=360.31 mitre_ttps=['T1003'] pid=10079 tier=ISOLATE
2026-06-08 15:46:38 [warning  ] enforcement_signal_dryrun      comm=bench pid=10080 signal=<Signals.SIGKILL: 9>
2026-06-08 15:46:38 [warning  ] enforcement_cgroup_freeze_dryrun pid=10080
2026-06-08 15:46:38 [info     ] cwae_decision                  comm=bench confidence=0.92 dry_run=True label=MALICIOUS latency_us=380.2 mitre_ttps=['T1003'] pid=10080 tier=ISOLATE
2026-06-08 15:46:38 [warning  ] enforcement_signal_dryrun      comm=bench pid=10081 signal=<Signals.SIGKILL: 9>
2026-06-08 15:46:38 [warning  ] enforcement_cgroup_freeze_dryrun pid=10081
2026-06-08 15:46:38 [info     ] cwae_decision                  comm=bench confidence=0.92 dry_run=True label=MALICIOUS latency_us=365.94 mitre_ttps=['T1003'] pid=10081 tier=ISOLATE
2026-06-08 15:46:38 [warning  ] enforcement_signal_dryrun      comm=bench pid=10082 signal=<Signals.SIGKILL: 9>
2026-06-08 15:46:38 [warning  ] enforcement_cgroup_freeze_dryrun pid=10082
2026-06-08 15:46:38 [info     ] cwae_decision                  comm=bench confidence=0.92 dry_run=True label=MALICIOUS latency_us=357.99 mitre_ttps=['T1003'] pid=10082 tier=ISOLATE
2026-06-08 15:46:38 [warning  ] enforcement_signal_dryrun      comm=bench pid=10083 signal=<Signals.SIGKILL: 9>
2026-06-08 15:46:38 [warning  ] enforcement_cgroup_freeze_dryrun pid=10083
2026-06-08 15:46:38 [info     ] cwae_decision                  comm=bench confidence=0.92 dry_run=True label=MALICIOUS latency_us=342.71 mitre_ttps=['T1003'] pid=10083 tier=ISOLATE
2026-06-08 15:46:38 [warning  ] enforcement_signal_dryrun      comm=bench pid=10084 signal=<Signals.SIGKILL: 9>
2026-06-08 15:46:38 [warning  ] enforcement_cgroup_freeze_dryrun pid=10084
2026-06-08 15:46:38 [info     ] cwae_decision                  comm=bench confidence=0.92 dry_run=True label=MALICIOUS latency_us=351.8 mitre_ttps=['T1003'] pid=10084 tier=ISOLATE
2026-06-08 15:46:38 [warning  ] enforcement_signal_dryrun      comm=bench pid=10085 signal=<Signals.SIGKILL: 9>
2026-06-08 15:46:38 [warning  ] enforcement_cgroup_freeze_dryrun pid=10085
2026-06-08 15:46:38 [info     ] cwae_decision                  comm=bench confidence=0.92 dry_run=True label=MALICIOUS latency_us=349.7 mitre_ttps=['T1003'] pid=10085 tier=ISOLATE
2026-06-08 15:46:38 [warning  ] enforcement_signal_dryrun      comm=bench pid=10086 signal=<Signals.SIGKILL: 9>
2026-06-08 15:46:38 [warning  ] enforcement_cgroup_freeze_dryrun pid=10086
2026-06-08 15:46:38 [info     ] cwae_decision                  comm=bench confidence=0.92 dry_run=True label=MALICIOUS latency_us=346.32 mitre_ttps=['T1003'] pid=10086 tier=ISOLATE
2026-06-08 15:46:38 [warning  ] enforcement_signal_dryrun      comm=bench pid=10087 signal=<Signals.SIGKILL: 9>
2026-06-08 15:46:38 [warning  ] enforcement_cgroup_freeze_dryrun pid=10087
2026-06-08 15:46:38 [info     ] cwae_decision                  comm=bench confidence=0.92 dry_run=True label=MALICIOUS latency_us=342.14 mitre_ttps=['T1003'] pid=10087 tier=ISOLATE
2026-06-08 15:46:38 [warning  ] enforcement_signal_dryrun      comm=bench pid=10088 signal=<Signals.SIGKILL: 9>
2026-06-08 15:46:38 [warning  ] enforcement_cgroup_freeze_dryrun pid=10088
2026-06-08 15:46:38 [info     ] cwae_decision                  comm=bench confidence=0.92 dry_run=True label=MALICIOUS latency_us=356.46 mitre_ttps=['T1003'] pid=10088 tier=ISOLATE
2026-06-08 15:46:38 [warning  ] enforcement_signal_dryrun      comm=bench pid=10089 signal=<Signals.SIGKILL: 9>
2026-06-08 15:46:38 [warning  ] enforcement_cgroup_freeze_dryrun pid=10089
2026-06-08 15:46:38 [info     ] cwae_decision                  comm=bench confidence=0.92 dry_run=True label=MALICIOUS latency_us=380.33 mitre_ttps=['T1003'] pid=10089 tier=ISOLATE
2026-06-08 15:46:38 [warning  ] enforcement_signal_dryrun      comm=bench pid=10090 signal=<Signals.SIGKILL: 9>
2026-06-08 15:46:38 [warning  ] enforcement_cgroup_freeze_dryrun pid=10090
2026-06-08 15:46:38 [info     ] cwae_decision                  comm=bench confidence=0.92 dry_run=True label=MALICIOUS latency_us=368.1 mitre_ttps=['T1003'] pid=10090 tier=ISOLATE
2026-06-08 15:46:38 [warning  ] enforcement_signal_dryrun      comm=bench pid=10091 signal=<Signals.SIGKILL: 9>
2026-06-08 15:46:38 [warning  ] enforcement_cgroup_freeze_dryrun pid=10091
2026-06-08 15:46:38 [info     ] cwae_decision                  comm=bench confidence=0.92 dry_run=True label=MALICIOUS latency_us=365.87 mitre_ttps=['T1003'] pid=10091 tier=ISOLATE
2026-06-08 15:46:38 [warning  ] enforcement_signal_dryrun      comm=bench pid=10092 signal=<Signals.SIGKILL: 9>
2026-06-08 15:46:38 [warning  ] enforcement_cgroup_freeze_dryrun pid=10092
2026-06-08 15:46:38 [info     ] cwae_decision                  comm=bench confidence=0.92 dry_run=True label=MALICIOUS latency_us=341.6 mitre_ttps=['T1003'] pid=10092 tier=ISOLATE
2026-06-08 15:46:38 [warning  ] enforcement_signal_dryrun      comm=bench pid=10093 signal=<Signals.SIGKILL: 9>
2026-06-08 15:46:38 [warning  ] enforcement_cgroup_freeze_dryrun pid=10093
2026-06-08 15:46:38 [info     ] cwae_decision                  comm=bench confidence=0.92 dry_run=True label=MALICIOUS latency_us=356.84 mitre_ttps=['T1003'] pid=10093 tier=ISOLATE
2026-06-08 15:46:38 [warning  ] enforcement_signal_dryrun      comm=bench pid=10094 signal=<Signals.SIGKILL: 9>
2026-06-08 15:46:38 [warning  ] enforcement_cgroup_freeze_dryrun pid=10094
2026-06-08 15:46:38 [info     ] cwae_decision                  comm=bench confidence=0.92 dry_run=True label=MALICIOUS latency_us=355.6 mitre_ttps=['T1003'] pid=10094 tier=ISOLATE
2026-06-08 15:46:38 [warning  ] enforcement_signal_dryrun      comm=bench pid=10095 signal=<Signals.SIGKILL: 9>
2026-06-08 15:46:38 [warning  ] enforcement_cgroup_freeze_dryrun pid=10095
2026-06-08 15:46:38 [info     ] cwae_decision                  comm=bench confidence=0.92 dry_run=True label=MALICIOUS latency_us=344.86 mitre_ttps=['T1003'] pid=10095 tier=ISOLATE
2026-06-08 15:46:38 [warning  ] enforcement_signal_dryrun      comm=bench pid=10096 signal=<Signals.SIGKILL: 9>
2026-06-08 15:46:38 [warning  ] enforcement_cgroup_freeze_dryrun pid=10096
2026-06-08 15:46:38 [info     ] cwae_decision                  comm=bench confidence=0.92 dry_run=True label=MALICIOUS latency_us=340.94 mitre_ttps=['T1003'] pid=10096 tier=ISOLATE
2026-06-08 15:46:38 [warning  ] enforcement_signal_dryrun      comm=bench pid=10097 signal=<Signals.SIGKILL: 9>
2026-06-08 15:46:38 [warning  ] enforcement_cgroup_freeze_dryrun pid=10097
2026-06-08 15:46:38 [info     ] cwae_decision                  comm=bench confidence=0.92 dry_run=True label=MALICIOUS latency_us=359.68 mitre_ttps=['T1003'] pid=10097 tier=ISOLATE
2026-06-08 15:46:38 [warning  ] enforcement_signal_dryrun      comm=bench pid=10098 signal=<Signals.SIGKILL: 9>
2026-06-08 15:46:38 [warning  ] enforcement_cgroup_freeze_dryrun pid=10098
2026-06-08 15:46:38 [info     ] cwae_decision                  comm=bench confidence=0.92 dry_run=True label=MALICIOUS latency_us=384.89 mitre_ttps=['T1003'] pid=10098 tier=ISOLATE
2026-06-08 15:46:38 [warning  ] enforcement_signal_dryrun      comm=bench pid=9999 signal=<Signals.SIGKILL: 9>
2026-06-08 15:46:38 [warning  ] enforcement_cgroup_freeze_dryrun pid=9999
2026-06-08 15:46:38 [info     ] cwae_decision                  comm=bench confidence=0.92 dry_run=True label=MALICIOUS latency_us=369.65 mitre_ttps=['T1003'] pid=9999 tier=ISOLATE
2026-06-08 15:46:38 [warning  ] enforcement_signal_dryrun      comm=bench pid=10000 signal=<Signals.SIGKILL: 9>
2026-06-08 15:46:38 [warning  ] enforcement_cgroup_freeze_dryrun pid=10000
2026-06-08 15:46:38 [info     ] cwae_decision                  comm=bench confidence=0.92 dry_run=True label=MALICIOUS latency_us=378.28 mitre_ttps=['T1003'] pid=10000 tier=ISOLATE
2026-06-08 15:46:38 [warning  ] enforcement_signal_dryrun      comm=bench pid=10001 signal=<Signals.SIGKILL: 9>
2026-06-08 15:46:38 [warning  ] enforcement_cgroup_freeze_dryrun pid=10001
2026-06-08 15:46:38 [info     ] cwae_decision                  comm=bench confidence=0.92 dry_run=True label=MALICIOUS latency_us=358.16 mitre_ttps=['T1003'] pid=10001 tier=ISOLATE
2026-06-08 15:46:38 [warning  ] enforcement_signal_dryrun      comm=bench pid=10002 signal=<Signals.SIGKILL: 9>
2026-06-08 15:46:38 [warning  ] enforcement_cgroup_freeze_dryrun pid=10002
2026-06-08 15:46:38 [info     ] cwae_decision                  comm=bench confidence=0.92 dry_run=True label=MALICIOUS latency_us=350.68 mitre_ttps=['T1003'] pid=10002 tier=ISOLATE
2026-06-08 15:46:38 [warning  ] enforcement_signal_dryrun      comm=bench pid=10003 signal=<Signals.SIGKILL: 9>
2026-06-08 15:46:38 [warning  ] enforcement_cgroup_freeze_dryrun pid=10003
2026-06-08 15:46:38 [info     ] cwae_decision                  comm=bench confidence=0.92 dry_run=True label=MALICIOUS latency_us=342.96 mitre_ttps=['T1003'] pid=10003 tier=ISOLATE
2026-06-08 15:46:38 [warning  ] enforcement_signal_dryrun      comm=bench pid=10004 signal=<Signals.SIGKILL: 9>
2026-06-08 15:46:38 [warning  ] enforcement_cgroup_freeze_dryrun pid=10004
2026-06-08 15:46:38 [info     ] cwae_decision                  comm=bench confidence=0.92 dry_run=True label=MALICIOUS latency_us=355.69 mitre_ttps=['T1003'] pid=10004 tier=ISOLATE
2026-06-08 15:46:38 [warning  ] enforcement_signal_dryrun      comm=bench pid=10005 signal=<Signals.SIGKILL: 9>
2026-06-08 15:46:38 [warning  ] enforcement_cgroup_freeze_dryrun pid=10005
2026-06-08 15:46:38 [info     ] cwae_decision                  comm=bench confidence=0.92 dry_run=True label=MALICIOUS latency_us=345.59 mitre_ttps=['T1003'] pid=10005 tier=ISOLATE
2026-06-08 15:46:38 [warning  ] enforcement_signal_dryrun      comm=bench pid=10006 signal=<Signals.SIGKILL: 9>
2026-06-08 15:46:38 [warning  ] enforcement_cgroup_freeze_dryrun pid=10006
2026-06-08 15:46:38 [info     ] cwae_decision                  comm=bench confidence=0.92 dry_run=True label=MALICIOUS latency_us=354.63 mitre_ttps=['T1003'] pid=10006 tier=ISOLATE
2026-06-08 15:46:38 [warning  ] enforcement_signal_dryrun      comm=bench pid=10007 signal=<Signals.SIGKILL: 9>
2026-06-08 15:46:38 [warning  ] enforcement_cgroup_freeze_dryrun pid=10007
2026-06-08 15:46:38 [info     ] cwae_decision                  comm=bench confidence=0.92 dry_run=True label=MALICIOUS latency_us=364.13 mitre_ttps=['T1003'] pid=10007 tier=ISOLATE
2026-06-08 15:46:38 [warning  ] enforcement_signal_dryrun      comm=bench pid=10008 signal=<Signals.SIGKILL: 9>
2026-06-08 15:46:38 [warning  ] enforcement_cgroup_freeze_dryrun pid=10008
2026-06-08 15:46:38 [info     ] cwae_decision                  comm=bench confidence=0.92 dry_run=True label=MALICIOUS latency_us=358.77 mitre_ttps=['T1003'] pid=10008 tier=ISOLATE
2026-06-08 15:46:38 [warning  ] enforcement_signal_dryrun      comm=bench pid=10009 signal=<Signals.SIGKILL: 9>
2026-06-08 15:46:38 [warning  ] enforcement_cgroup_freeze_dryrun pid=10009
2026-06-08 15:46:38 [info     ] cwae_decision                  comm=bench confidence=0.92 dry_run=True label=MALICIOUS latency_us=362.79 mitre_ttps=['T1003'] pid=10009 tier=ISOLATE
2026-06-08 15:46:38 [warning  ] enforcement_signal_dryrun      comm=bench pid=10010 signal=<Signals.SIGKILL: 9>
2026-06-08 15:46:38 [warning  ] enforcement_cgroup_freeze_dryrun pid=10010
2026-06-08 15:46:38 [info     ] cwae_decision                  comm=bench confidence=0.92 dry_run=True label=MALICIOUS latency_us=343.31 mitre_ttps=['T1003'] pid=10010 tier=ISOLATE
2026-06-08 15:46:38 [warning  ] enforcement_signal_dryrun      comm=bench pid=10011 signal=<Signals.SIGKILL: 9>
2026-06-08 15:46:38 [warning  ] enforcement_cgroup_freeze_dryrun pid=10011
2026-06-08 15:46:38 [info     ] cwae_decision                  comm=bench confidence=0.92 dry_run=True label=MALICIOUS latency_us=358.18 mitre_ttps=['T1003'] pid=10011 tier=ISOLATE
2026-06-08 15:46:38 [warning  ] enforcement_signal_dryrun      comm=bench pid=10012 signal=<Signals.SIGKILL: 9>
2026-06-08 15:46:38 [warning  ] enforcement_cgroup_freeze_dryrun pid=10012
2026-06-08 15:46:38 [info     ] cwae_decision                  comm=bench confidence=0.92 dry_run=True label=MALICIOUS latency_us=350.53 mitre_ttps=['T1003'] pid=10012 tier=ISOLATE
2026-06-08 15:46:38 [warning  ] enforcement_signal_dryrun      comm=bench pid=10013 signal=<Signals.SIGKILL: 9>
2026-06-08 15:46:38 [warning  ] enforcement_cgroup_freeze_dryrun pid=10013
2026-06-08 15:46:38 [info     ] cwae_decision                  comm=bench confidence=0.92 dry_run=True label=MALICIOUS latency_us=347.46 mitre_ttps=['T1003'] pid=10013 tier=ISOLATE
2026-06-08 15:46:38 [warning  ] enforcement_signal_dryrun      comm=bench pid=10014 signal=<Signals.SIGKILL: 9>
2026-06-08 15:46:38 [warning  ] enforcement_cgroup_freeze_dryrun pid=10014
2026-06-08 15:46:38 [info     ] cwae_decision                  comm=bench confidence=0.92 dry_run=True label=MALICIOUS latency_us=342.32 mitre_ttps=['T1003'] pid=10014 tier=ISOLATE
2026-06-08 15:46:38 [warning  ] enforcement_signal_dryrun      comm=bench pid=10015 signal=<Signals.SIGKILL: 9>
2026-06-08 15:46:38 [warning  ] enforcement_cgroup_freeze_dryrun pid=10015
2026-06-08 15:46:38 [info     ] cwae_decision                  comm=bench confidence=0.92 dry_run=True label=MALICIOUS latency_us=356.33 mitre_ttps=['T1003'] pid=10015 tier=ISOLATE
2026-06-08 15:46:38 [warning  ] enforcement_signal_dryrun      comm=bench pid=10016 signal=<Signals.SIGKILL: 9>
2026-06-08 15:46:38 [warning  ] enforcement_cgroup_freeze_dryrun pid=10016
2026-06-08 15:46:38 [info     ] cwae_decision                  comm=bench confidence=0.92 dry_run=True label=MALICIOUS latency_us=367.83 mitre_ttps=['T1003'] pid=10016 tier=ISOLATE
2026-06-08 15:46:38 [warning  ] enforcement_signal_dryrun      comm=bench pid=10017 signal=<Signals.SIGKILL: 9>
2026-06-08 15:46:38 [warning  ] enforcement_cgroup_freeze_dryrun pid=10017
2026-06-08 15:46:38 [info     ] cwae_decision                  comm=bench confidence=0.92 dry_run=True label=MALICIOUS latency_us=356.24 mitre_ttps=['T1003'] pid=10017 tier=ISOLATE
2026-06-08 15:46:38 [warning  ] enforcement_signal_dryrun      comm=bench pid=10018 signal=<Signals.SIGKILL: 9>
2026-06-08 15:46:38 [warning  ] enforcement_cgroup_freeze_dryrun pid=10018
2026-06-08 15:46:38 [info     ] cwae_decision                  comm=bench confidence=0.92 dry_run=True label=MALICIOUS latency_us=363.37 mitre_ttps=['T1003'] pid=10018 tier=ISOLATE
2026-06-08 15:46:38 [warning  ] enforcement_signal_dryrun      comm=bench pid=10019 signal=<Signals.SIGKILL: 9>
2026-06-08 15:46:38 [warning  ] enforcement_cgroup_freeze_dryrun pid=10019
2026-06-08 15:46:38 [info     ] cwae_decision                  comm=bench confidence=0.92 dry_run=True label=MALICIOUS latency_us=345.4 mitre_ttps=['T1003'] pid=10019 tier=ISOLATE
2026-06-08 15:46:38 [warning  ] enforcement_signal_dryrun      comm=bench pid=10020 signal=<Signals.SIGKILL: 9>
2026-06-08 15:46:38 [warning  ] enforcement_cgroup_freeze_dryrun pid=10020
2026-06-08 15:46:38 [info     ] cwae_decision                  comm=bench confidence=0.92 dry_run=True label=MALICIOUS latency_us=358.01 mitre_ttps=['T1003'] pid=10020 tier=ISOLATE
2026-06-08 15:46:38 [warning  ] enforcement_signal_dryrun      comm=bench pid=10021 signal=<Signals.SIGKILL: 9>
2026-06-08 15:46:38 [warning  ] enforcement_cgroup_freeze_dryrun pid=10021
2026-06-08 15:46:38 [info     ] cwae_decision                  comm=bench confidence=0.92 dry_run=True label=MALICIOUS latency_us=352.27 mitre_ttps=['T1003'] pid=10021 tier=ISOLATE
2026-06-08 15:46:38 [warning  ] enforcement_signal_dryrun      comm=bench pid=10022 signal=<Signals.SIGKILL: 9>
2026-06-08 15:46:38 [warning  ] enforcement_cgroup_freeze_dryrun pid=10022
2026-06-08 15:46:38 [info     ] cwae_decision                  comm=bench confidence=0.92 dry_run=True label=MALICIOUS latency_us=344.58 mitre_ttps=['T1003'] pid=10022 tier=ISOLATE
2026-06-08 15:46:38 [warning  ] enforcement_signal_dryrun      comm=bench pid=10023 signal=<Signals.SIGKILL: 9>
2026-06-08 15:46:38 [warning  ] enforcement_cgroup_freeze_dryrun pid=10023
2026-06-08 15:46:38 [info     ] cwae_decision                  comm=bench confidence=0.92 dry_run=True label=MALICIOUS latency_us=346.15 mitre_ttps=['T1003'] pid=10023 tier=ISOLATE
2026-06-08 15:46:38 [warning  ] enforcement_signal_dryrun      comm=bench pid=10024 signal=<Signals.SIGKILL: 9>
2026-06-08 15:46:38 [warning  ] enforcement_cgroup_freeze_dryrun pid=10024
2026-06-08 15:46:38 [info     ] cwae_decision                  comm=bench confidence=0.92 dry_run=True label=MALICIOUS latency_us=351.82 mitre_ttps=['T1003'] pid=10024 tier=ISOLATE
2026-06-08 15:46:38 [warning  ] enforcement_signal_dryrun      comm=bench pid=10025 signal=<Signals.SIGKILL: 9>
2026-06-08 15:46:38 [warning  ] enforcement_cgroup_freeze_dryrun pid=10025
2026-06-08 15:46:38 [info     ] cwae_decision                  comm=bench confidence=0.92 dry_run=True label=MALICIOUS latency_us=387.83 mitre_ttps=['T1003'] pid=10025 tier=ISOLATE
2026-06-08 15:46:38 [warning  ] enforcement_signal_dryrun      comm=bench pid=10026 signal=<Signals.SIGKILL: 9>
2026-06-08 15:46:38 [warning  ] enforcement_cgroup_freeze_dryrun pid=10026
2026-06-08 15:46:38 [info     ] cwae_decision                  comm=bench confidence=0.92 dry_run=True label=MALICIOUS latency_us=380.39 mitre_ttps=['T1003'] pid=10026 tier=ISOLATE
2026-06-08 15:46:38 [warning  ] enforcement_signal_dryrun      comm=bench pid=10027 signal=<Signals.SIGKILL: 9>
2026-06-08 15:46:38 [warning  ] enforcement_cgroup_freeze_dryrun pid=10027
2026-06-08 15:46:38 [info     ] cwae_decision                  comm=bench confidence=0.92 dry_run=True label=MALICIOUS latency_us=365.76 mitre_ttps=['T1003'] pid=10027 tier=ISOLATE
2026-06-08 15:46:38 [warning  ] enforcement_signal_dryrun      comm=bench pid=10028 signal=<Signals.SIGKILL: 9>
2026-06-08 15:46:38 [warning  ] enforcement_cgroup_freeze_dryrun pid=10028
2026-06-08 15:46:38 [info     ] cwae_decision                  comm=bench confidence=0.92 dry_run=True label=MALICIOUS latency_us=363.34 mitre_ttps=['T1003'] pid=10028 tier=ISOLATE
2026-06-08 15:46:38 [warning  ] enforcement_signal_dryrun      comm=bench pid=10029 signal=<Signals.SIGKILL: 9>
2026-06-08 15:46:38 [warning  ] enforcement_cgroup_freeze_dryrun pid=10029
2026-06-08 15:46:38 [info     ] cwae_decision                  comm=bench confidence=0.92 dry_run=True label=MALICIOUS latency_us=354.26 mitre_ttps=['T1003'] pid=10029 tier=ISOLATE
2026-06-08 15:46:38 [warning  ] enforcement_signal_dryrun      comm=bench pid=10030 signal=<Signals.SIGKILL: 9>
2026-06-08 15:46:38 [warning  ] enforcement_cgroup_freeze_dryrun pid=10030
2026-06-08 15:46:38 [info     ] cwae_decision                  comm=bench confidence=0.92 dry_run=True label=MALICIOUS latency_us=359.55 mitre_ttps=['T1003'] pid=10030 tier=ISOLATE
2026-06-08 15:46:38 [warning  ] enforcement_signal_dryrun      comm=bench pid=10031 signal=<Signals.SIGKILL: 9>
2026-06-08 15:46:38 [warning  ] enforcement_cgroup_freeze_dryrun pid=10031
2026-06-08 15:46:38 [info     ] cwae_decision                  comm=bench confidence=0.92 dry_run=True label=MALICIOUS latency_us=349.12 mitre_ttps=['T1003'] pid=10031 tier=ISOLATE
2026-06-08 15:46:38 [warning  ] enforcement_signal_dryrun      comm=bench pid=10032 signal=<Signals.SIGKILL: 9>
2026-06-08 15:46:38 [warning  ] enforcement_cgroup_freeze_dryrun pid=10032
2026-06-08 15:46:38 [info     ] cwae_decision                  comm=bench confidence=0.92 dry_run=True label=MALICIOUS latency_us=349.63 mitre_ttps=['T1003'] pid=10032 tier=ISOLATE
2026-06-08 15:46:38 [warning  ] enforcement_signal_dryrun      comm=bench pid=10033 signal=<Signals.SIGKILL: 9>
2026-06-08 15:46:38 [warning  ] enforcement_cgroup_freeze_dryrun pid=10033
2026-06-08 15:46:38 [info     ] cwae_decision                  comm=bench confidence=0.92 dry_run=True label=MALICIOUS latency_us=340.38 mitre_ttps=['T1003'] pid=10033 tier=ISOLATE
2026-06-08 15:46:38 [warning  ] enforcement_signal_dryrun      comm=bench pid=10034 signal=<Signals.SIGKILL: 9>
2026-06-08 15:46:38 [warning  ] enforcement_cgroup_freeze_dryrun pid=10034
2026-06-08 15:46:38 [info     ] cwae_decision                  comm=bench confidence=0.92 dry_run=True label=MALICIOUS latency_us=355.96 mitre_ttps=['T1003'] pid=10034 tier=ISOLATE
2026-06-08 15:46:38 [warning  ] enforcement_signal_dryrun      comm=bench pid=10035 signal=<Signals.SIGKILL: 9>
2026-06-08 15:46:38 [warning  ] enforcement_cgroup_freeze_dryrun pid=10035
2026-06-08 15:46:38 [info     ] cwae_decision                  comm=bench confidence=0.92 dry_run=True label=MALICIOUS latency_us=358.39 mitre_ttps=['T1003'] pid=10035 tier=ISOLATE
2026-06-08 15:46:38 [warning  ] enforcement_signal_dryrun      comm=bench pid=10036 signal=<Signals.SIGKILL: 9>
2026-06-08 15:46:38 [warning  ] enforcement_cgroup_freeze_dryrun pid=10036
2026-06-08 15:46:38 [info     ] cwae_decision                  comm=bench confidence=0.92 dry_run=True label=MALICIOUS latency_us=355.11 mitre_ttps=['T1003'] pid=10036 tier=ISOLATE
2026-06-08 15:46:38 [warning  ] enforcement_signal_dryrun      comm=bench pid=10037 signal=<Signals.SIGKILL: 9>
2026-06-08 15:46:38 [warning  ] enforcement_cgroup_freeze_dryrun pid=10037
2026-06-08 15:46:38 [info     ] cwae_decision                  comm=bench confidence=0.92 dry_run=True label=MALICIOUS latency_us=364.23 mitre_ttps=['T1003'] pid=10037 tier=ISOLATE
2026-06-08 15:46:38 [warning  ] enforcement_signal_dryrun      comm=bench pid=10038 signal=<Signals.SIGKILL: 9>
2026-06-08 15:46:38 [warning  ] enforcement_cgroup_freeze_dryrun pid=10038
2026-06-08 15:46:38 [info     ] cwae_decision                  comm=bench confidence=0.92 dry_run=True label=MALICIOUS latency_us=352.39 mitre_ttps=['T1003'] pid=10038 tier=ISOLATE
2026-06-08 15:46:38 [warning  ] enforcement_signal_dryrun      comm=bench pid=10039 signal=<Signals.SIGKILL: 9>
2026-06-08 15:46:38 [warning  ] enforcement_cgroup_freeze_dryrun pid=10039
2026-06-08 15:46:38 [info     ] cwae_decision                  comm=bench confidence=0.92 dry_run=True label=MALICIOUS latency_us=359.08 mitre_ttps=['T1003'] pid=10039 tier=ISOLATE
2026-06-08 15:46:38 [warning  ] enforcement_signal_dryrun      comm=bench pid=10040 signal=<Signals.SIGKILL: 9>
2026-06-08 15:46:38 [warning  ] enforcement_cgroup_freeze_dryrun pid=10040
2026-06-08 15:46:38 [info     ] cwae_decision                  comm=bench confidence=0.92 dry_run=True label=MALICIOUS latency_us=355.14 mitre_ttps=['T1003'] pid=10040 tier=ISOLATE
2026-06-08 15:46:38 [warning  ] enforcement_signal_dryrun      comm=bench pid=10041 signal=<Signals.SIGKILL: 9>
2026-06-08 15:46:38 [warning  ] enforcement_cgroup_freeze_dryrun pid=10041
2026-06-08 15:46:38 [info     ] cwae_decision                  comm=bench confidence=0.92 dry_run=True label=MALICIOUS latency_us=343.84 mitre_ttps=['T1003'] pid=10041 tier=ISOLATE
2026-06-08 15:46:38 [warning  ] enforcement_signal_dryrun      comm=bench pid=10042 signal=<Signals.SIGKILL: 9>
2026-06-08 15:46:38 [warning  ] enforcement_cgroup_freeze_dryrun pid=10042
2026-06-08 15:46:38 [info     ] cwae_decision                  comm=bench confidence=0.92 dry_run=True label=MALICIOUS latency_us=341.81 mitre_ttps=['T1003'] pid=10042 tier=ISOLATE
2026-06-08 15:46:38 [warning  ] enforcement_signal_dryrun      comm=bench pid=10043 signal=<Signals.SIGKILL: 9>
2026-06-08 15:46:38 [warning  ] enforcement_cgroup_freeze_dryrun pid=10043
2026-06-08 15:46:38 [info     ] cwae_decision                  comm=bench confidence=0.92 dry_run=True label=MALICIOUS latency_us=365.68 mitre_ttps=['T1003'] pid=10043 tier=ISOLATE
2026-06-08 15:46:38 [warning  ] enforcement_signal_dryrun      comm=bench pid=10044 signal=<Signals.SIGKILL: 9>
2026-06-08 15:46:38 [warning  ] enforcement_cgroup_freeze_dryrun pid=10044
2026-06-08 15:46:38 [info     ] cwae_decision                  comm=bench confidence=0.92 dry_run=True label=MALICIOUS latency_us=376.13 mitre_ttps=['T1003'] pid=10044 tier=ISOLATE
2026-06-08 15:46:38 [warning  ] enforcement_signal_dryrun      comm=bench pid=10045 signal=<Signals.SIGKILL: 9>
2026-06-08 15:46:38 [warning  ] enforcement_cgroup_freeze_dryrun pid=10045
2026-06-08 15:46:38 [info     ] cwae_decision                  comm=bench confidence=0.92 dry_run=True label=MALICIOUS latency_us=358.15 mitre_ttps=['T1003'] pid=10045 tier=ISOLATE
2026-06-08 15:46:38 [warning  ] enforcement_signal_dryrun      comm=bench pid=10046 signal=<Signals.SIGKILL: 9>
2026-06-08 15:46:38 [warning  ] enforcement_cgroup_freeze_dryrun pid=10046
2026-06-08 15:46:38 [info     ] cwae_decision                  comm=bench confidence=0.92 dry_run=True label=MALICIOUS latency_us=368.33 mitre_ttps=['T1003'] pid=10046 tier=ISOLATE
2026-06-08 15:46:38 [warning  ] enforcement_signal_dryrun      comm=bench pid=10047 signal=<Signals.SIGKILL: 9>
2026-06-08 15:46:38 [warning  ] enforcement_cgroup_freeze_dryrun pid=10047
2026-06-08 15:46:38 [info     ] cwae_decision                  comm=bench confidence=0.92 dry_run=True label=MALICIOUS latency_us=341.37 mitre_ttps=['T1003'] pid=10047 tier=ISOLATE
2026-06-08 15:46:38 [warning  ] enforcement_signal_dryrun      comm=bench pid=10048 signal=<Signals.SIGKILL: 9>
2026-06-08 15:46:38 [warning  ] enforcement_cgroup_freeze_dryrun pid=10048
2026-06-08 15:46:38 [info     ] cwae_decision                  comm=bench confidence=0.92 dry_run=True label=MALICIOUS latency_us=357.24 mitre_ttps=['T1003'] pid=10048 tier=ISOLATE
2026-06-08 15:46:38 [warning  ] enforcement_signal_dryrun      comm=bench pid=10049 signal=<Signals.SIGKILL: 9>
2026-06-08 15:46:38 [warning  ] enforcement_cgroup_freeze_dryrun pid=10049
2026-06-08 15:46:38 [info     ] cwae_decision                  comm=bench confidence=0.92 dry_run=True label=MALICIOUS latency_us=358.27 mitre_ttps=['T1003'] pid=10049 tier=ISOLATE
2026-06-08 15:46:38 [warning  ] enforcement_signal_dryrun      comm=bench pid=10050 signal=<Signals.SIGKILL: 9>
2026-06-08 15:46:38 [warning  ] enforcement_cgroup_freeze_dryrun pid=10050
2026-06-08 15:46:38 [info     ] cwae_decision                  comm=bench confidence=0.92 dry_run=True label=MALICIOUS latency_us=346.84 mitre_ttps=['T1003'] pid=10050 tier=ISOLATE
2026-06-08 15:46:38 [warning  ] enforcement_signal_dryrun      comm=bench pid=10051 signal=<Signals.SIGKILL: 9>
2026-06-08 15:46:38 [warning  ] enforcement_cgroup_freeze_dryrun pid=10051
2026-06-08 15:46:38 [info     ] cwae_decision                  comm=bench confidence=0.92 dry_run=True label=MALICIOUS latency_us=342.0 mitre_ttps=['T1003'] pid=10051 tier=ISOLATE
2026-06-08 15:46:38 [warning  ] enforcement_signal_dryrun      comm=bench pid=10052 signal=<Signals.SIGKILL: 9>
2026-06-08 15:46:38 [warning  ] enforcement_cgroup_freeze_dryrun pid=10052
2026-06-08 15:46:38 [info     ] cwae_decision                  comm=bench confidence=0.92 dry_run=True label=MALICIOUS latency_us=357.62 mitre_ttps=['T1003'] pid=10052 tier=ISOLATE
2026-06-08 15:46:38 [warning  ] enforcement_signal_dryrun      comm=bench pid=10053 signal=<Signals.SIGKILL: 9>
2026-06-08 15:46:38 [warning  ] enforcement_cgroup_freeze_dryrun pid=10053
2026-06-08 15:46:38 [info     ] cwae_decision                  comm=bench confidence=0.92 dry_run=True label=MALICIOUS latency_us=359.84 mitre_ttps=['T1003'] pid=10053 tier=ISOLATE
2026-06-08 15:46:38 [warning  ] enforcement_signal_dryrun      comm=bench pid=10054 signal=<Signals.SIGKILL: 9>
2026-06-08 15:46:38 [warning  ] enforcement_cgroup_freeze_dryrun pid=10054
2026-06-08 15:46:38 [info     ] cwae_decision                  comm=bench confidence=0.92 dry_run=True label=MALICIOUS latency_us=351.66 mitre_ttps=['T1003'] pid=10054 tier=ISOLATE
2026-06-08 15:46:38 [warning  ] enforcement_signal_dryrun      comm=bench pid=10055 signal=<Signals.SIGKILL: 9>
2026-06-08 15:46:38 [warning  ] enforcement_cgroup_freeze_dryrun pid=10055
2026-06-08 15:46:38 [info     ] cwae_decision                  comm=bench confidence=0.92 dry_run=True label=MALICIOUS latency_us=365.79 mitre_ttps=['T1003'] pid=10055 tier=ISOLATE
2026-06-08 15:46:38 [warning  ] enforcement_signal_dryrun      comm=bench pid=10056 signal=<Signals.SIGKILL: 9>
2026-06-08 15:46:38 [warning  ] enforcement_cgroup_freeze_dryrun pid=10056
2026-06-08 15:46:38 [info     ] cwae_decision                  comm=bench confidence=0.92 dry_run=True label=MALICIOUS latency_us=343.48 mitre_ttps=['T1003'] pid=10056 tier=ISOLATE
2026-06-08 15:46:38 [warning  ] enforcement_signal_dryrun      comm=bench pid=10057 signal=<Signals.SIGKILL: 9>
2026-06-08 15:46:38 [warning  ] enforcement_cgroup_freeze_dryrun pid=10057
2026-06-08 15:46:38 [info     ] cwae_decision                  comm=bench confidence=0.92 dry_run=True label=MALICIOUS latency_us=358.03 mitre_ttps=['T1003'] pid=10057 tier=ISOLATE
2026-06-08 15:46:38 [warning  ] enforcement_signal_dryrun      comm=bench pid=10058 signal=<Signals.SIGKILL: 9>
2026-06-08 15:46:38 [warning  ] enforcement_cgroup_freeze_dryrun pid=10058
2026-06-08 15:46:38 [info     ] cwae_decision                  comm=bench confidence=0.92 dry_run=True label=MALICIOUS latency_us=350.8 mitre_ttps=['T1003'] pid=10058 tier=ISOLATE
2026-06-08 15:46:38 [warning  ] enforcement_signal_dryrun      comm=bench pid=10059 signal=<Signals.SIGKILL: 9>
2026-06-08 15:46:38 [warning  ] enforcement_cgroup_freeze_dryrun pid=10059
2026-06-08 15:46:38 [info     ] cwae_decision                  comm=bench confidence=0.92 dry_run=True label=MALICIOUS latency_us=345.46 mitre_ttps=['T1003'] pid=10059 tier=ISOLATE
2026-06-08 15:46:38 [warning  ] enforcement_signal_dryrun      comm=bench pid=10060 signal=<Signals.SIGKILL: 9>
2026-06-08 15:46:38 [warning  ] enforcement_cgroup_freeze_dryrun pid=10060
2026-06-08 15:46:38 [info     ] cwae_decision                  comm=bench confidence=0.92 dry_run=True label=MALICIOUS latency_us=354.95 mitre_ttps=['T1003'] pid=10060 tier=ISOLATE
2026-06-08 15:46:38 [warning  ] enforcement_signal_dryrun      comm=bench pid=10061 signal=<Signals.SIGKILL: 9>
2026-06-08 15:46:38 [warning  ] enforcement_cgroup_freeze_dryrun pid=10061
2026-06-08 15:46:38 [info     ] cwae_decision                  comm=bench confidence=0.92 dry_run=True label=MALICIOUS latency_us=354.48 mitre_ttps=['T1003'] pid=10061 tier=ISOLATE
2026-06-08 15:46:38 [warning  ] enforcement_signal_dryrun      comm=bench pid=10062 signal=<Signals.SIGKILL: 9>
2026-06-08 15:46:38 [warning  ] enforcement_cgroup_freeze_dryrun pid=10062
2026-06-08 15:46:38 [info     ] cwae_decision                  comm=bench confidence=0.92 dry_run=True label=MALICIOUS latency_us=356.75 mitre_ttps=['T1003'] pid=10062 tier=ISOLATE
2026-06-08 15:46:38 [warning  ] enforcement_signal_dryrun      comm=bench pid=10063 signal=<Signals.SIGKILL: 9>
2026-06-08 15:46:38 [warning  ] enforcement_cgroup_freeze_dryrun pid=10063
2026-06-08 15:46:38 [info     ] cwae_decision                  comm=bench confidence=0.92 dry_run=True label=MALICIOUS latency_us=357.35 mitre_ttps=['T1003'] pid=10063 tier=ISOLATE
2026-06-08 15:46:38 [warning  ] enforcement_signal_dryrun      comm=bench pid=10064 signal=<Signals.SIGKILL: 9>
2026-06-08 15:46:38 [warning  ] enforcement_cgroup_freeze_dryrun pid=10064
2026-06-08 15:46:38 [info     ] cwae_decision                  comm=bench confidence=0.92 dry_run=True label=MALICIOUS latency_us=366.92 mitre_ttps=['T1003'] pid=10064 tier=ISOLATE
2026-06-08 15:46:38 [warning  ] enforcement_signal_dryrun      comm=bench pid=10065 signal=<Signals.SIGKILL: 9>
2026-06-08 15:46:38 [warning  ] enforcement_cgroup_freeze_dryrun pid=10065
2026-06-08 15:46:38 [info     ] cwae_decision                  comm=bench confidence=0.92 dry_run=True label=MALICIOUS latency_us=343.09 mitre_ttps=['T1003'] pid=10065 tier=ISOLATE
2026-06-08 15:46:38 [warning  ] enforcement_signal_dryrun      comm=bench pid=10066 signal=<Signals.SIGKILL: 9>
2026-06-08 15:46:38 [warning  ] enforcement_cgroup_freeze_dryrun pid=10066
2026-06-08 15:46:38 [info     ] cwae_decision                  comm=bench confidence=0.92 dry_run=True label=MALICIOUS latency_us=357.07 mitre_ttps=['T1003'] pid=10066 tier=ISOLATE
2026-06-08 15:46:38 [warning  ] enforcement_signal_dryrun      comm=bench pid=10067 signal=<Signals.SIGKILL: 9>
2026-06-08 15:46:38 [warning  ] enforcement_cgroup_freeze_dryrun pid=10067
2026-06-08 15:46:38 [info     ] cwae_decision                  comm=bench confidence=0.92 dry_run=True label=MALICIOUS latency_us=349.3 mitre_ttps=['T1003'] pid=10067 tier=ISOLATE
2026-06-08 15:46:38 [warning  ] enforcement_signal_dryrun      comm=bench pid=10068 signal=<Signals.SIGKILL: 9>
2026-06-08 15:46:38 [warning  ] enforcement_cgroup_freeze_dryrun pid=10068
2026-06-08 15:46:38 [info     ] cwae_decision                  comm=bench confidence=0.92 dry_run=True label=MALICIOUS latency_us=346.86 mitre_ttps=['T1003'] pid=10068 tier=ISOLATE
2026-06-08 15:46:38 [warning  ] enforcement_signal_dryrun      comm=bench pid=10069 signal=<Signals.SIGKILL: 9>
2026-06-08 15:46:38 [warning  ] enforcement_cgroup_freeze_dryrun pid=10069
2026-06-08 15:46:38 [info     ] cwae_decision                  comm=bench confidence=0.92 dry_run=True label=MALICIOUS latency_us=345.13 mitre_ttps=['T1003'] pid=10069 tier=ISOLATE
2026-06-08 15:46:38 [warning  ] enforcement_signal_dryrun      comm=bench pid=10070 signal=<Signals.SIGKILL: 9>
2026-06-08 15:46:38 [warning  ] enforcement_cgroup_freeze_dryrun pid=10070
2026-06-08 15:46:38 [info     ] cwae_decision                  comm=bench confidence=0.92 dry_run=True label=MALICIOUS latency_us=368.77 mitre_ttps=['T1003'] pid=10070 tier=ISOLATE
2026-06-08 15:46:38 [warning  ] enforcement_signal_dryrun      comm=bench pid=10071 signal=<Signals.SIGKILL: 9>
2026-06-08 15:46:38 [warning  ] enforcement_cgroup_freeze_dryrun pid=10071
2026-06-08 15:46:38 [info     ] cwae_decision                  comm=bench confidence=0.92 dry_run=True label=MALICIOUS latency_us=384.47 mitre_ttps=['T1003'] pid=10071 tier=ISOLATE
2026-06-08 15:46:38 [warning  ] enforcement_signal_dryrun      comm=bench pid=10072 signal=<Signals.SIGKILL: 9>
2026-06-08 15:46:38 [warning  ] enforcement_cgroup_freeze_dryrun pid=10072
2026-06-08 15:46:38 [info     ] cwae_decision                  comm=bench confidence=0.92 dry_run=True label=MALICIOUS latency_us=359.42 mitre_ttps=['T1003'] pid=10072 tier=ISOLATE
2026-06-08 15:46:38 [warning  ] enforcement_signal_dryrun      comm=bench pid=10073 signal=<Signals.SIGKILL: 9>
2026-06-08 15:46:38 [warning  ] enforcement_cgroup_freeze_dryrun pid=10073
2026-06-08 15:46:38 [info     ] cwae_decision                  comm=bench confidence=0.92 dry_run=True label=MALICIOUS latency_us=343.01 mitre_ttps=['T1003'] pid=10073 tier=ISOLATE
2026-06-08 15:46:38 [warning  ] enforcement_signal_dryrun      comm=bench pid=10074 signal=<Signals.SIGKILL: 9>
2026-06-08 15:46:38 [warning  ] enforcement_cgroup_freeze_dryrun pid=10074
2026-06-08 15:46:38 [info     ] cwae_decision                  comm=bench confidence=0.92 dry_run=True label=MALICIOUS latency_us=341.76 mitre_ttps=['T1003'] pid=10074 tier=ISOLATE
2026-06-08 15:46:38 [warning  ] enforcement_signal_dryrun      comm=bench pid=10075 signal=<Signals.SIGKILL: 9>
2026-06-08 15:46:38 [warning  ] enforcement_cgroup_freeze_dryrun pid=10075
2026-06-08 15:46:38 [info     ] cwae_decision                  comm=bench confidence=0.92 dry_run=True label=MALICIOUS latency_us=353.72 mitre_ttps=['T1003'] pid=10075 tier=ISOLATE
2026-06-08 15:46:38 [warning  ] enforcement_signal_dryrun      comm=bench pid=10076 signal=<Signals.SIGKILL: 9>
2026-06-08 15:46:38 [warning  ] enforcement_cgroup_freeze_dryrun pid=10076
2026-06-08 15:46:38 [info     ] cwae_decision                  comm=bench confidence=0.92 dry_run=True label=MALICIOUS latency_us=348.68 mitre_ttps=['T1003'] pid=10076 tier=ISOLATE
2026-06-08 15:46:38 [warning  ] enforcement_signal_dryrun      comm=bench pid=10077 signal=<Signals.SIGKILL: 9>
2026-06-08 15:46:38 [warning  ] enforcement_cgroup_freeze_dryrun pid=10077
2026-06-08 15:46:38 [info     ] cwae_decision                  comm=bench confidence=0.92 dry_run=True label=MALICIOUS latency_us=346.69 mitre_ttps=['T1003'] pid=10077 tier=ISOLATE
2026-06-08 15:46:38 [warning  ] enforcement_signal_dryrun      comm=bench pid=10078 signal=<Signals.SIGKILL: 9>
2026-06-08 15:46:38 [warning  ] enforcement_cgroup_freeze_dryrun pid=10078
2026-06-08 15:46:38 [info     ] cwae_decision                  comm=bench confidence=0.92 dry_run=True label=MALICIOUS latency_us=347.97 mitre_ttps=['T1003'] pid=10078 tier=ISOLATE
2026-06-08 15:46:38 [warning  ] enforcement_signal_dryrun      comm=bench pid=10079 signal=<Signals.SIGKILL: 9>
2026-06-08 15:46:38 [warning  ] enforcement_cgroup_freeze_dryrun pid=10079
2026-06-08 15:46:38 [info     ] cwae_decision                  comm=bench confidence=0.92 dry_run=True label=MALICIOUS latency_us=356.27 mitre_ttps=['T1003'] pid=10079 tier=ISOLATE
2026-06-08 15:46:38 [warning  ] enforcement_signal_dryrun      comm=bench pid=10080 signal=<Signals.SIGKILL: 9>
2026-06-08 15:46:38 [warning  ] enforcement_cgroup_freeze_dryrun pid=10080
2026-06-08 15:46:38 [info     ] cwae_decision                  comm=bench confidence=0.92 dry_run=True label=MALICIOUS latency_us=380.64 mitre_ttps=['T1003'] pid=10080 tier=ISOLATE
2026-06-08 15:46:38 [warning  ] enforcement_signal_dryrun      comm=bench pid=10081 signal=<Signals.SIGKILL: 9>
2026-06-08 15:46:38 [warning  ] enforcement_cgroup_freeze_dryrun pid=10081
2026-06-08 15:46:38 [info     ] cwae_decision                  comm=bench confidence=0.92 dry_run=True label=MALICIOUS latency_us=369.66 mitre_ttps=['T1003'] pid=10081 tier=ISOLATE
2026-06-08 15:46:38 [warning  ] enforcement_signal_dryrun      comm=bench pid=10082 signal=<Signals.SIGKILL: 9>
2026-06-08 15:46:38 [warning  ] enforcement_cgroup_freeze_dryrun pid=10082
2026-06-08 15:46:38 [info     ] cwae_decision                  comm=bench confidence=0.92 dry_run=True label=MALICIOUS latency_us=357.06 mitre_ttps=['T1003'] pid=10082 tier=ISOLATE
2026-06-08 15:46:38 [warning  ] enforcement_signal_dryrun      comm=bench pid=10083 signal=<Signals.SIGKILL: 9>
2026-06-08 15:46:38 [warning  ] enforcement_cgroup_freeze_dryrun pid=10083
2026-06-08 15:46:38 [info     ] cwae_decision                  comm=bench confidence=0.92 dry_run=True label=MALICIOUS latency_us=346.57 mitre_ttps=['T1003'] pid=10083 tier=ISOLATE
2026-06-08 15:46:38 [warning  ] enforcement_signal_dryrun      comm=bench pid=10084 signal=<Signals.SIGKILL: 9>
2026-06-08 15:46:38 [warning  ] enforcement_cgroup_freeze_dryrun pid=10084
2026-06-08 15:46:38 [info     ] cwae_decision                  comm=bench confidence=0.92 dry_run=True label=MALICIOUS latency_us=358.7 mitre_ttps=['T1003'] pid=10084 tier=ISOLATE
2026-06-08 15:46:38 [warning  ] enforcement_signal_dryrun      comm=bench pid=10085 signal=<Signals.SIGKILL: 9>
2026-06-08 15:46:38 [warning  ] enforcement_cgroup_freeze_dryrun pid=10085
2026-06-08 15:46:38 [info     ] cwae_decision                  comm=bench confidence=0.92 dry_run=True label=MALICIOUS latency_us=362.02 mitre_ttps=['T1003'] pid=10085 tier=ISOLATE
2026-06-08 15:46:38 [warning  ] enforcement_signal_dryrun      comm=bench pid=10086 signal=<Signals.SIGKILL: 9>
2026-06-08 15:46:38 [warning  ] enforcement_cgroup_freeze_dryrun pid=10086
2026-06-08 15:46:38 [info     ] cwae_decision                  comm=bench confidence=0.92 dry_run=True label=MALICIOUS latency_us=351.7 mitre_ttps=['T1003'] pid=10086 tier=ISOLATE
2026-06-08 15:46:38 [warning  ] enforcement_signal_dryrun      comm=bench pid=10087 signal=<Signals.SIGKILL: 9>
2026-06-08 15:46:38 [warning  ] enforcement_cgroup_freeze_dryrun pid=10087
2026-06-08 15:46:38 [info     ] cwae_decision                  comm=bench confidence=0.92 dry_run=True label=MALICIOUS latency_us=349.82 mitre_ttps=['T1003'] pid=10087 tier=ISOLATE
2026-06-08 15:46:38 [warning  ] enforcement_signal_dryrun      comm=bench pid=10088 signal=<Signals.SIGKILL: 9>
2026-06-08 15:46:38 [warning  ] enforcement_cgroup_freeze_dryrun pid=10088
2026-06-08 15:46:38 [info     ] cwae_decision                  comm=bench confidence=0.92 dry_run=True label=MALICIOUS latency_us=352.75 mitre_ttps=['T1003'] pid=10088 tier=ISOLATE
2026-06-08 15:46:38 [warning  ] enforcement_signal_dryrun      comm=bench pid=10089 signal=<Signals.SIGKILL: 9>
2026-06-08 15:46:38 [warning  ] enforcement_cgroup_freeze_dryrun pid=10089
2026-06-08 15:46:38 [info     ] cwae_decision                  comm=bench confidence=0.92 dry_run=True label=MALICIOUS latency_us=360.49 mitre_ttps=['T1003'] pid=10089 tier=ISOLATE
2026-06-08 15:46:38 [warning  ] enforcement_signal_dryrun      comm=bench pid=10090 signal=<Signals.SIGKILL: 9>
2026-06-08 15:46:38 [warning  ] enforcement_cgroup_freeze_dryrun pid=10090
2026-06-08 15:46:38 [info     ] cwae_decision                  comm=bench confidence=0.92 dry_run=True label=MALICIOUS latency_us=366.01 mitre_ttps=['T1003'] pid=10090 tier=ISOLATE
2026-06-08 15:46:38 [warning  ] enforcement_signal_dryrun      comm=bench pid=10091 signal=<Signals.SIGKILL: 9>
2026-06-08 15:46:38 [warning  ] enforcement_cgroup_freeze_dryrun pid=10091
2026-06-08 15:46:38 [info     ] cwae_decision                  comm=bench confidence=0.92 dry_run=True label=MALICIOUS latency_us=365.08 mitre_ttps=['T1003'] pid=10091 tier=ISOLATE
2026-06-08 15:46:38 [warning  ] enforcement_signal_dryrun      comm=bench pid=10092 signal=<Signals.SIGKILL: 9>
2026-06-08 15:46:38 [warning  ] enforcement_cgroup_freeze_dryrun pid=10092
2026-06-08 15:46:38 [info     ] cwae_decision                  comm=bench confidence=0.92 dry_run=True label=MALICIOUS latency_us=347.32 mitre_ttps=['T1003'] pid=10092 tier=ISOLATE
2026-06-08 15:46:38 [warning  ] enforcement_signal_dryrun      comm=bench pid=10093 signal=<Signals.SIGKILL: 9>
2026-06-08 15:46:38 [warning  ] enforcement_cgroup_freeze_dryrun pid=10093
2026-06-08 15:46:38 [info     ] cwae_decision                  comm=bench confidence=0.92 dry_run=True label=MALICIOUS latency_us=358.7 mitre_ttps=['T1003'] pid=10093 tier=ISOLATE
2026-06-08 15:46:38 [warning  ] enforcement_signal_dryrun      comm=bench pid=10094 signal=<Signals.SIGKILL: 9>
2026-06-08 15:46:38 [warning  ] enforcement_cgroup_freeze_dryrun pid=10094
2026-06-08 15:46:38 [info     ] cwae_decision                  comm=bench confidence=0.92 dry_run=True label=MALICIOUS latency_us=353.18 mitre_ttps=['T1003'] pid=10094 tier=ISOLATE
2026-06-08 15:46:38 [warning  ] enforcement_signal_dryrun      comm=bench pid=10095 signal=<Signals.SIGKILL: 9>
2026-06-08 15:46:38 [warning  ] enforcement_cgroup_freeze_dryrun pid=10095
2026-06-08 15:46:38 [info     ] cwae_decision                  comm=bench confidence=0.92 dry_run=True label=MALICIOUS latency_us=342.37 mitre_ttps=['T1003'] pid=10095 tier=ISOLATE
2026-06-08 15:46:38 [warning  ] enforcement_signal_dryrun      comm=bench pid=10096 signal=<Signals.SIGKILL: 9>
2026-06-08 15:46:38 [warning  ] enforcement_cgroup_freeze_dryrun pid=10096
2026-06-08 15:46:38 [info     ] cwae_decision                  comm=bench confidence=0.92 dry_run=True label=MALICIOUS latency_us=346.31 mitre_ttps=['T1003'] pid=10096 tier=ISOLATE
2026-06-08 15:46:38 [warning  ] enforcement_signal_dryrun      comm=bench pid=10097 signal=<Signals.SIGKILL: 9>
2026-06-08 15:46:38 [warning  ] enforcement_cgroup_freeze_dryrun pid=10097
2026-06-08 15:46:38 [info     ] cwae_decision                  comm=bench confidence=0.92 dry_run=True label=MALICIOUS latency_us=353.96 mitre_ttps=['T1003'] pid=10097 tier=ISOLATE
2026-06-08 15:46:38 [warning  ] enforcement_signal_dryrun      comm=bench pid=10098 signal=<Signals.SIGKILL: 9>
2026-06-08 15:46:38 [warning  ] enforcement_cgroup_freeze_dryrun pid=10098
2026-06-08 15:46:38 [info     ] cwae_decision                  comm=bench confidence=0.92 dry_run=True label=MALICIOUS latency_us=379.86 mitre_ttps=['T1003'] pid=10098 tier=ISOLATE
2026-06-08 15:46:38 [warning  ] enforcement_signal_dryrun      comm=bench pid=9999 signal=<Signals.SIGKILL: 9>
2026-06-08 15:46:38 [warning  ] enforcement_cgroup_freeze_dryrun pid=9999
2026-06-08 15:46:38 [info     ] cwae_decision                  comm=bench confidence=0.92 dry_run=True label=MALICIOUS latency_us=391.49 mitre_ttps=['T1003'] pid=9999 tier=ISOLATE
2026-06-08 15:46:38 [warning  ] enforcement_signal_dryrun      comm=bench pid=10000 signal=<Signals.SIGKILL: 9>
2026-06-08 15:46:38 [warning  ] enforcement_cgroup_freeze_dryrun pid=10000
2026-06-08 15:46:38 [info     ] cwae_decision                  comm=bench confidence=0.92 dry_run=True label=MALICIOUS latency_us=345.98 mitre_ttps=['T1003'] pid=10000 tier=ISOLATE
2026-06-08 15:46:38 [warning  ] enforcement_signal_dryrun      comm=bench pid=10001 signal=<Signals.SIGKILL: 9>
2026-06-08 15:46:38 [warning  ] enforcement_cgroup_freeze_dryrun pid=10001
2026-06-08 15:46:38 [info     ] cwae_decision                  comm=bench confidence=0.92 dry_run=True label=MALICIOUS latency_us=348.35 mitre_ttps=['T1003'] pid=10001 tier=ISOLATE
2026-06-08 15:46:38 [warning  ] enforcement_signal_dryrun      comm=bench pid=10002 signal=<Signals.SIGKILL: 9>
2026-06-08 15:46:38 [warning  ] enforcement_cgroup_freeze_dryrun pid=10002
2026-06-08 15:46:38 [info     ] cwae_decision                  comm=bench confidence=0.92 dry_run=True label=MALICIOUS latency_us=354.49 mitre_ttps=['T1003'] pid=10002 tier=ISOLATE
2026-06-08 15:46:38 [warning  ] enforcement_signal_dryrun      comm=bench pid=10003 signal=<Signals.SIGKILL: 9>
2026-06-08 15:46:38 [warning  ] enforcement_cgroup_freeze_dryrun pid=10003
2026-06-08 15:46:38 [info     ] cwae_decision                  comm=bench confidence=0.92 dry_run=True label=MALICIOUS latency_us=347.87 mitre_ttps=['T1003'] pid=10003 tier=ISOLATE
2026-06-08 15:46:38 [warning  ] enforcement_signal_dryrun      comm=bench pid=10004 signal=<Signals.SIGKILL: 9>
2026-06-08 15:46:38 [warning  ] enforcement_cgroup_freeze_dryrun pid=10004
2026-06-08 15:46:38 [info     ] cwae_decision                  comm=bench confidence=0.92 dry_run=True label=MALICIOUS latency_us=347.96 mitre_ttps=['T1003'] pid=10004 tier=ISOLATE
2026-06-08 15:46:38 [warning  ] enforcement_signal_dryrun      comm=bench pid=10005 signal=<Signals.SIGKILL: 9>
2026-06-08 15:46:38 [warning  ] enforcement_cgroup_freeze_dryrun pid=10005
2026-06-08 15:46:38 [info     ] cwae_decision                  comm=bench confidence=0.92 dry_run=True label=MALICIOUS latency_us=346.29 mitre_ttps=['T1003'] pid=10005 tier=ISOLATE
2026-06-08 15:46:38 [warning  ] enforcement_signal_dryrun      comm=bench pid=10006 signal=<Signals.SIGKILL: 9>
2026-06-08 15:46:38 [warning  ] enforcement_cgroup_freeze_dryrun pid=10006
2026-06-08 15:46:38 [info     ] cwae_decision                  comm=bench confidence=0.92 dry_run=True label=MALICIOUS latency_us=354.32 mitre_ttps=['T1003'] pid=10006 tier=ISOLATE
2026-06-08 15:46:38 [warning  ] enforcement_signal_dryrun      comm=bench pid=10007 signal=<Signals.SIGKILL: 9>
2026-06-08 15:46:38 [warning  ] enforcement_cgroup_freeze_dryrun pid=10007
2026-06-08 15:46:38 [info     ] cwae_decision                  comm=bench confidence=0.92 dry_run=True label=MALICIOUS latency_us=378.74 mitre_ttps=['T1003'] pid=10007 tier=ISOLATE
2026-06-08 15:46:38 [warning  ] enforcement_signal_dryrun      comm=bench pid=10008 signal=<Signals.SIGKILL: 9>
2026-06-08 15:46:38 [warning  ] enforcement_cgroup_freeze_dryrun pid=10008
2026-06-08 15:46:38 [info     ] cwae_decision                  comm=bench confidence=0.92 dry_run=True label=MALICIOUS latency_us=368.87 mitre_ttps=['T1003'] pid=10008 tier=ISOLATE
2026-06-08 15:46:38 [warning  ] enforcement_signal_dryrun      comm=bench pid=10009 signal=<Signals.SIGKILL: 9>
2026-06-08 15:46:38 [warning  ] enforcement_cgroup_freeze_dryrun pid=10009
2026-06-08 15:46:38 [info     ] cwae_decision                  comm=bench confidence=0.92 dry_run=True label=MALICIOUS latency_us=360.81 mitre_ttps=['T1003'] pid=10009 tier=ISOLATE
2026-06-08 15:46:38 [warning  ] enforcement_signal_dryrun      comm=bench pid=10010 signal=<Signals.SIGKILL: 9>
2026-06-08 15:46:38 [warning  ] enforcement_cgroup_freeze_dryrun pid=10010
2026-06-08 15:46:38 [info     ] cwae_decision                  comm=bench confidence=0.92 dry_run=True label=MALICIOUS latency_us=341.52 mitre_ttps=['T1003'] pid=10010 tier=ISOLATE
2026-06-08 15:46:38 [warning  ] enforcement_signal_dryrun      comm=bench pid=10011 signal=<Signals.SIGKILL: 9>
2026-06-08 15:46:38 [warning  ] enforcement_cgroup_freeze_dryrun pid=10011
2026-06-08 15:46:38 [info     ] cwae_decision                  comm=bench confidence=0.92 dry_run=True label=MALICIOUS latency_us=357.68 mitre_ttps=['T1003'] pid=10011 tier=ISOLATE
2026-06-08 15:46:38 [warning  ] enforcement_signal_dryrun      comm=bench pid=10012 signal=<Signals.SIGKILL: 9>
2026-06-08 15:46:38 [warning  ] enforcement_cgroup_freeze_dryrun pid=10012
2026-06-08 15:46:38 [info     ] cwae_decision                  comm=bench confidence=0.92 dry_run=True label=MALICIOUS latency_us=349.17 mitre_ttps=['T1003'] pid=10012 tier=ISOLATE
2026-06-08 15:46:38 [warning  ] enforcement_signal_dryrun      comm=bench pid=10013 signal=<Signals.SIGKILL: 9>
2026-06-08 15:46:38 [warning  ] enforcement_cgroup_freeze_dryrun pid=10013
2026-06-08 15:46:38 [info     ] cwae_decision                  comm=bench confidence=0.92 dry_run=True label=MALICIOUS latency_us=345.51 mitre_ttps=['T1003'] pid=10013 tier=ISOLATE
2026-06-08 15:46:38 [warning  ] enforcement_signal_dryrun      comm=bench pid=10014 signal=<Signals.SIGKILL: 9>
2026-06-08 15:46:38 [warning  ] enforcement_cgroup_freeze_dryrun pid=10014
2026-06-08 15:46:38 [info     ] cwae_decision                  comm=bench confidence=0.92 dry_run=True label=MALICIOUS latency_us=360.53 mitre_ttps=['T1003'] pid=10014 tier=ISOLATE
2026-06-08 15:46:38 [warning  ] enforcement_signal_dryrun      comm=bench pid=10015 signal=<Signals.SIGKILL: 9>
2026-06-08 15:46:38 [warning  ] enforcement_cgroup_freeze_dryrun pid=10015
2026-06-08 15:46:38 [info     ] cwae_decision                  comm=bench confidence=0.92 dry_run=True label=MALICIOUS latency_us=360.94 mitre_ttps=['T1003'] pid=10015 tier=ISOLATE
2026-06-08 15:46:38 [warning  ] enforcement_signal_dryrun      comm=bench pid=10016 signal=<Signals.SIGKILL: 9>
2026-06-08 15:46:38 [warning  ] enforcement_cgroup_freeze_dryrun pid=10016
2026-06-08 15:46:38 [info     ] cwae_decision                  comm=bench confidence=0.92 dry_run=True label=MALICIOUS latency_us=372.06 mitre_ttps=['T1003'] pid=10016 tier=ISOLATE
2026-06-08 15:46:38 [warning  ] enforcement_signal_dryrun      comm=bench pid=10017 signal=<Signals.SIGKILL: 9>
2026-06-08 15:46:38 [warning  ] enforcement_cgroup_freeze_dryrun pid=10017
2026-06-08 15:46:38 [info     ] cwae_decision                  comm=bench confidence=0.92 dry_run=True label=MALICIOUS latency_us=367.08 mitre_ttps=['T1003'] pid=10017 tier=ISOLATE
2026-06-08 15:46:38 [warning  ] enforcement_signal_dryrun      comm=bench pid=10018 signal=<Signals.SIGKILL: 9>
2026-06-08 15:46:38 [warning  ] enforcement_cgroup_freeze_dryrun pid=10018
2026-06-08 15:46:38 [info     ] cwae_decision                  comm=bench confidence=0.92 dry_run=True label=MALICIOUS latency_us=359.07 mitre_ttps=['T1003'] pid=10018 tier=ISOLATE
2026-06-08 15:46:38 [warning  ] enforcement_signal_dryrun      comm=bench pid=10019 signal=<Signals.SIGKILL: 9>
2026-06-08 15:46:38 [warning  ] enforcement_cgroup_freeze_dryrun pid=10019
2026-06-08 15:46:38 [info     ] cwae_decision                  comm=bench confidence=0.92 dry_run=True label=MALICIOUS latency_us=345.73 mitre_ttps=['T1003'] pid=10019 tier=ISOLATE
2026-06-08 15:46:38 [warning  ] enforcement_signal_dryrun      comm=bench pid=10020 signal=<Signals.SIGKILL: 9>
2026-06-08 15:46:38 [warning  ] enforcement_cgroup_freeze_dryrun pid=10020
2026-06-08 15:46:38 [info     ] cwae_decision                  comm=bench confidence=0.92 dry_run=True label=MALICIOUS latency_us=361.69 mitre_ttps=['T1003'] pid=10020 tier=ISOLATE
2026-06-08 15:46:38 [warning  ] enforcement_signal_dryrun      comm=bench pid=10021 signal=<Signals.SIGKILL: 9>
2026-06-08 15:46:38 [warning  ] enforcement_cgroup_freeze_dryrun pid=10021
2026-06-08 15:46:38 [info     ] cwae_decision                  comm=bench confidence=0.92 dry_run=True label=MALICIOUS latency_us=349.54 mitre_ttps=['T1003'] pid=10021 tier=ISOLATE
2026-06-08 15:46:38 [warning  ] enforcement_signal_dryrun      comm=bench pid=10022 signal=<Signals.SIGKILL: 9>
2026-06-08 15:46:38 [warning  ] enforcement_cgroup_freeze_dryrun pid=10022
2026-06-08 15:46:38 [info     ] cwae_decision                  comm=bench confidence=0.92 dry_run=True label=MALICIOUS latency_us=346.72 mitre_ttps=['T1003'] pid=10022 tier=ISOLATE
2026-06-08 15:46:38 [warning  ] enforcement_signal_dryrun      comm=bench pid=10023 signal=<Signals.SIGKILL: 9>
2026-06-08 15:46:38 [warning  ] enforcement_cgroup_freeze_dryrun pid=10023
2026-06-08 15:46:38 [info     ] cwae_decision                  comm=bench confidence=0.92 dry_run=True label=MALICIOUS latency_us=347.09 mitre_ttps=['T1003'] pid=10023 tier=ISOLATE
2026-06-08 15:46:38 [warning  ] enforcement_signal_dryrun      comm=bench pid=10024 signal=<Signals.SIGKILL: 9>
2026-06-08 15:46:38 [warning  ] enforcement_cgroup_freeze_dryrun pid=10024
2026-06-08 15:46:38 [info     ] cwae_decision                  comm=bench confidence=0.92 dry_run=True label=MALICIOUS latency_us=353.41 mitre_ttps=['T1003'] pid=10024 tier=ISOLATE
2026-06-08 15:46:38 [warning  ] enforcement_signal_dryrun      comm=bench pid=10025 signal=<Signals.SIGKILL: 9>
2026-06-08 15:46:38 [warning  ] enforcement_cgroup_freeze_dryrun pid=10025
2026-06-08 15:46:38 [info     ] cwae_decision                  comm=bench confidence=0.92 dry_run=True label=MALICIOUS latency_us=379.7 mitre_ttps=['T1003'] pid=10025 tier=ISOLATE
2026-06-08 15:46:38 [warning  ] enforcement_signal_dryrun      comm=bench pid=10026 signal=<Signals.SIGKILL: 9>
2026-06-08 15:46:38 [warning  ] enforcement_cgroup_freeze_dryrun pid=10026
2026-06-08 15:46:38 [info     ] cwae_decision                  comm=bench confidence=0.92 dry_run=True label=MALICIOUS latency_us=369.93 mitre_ttps=['T1003'] pid=10026 tier=ISOLATE
2026-06-08 15:46:38 [warning  ] enforcement_signal_dryrun      comm=bench pid=10027 signal=<Signals.SIGKILL: 9>
2026-06-08 15:46:38 [warning  ] enforcement_cgroup_freeze_dryrun pid=10027
2026-06-08 15:46:38 [info     ] cwae_decision                  comm=bench confidence=0.92 dry_run=True label=MALICIOUS latency_us=352.59 mitre_ttps=['T1003'] pid=10027 tier=ISOLATE
2026-06-08 15:46:38 [warning  ] enforcement_signal_dryrun      comm=bench pid=10028 signal=<Signals.SIGKILL: 9>
2026-06-08 15:46:38 [warning  ] enforcement_cgroup_freeze_dryrun pid=10028
2026-06-08 15:46:38 [info     ] cwae_decision                  comm=bench confidence=0.92 dry_run=True label=MALICIOUS latency_us=360.51 mitre_ttps=['T1003'] pid=10028 tier=ISOLATE
2026-06-08 15:46:38 [warning  ] enforcement_signal_dryrun      comm=bench pid=10029 signal=<Signals.SIGKILL: 9>
2026-06-08 15:46:38 [warning  ] enforcement_cgroup_freeze_dryrun pid=10029
2026-06-08 15:46:38 [info     ] cwae_decision                  comm=bench confidence=0.92 dry_run=True label=MALICIOUS latency_us=355.47 mitre_ttps=['T1003'] pid=10029 tier=ISOLATE
2026-06-08 15:46:38 [warning  ] enforcement_signal_dryrun      comm=bench pid=10030 signal=<Signals.SIGKILL: 9>
2026-06-08 15:46:38 [warning  ] enforcement_cgroup_freeze_dryrun pid=10030
2026-06-08 15:46:38 [info     ] cwae_decision                  comm=bench confidence=0.92 dry_run=True label=MALICIOUS latency_us=351.54 mitre_ttps=['T1003'] pid=10030 tier=ISOLATE
2026-06-08 15:46:38 [warning  ] enforcement_signal_dryrun      comm=bench pid=10031 signal=<Signals.SIGKILL: 9>
2026-06-08 15:46:38 [warning  ] enforcement_cgroup_freeze_dryrun pid=10031
2026-06-08 15:46:38 [info     ] cwae_decision                  comm=bench confidence=0.92 dry_run=True label=MALICIOUS latency_us=347.77 mitre_ttps=['T1003'] pid=10031 tier=ISOLATE
2026-06-08 15:46:38 [warning  ] enforcement_signal_dryrun      comm=bench pid=10032 signal=<Signals.SIGKILL: 9>
2026-06-08 15:46:38 [warning  ] enforcement_cgroup_freeze_dryrun pid=10032
2026-06-08 15:46:38 [info     ] cwae_decision                  comm=bench confidence=0.92 dry_run=True label=MALICIOUS latency_us=342.26 mitre_ttps=['T1003'] pid=10032 tier=ISOLATE
2026-06-08 15:46:38 [warning  ] enforcement_signal_dryrun      comm=bench pid=10033 signal=<Signals.SIGKILL: 9>
2026-06-08 15:46:38 [warning  ] enforcement_cgroup_freeze_dryrun pid=10033
2026-06-08 15:46:38 [info     ] cwae_decision                  comm=bench confidence=0.92 dry_run=True label=MALICIOUS latency_us=360.01 mitre_ttps=['T1003'] pid=10033 tier=ISOLATE
2026-06-08 15:46:38 [warning  ] enforcement_signal_dryrun      comm=bench pid=10034 signal=<Signals.SIGKILL: 9>
2026-06-08 15:46:38 [warning  ] enforcement_cgroup_freeze_dryrun pid=10034
2026-06-08 15:46:38 [info     ] cwae_decision                  comm=bench confidence=0.92 dry_run=True label=MALICIOUS latency_us=379.65 mitre_ttps=['T1003'] pid=10034 tier=ISOLATE
2026-06-08 15:46:38 [warning  ] enforcement_signal_dryrun      comm=bench pid=10035 signal=<Signals.SIGKILL: 9>
2026-06-08 15:46:38 [warning  ] enforcement_cgroup_freeze_dryrun pid=10035
2026-06-08 15:46:38 [info     ] cwae_decision                  comm=bench confidence=0.92 dry_run=True label=MALICIOUS latency_us=361.99 mitre_ttps=['T1003'] pid=10035 tier=ISOLATE
2026-06-08 15:46:38 [warning  ] enforcement_signal_dryrun      comm=bench pid=10036 signal=<Signals.SIGKILL: 9>
2026-06-08 15:46:38 [warning  ] enforcement_cgroup_freeze_dryrun pid=10036
2026-06-08 15:46:38 [info     ] cwae_decision                  comm=bench confidence=0.92 dry_run=True label=MALICIOUS latency_us=361.63 mitre_ttps=['T1003'] pid=10036 tier=ISOLATE
2026-06-08 15:46:38 [warning  ] enforcement_signal_dryrun      comm=bench pid=10037 signal=<Signals.SIGKILL: 9>
2026-06-08 15:46:38 [warning  ] enforcement_cgroup_freeze_dryrun pid=10037
2026-06-08 15:46:38 [info     ] cwae_decision                  comm=bench confidence=0.92 dry_run=True label=MALICIOUS latency_us=341.01 mitre_ttps=['T1003'] pid=10037 tier=ISOLATE
2026-06-08 15:46:38 [warning  ] enforcement_signal_dryrun      comm=bench pid=10038 signal=<Signals.SIGKILL: 9>
2026-06-08 15:46:38 [warning  ] enforcement_cgroup_freeze_dryrun pid=10038
2026-06-08 15:46:38 [info     ] cwae_decision                  comm=bench confidence=0.92 dry_run=True label=MALICIOUS latency_us=366.87 mitre_ttps=['T1003'] pid=10038 tier=ISOLATE
2026-06-08 15:46:38 [warning  ] enforcement_signal_dryrun      comm=bench pid=10039 signal=<Signals.SIGKILL: 9>
2026-06-08 15:46:38 [warning  ] enforcement_cgroup_freeze_dryrun pid=10039
2026-06-08 15:46:38 [info     ] cwae_decision                  comm=bench confidence=0.92 dry_run=True label=MALICIOUS latency_us=347.0 mitre_ttps=['T1003'] pid=10039 tier=ISOLATE
2026-06-08 15:46:38 [warning  ] enforcement_signal_dryrun      comm=bench pid=10040 signal=<Signals.SIGKILL: 9>
2026-06-08 15:46:38 [warning  ] enforcement_cgroup_freeze_dryrun pid=10040
2026-06-08 15:46:38 [info     ] cwae_decision                  comm=bench confidence=0.92 dry_run=True label=MALICIOUS latency_us=347.14 mitre_ttps=['T1003'] pid=10040 tier=ISOLATE
2026-06-08 15:46:38 [warning  ] enforcement_signal_dryrun      comm=bench pid=10041 signal=<Signals.SIGKILL: 9>
2026-06-08 15:46:38 [warning  ] enforcement_cgroup_freeze_dryrun pid=10041
2026-06-08 15:46:38 [info     ] cwae_decision                  comm=bench confidence=0.92 dry_run=True label=MALICIOUS latency_us=342.51 mitre_ttps=['T1003'] pid=10041 tier=ISOLATE
2026-06-08 15:46:38 [warning  ] enforcement_signal_dryrun      comm=bench pid=10042 signal=<Signals.SIGKILL: 9>
2026-06-08 15:46:38 [warning  ] enforcement_cgroup_freeze_dryrun pid=10042
2026-06-08 15:46:38 [info     ] cwae_decision                  comm=bench confidence=0.92 dry_run=True label=MALICIOUS latency_us=353.88 mitre_ttps=['T1003'] pid=10042 tier=ISOLATE
2026-06-08 15:46:38 [warning  ] enforcement_signal_dryrun      comm=bench pid=10043 signal=<Signals.SIGKILL: 9>
2026-06-08 15:46:38 [warning  ] enforcement_cgroup_freeze_dryrun pid=10043
2026-06-08 15:46:38 [info     ] cwae_decision                  comm=bench confidence=0.92 dry_run=True label=MALICIOUS latency_us=376.42 mitre_ttps=['T1003'] pid=10043 tier=ISOLATE
2026-06-08 15:46:38 [warning  ] enforcement_signal_dryrun      comm=bench pid=10044 signal=<Signals.SIGKILL: 9>
2026-06-08 15:46:38 [warning  ] enforcement_cgroup_freeze_dryrun pid=10044
2026-06-08 15:46:38 [info     ] cwae_decision                  comm=bench confidence=0.92 dry_run=True label=MALICIOUS latency_us=372.76 mitre_ttps=['T1003'] pid=10044 tier=ISOLATE
2026-06-08 15:46:38 [warning  ] enforcement_signal_dryrun      comm=bench pid=10045 signal=<Signals.SIGKILL: 9>
2026-06-08 15:46:38 [warning  ] enforcement_cgroup_freeze_dryrun pid=10045
2026-06-08 15:46:38 [info     ] cwae_decision                  comm=bench confidence=0.92 dry_run=True label=MALICIOUS latency_us=363.62 mitre_ttps=['T1003'] pid=10045 tier=ISOLATE
2026-06-08 15:46:38 [warning  ] enforcement_signal_dryrun      comm=bench pid=10046 signal=<Signals.SIGKILL: 9>
2026-06-08 15:46:38 [warning  ] enforcement_cgroup_freeze_dryrun pid=10046
2026-06-08 15:46:38 [info     ] cwae_decision                  comm=bench confidence=0.92 dry_run=True label=MALICIOUS latency_us=340.28 mitre_ttps=['T1003'] pid=10046 tier=ISOLATE
2026-06-08 15:46:38 [warning  ] enforcement_signal_dryrun      comm=bench pid=10047 signal=<Signals.SIGKILL: 9>
2026-06-08 15:46:38 [warning  ] enforcement_cgroup_freeze_dryrun pid=10047
2026-06-08 15:46:38 [info     ] cwae_decision                  comm=bench confidence=0.92 dry_run=True label=MALICIOUS latency_us=358.25 mitre_ttps=['T1003'] pid=10047 tier=ISOLATE
2026-06-08 15:46:38 [warning  ] enforcement_signal_dryrun      comm=bench pid=10048 signal=<Signals.SIGKILL: 9>
2026-06-08 15:46:38 [warning  ] enforcement_cgroup_freeze_dryrun pid=10048
2026-06-08 15:46:38 [info     ] cwae_decision                  comm=bench confidence=0.92 dry_run=True label=MALICIOUS latency_us=350.32 mitre_ttps=['T1003'] pid=10048 tier=ISOLATE
2026-06-08 15:46:38 [warning  ] enforcement_signal_dryrun      comm=bench pid=10049 signal=<Signals.SIGKILL: 9>
2026-06-08 15:46:38 [warning  ] enforcement_cgroup_freeze_dryrun pid=10049
2026-06-08 15:46:38 [info     ] cwae_decision                  comm=bench confidence=0.92 dry_run=True label=MALICIOUS latency_us=355.52 mitre_ttps=['T1003'] pid=10049 tier=ISOLATE
2026-06-08 15:46:38 [warning  ] enforcement_signal_dryrun      comm=bench pid=10050 signal=<Signals.SIGKILL: 9>
2026-06-08 15:46:38 [warning  ] enforcement_cgroup_freeze_dryrun pid=10050
2026-06-08 15:46:38 [info     ] cwae_decision                  comm=bench confidence=0.92 dry_run=True label=MALICIOUS latency_us=342.22 mitre_ttps=['T1003'] pid=10050 tier=ISOLATE
2026-06-08 15:46:38 [warning  ] enforcement_signal_dryrun      comm=bench pid=10051 signal=<Signals.SIGKILL: 9>
2026-06-08 15:46:38 [warning  ] enforcement_cgroup_freeze_dryrun pid=10051
2026-06-08 15:46:38 [info     ] cwae_decision                  comm=bench confidence=0.92 dry_run=True label=MALICIOUS latency_us=352.12 mitre_ttps=['T1003'] pid=10051 tier=ISOLATE
2026-06-08 15:46:38 [warning  ] enforcement_signal_dryrun      comm=bench pid=10052 signal=<Signals.SIGKILL: 9>
2026-06-08 15:46:38 [warning  ] enforcement_cgroup_freeze_dryrun pid=10052
2026-06-08 15:46:38 [info     ] cwae_decision                  comm=bench confidence=0.92 dry_run=True label=MALICIOUS latency_us=374.67 mitre_ttps=['T1003'] pid=10052 tier=ISOLATE
2026-06-08 15:46:38 [warning  ] enforcement_signal_dryrun      comm=bench pid=10053 signal=<Signals.SIGKILL: 9>
2026-06-08 15:46:38 [warning  ] enforcement_cgroup_freeze_dryrun pid=10053
2026-06-08 15:46:38 [info     ] cwae_decision                  comm=bench confidence=0.92 dry_run=True label=MALICIOUS latency_us=367.06 mitre_ttps=['T1003'] pid=10053 tier=ISOLATE
2026-06-08 15:46:38 [warning  ] enforcement_signal_dryrun      comm=bench pid=10054 signal=<Signals.SIGKILL: 9>
2026-06-08 15:46:38 [warning  ] enforcement_cgroup_freeze_dryrun pid=10054
2026-06-08 15:46:38 [info     ] cwae_decision                  comm=bench confidence=0.92 dry_run=True label=MALICIOUS latency_us=359.1 mitre_ttps=['T1003'] pid=10054 tier=ISOLATE
2026-06-08 15:46:38 [warning  ] enforcement_signal_dryrun      comm=bench pid=10055 signal=<Signals.SIGKILL: 9>
2026-06-08 15:46:38 [warning  ] enforcement_cgroup_freeze_dryrun pid=10055
2026-06-08 15:46:38 [info     ] cwae_decision                  comm=bench confidence=0.92 dry_run=True label=MALICIOUS latency_us=344.47 mitre_ttps=['T1003'] pid=10055 tier=ISOLATE
2026-06-08 15:46:38 [warning  ] enforcement_signal_dryrun      comm=bench pid=10056 signal=<Signals.SIGKILL: 9>
2026-06-08 15:46:38 [warning  ] enforcement_cgroup_freeze_dryrun pid=10056
2026-06-08 15:46:38 [info     ] cwae_decision                  comm=bench confidence=0.92 dry_run=True label=MALICIOUS latency_us=357.24 mitre_ttps=['T1003'] pid=10056 tier=ISOLATE
2026-06-08 15:46:38 [warning  ] enforcement_signal_dryrun      comm=bench pid=10057 signal=<Signals.SIGKILL: 9>
2026-06-08 15:46:38 [warning  ] enforcement_cgroup_freeze_dryrun pid=10057
2026-06-08 15:46:38 [info     ] cwae_decision                  comm=bench confidence=0.92 dry_run=True label=MALICIOUS latency_us=348.41 mitre_ttps=['T1003'] pid=10057 tier=ISOLATE
2026-06-08 15:46:38 [warning  ] enforcement_signal_dryrun      comm=bench pid=10058 signal=<Signals.SIGKILL: 9>
2026-06-08 15:46:38 [warning  ] enforcement_cgroup_freeze_dryrun pid=10058
2026-06-08 15:46:38 [info     ] cwae_decision                  comm=bench confidence=0.92 dry_run=True label=MALICIOUS latency_us=348.95 mitre_ttps=['T1003'] pid=10058 tier=ISOLATE
2026-06-08 15:46:38 [warning  ] enforcement_signal_dryrun      comm=bench pid=10059 signal=<Signals.SIGKILL: 9>
2026-06-08 15:46:38 [warning  ] enforcement_cgroup_freeze_dryrun pid=10059
2026-06-08 15:46:38 [info     ] cwae_decision                  comm=bench confidence=0.92 dry_run=True label=MALICIOUS latency_us=340.4 mitre_ttps=['T1003'] pid=10059 tier=ISOLATE
2026-06-08 15:46:38 [warning  ] enforcement_signal_dryrun      comm=bench pid=10060 signal=<Signals.SIGKILL: 9>
2026-06-08 15:46:38 [warning  ] enforcement_cgroup_freeze_dryrun pid=10060
2026-06-08 15:46:38 [info     ] cwae_decision                  comm=bench confidence=0.92 dry_run=True label=MALICIOUS latency_us=359.75 mitre_ttps=['T1003'] pid=10060 tier=ISOLATE
2026-06-08 15:46:38 [warning  ] enforcement_signal_dryrun      comm=bench pid=10061 signal=<Signals.SIGKILL: 9>
2026-06-08 15:46:38 [warning  ] enforcement_cgroup_freeze_dryrun pid=10061
2026-06-08 15:46:38 [info     ] cwae_decision                  comm=bench confidence=0.92 dry_run=True label=MALICIOUS latency_us=361.73 mitre_ttps=['T1003'] pid=10061 tier=ISOLATE
2026-06-08 15:46:38 [warning  ] enforcement_signal_dryrun      comm=bench pid=10062 signal=<Signals.SIGKILL: 9>
2026-06-08 15:46:38 [warning  ] enforcement_cgroup_freeze_dryrun pid=10062
2026-06-08 15:46:38 [info     ] cwae_decision                  comm=bench confidence=0.92 dry_run=True label=MALICIOUS latency_us=359.35 mitre_ttps=['T1003'] pid=10062 tier=ISOLATE
2026-06-08 15:46:38 [warning  ] enforcement_signal_dryrun      comm=bench pid=10063 signal=<Signals.SIGKILL: 9>
2026-06-08 15:46:38 [warning  ] enforcement_cgroup_freeze_dryrun pid=10063
2026-06-08 15:46:38 [info     ] cwae_decision                  comm=bench confidence=0.92 dry_run=True label=MALICIOUS latency_us=365.77 mitre_ttps=['T1003'] pid=10063 tier=ISOLATE
2026-06-08 15:46:38 [warning  ] enforcement_signal_dryrun      comm=bench pid=10064 signal=<Signals.SIGKILL: 9>
2026-06-08 15:46:38 [warning  ] enforcement_cgroup_freeze_dryrun pid=10064
2026-06-08 15:46:38 [info     ] cwae_decision                  comm=bench confidence=0.92 dry_run=True label=MALICIOUS latency_us=349.2 mitre_ttps=['T1003'] pid=10064 tier=ISOLATE
2026-06-08 15:46:38 [warning  ] enforcement_signal_dryrun      comm=bench pid=10065 signal=<Signals.SIGKILL: 9>
2026-06-08 15:46:38 [warning  ] enforcement_cgroup_freeze_dryrun pid=10065
2026-06-08 15:46:38 [info     ] cwae_decision                  comm=bench confidence=0.92 dry_run=True label=MALICIOUS latency_us=354.81 mitre_ttps=['T1003'] pid=10065 tier=ISOLATE
2026-06-08 15:46:38 [warning  ] enforcement_signal_dryrun      comm=bench pid=10066 signal=<Signals.SIGKILL: 9>
2026-06-08 15:46:38 [warning  ] enforcement_cgroup_freeze_dryrun pid=10066
2026-06-08 15:46:38 [info     ] cwae_decision                  comm=bench confidence=0.92 dry_run=True label=MALICIOUS latency_us=346.94 mitre_ttps=['T1003'] pid=10066 tier=ISOLATE
2026-06-08 15:46:38 [warning  ] enforcement_signal_dryrun      comm=bench pid=10067 signal=<Signals.SIGKILL: 9>
2026-06-08 15:46:38 [warning  ] enforcement_cgroup_freeze_dryrun pid=10067
2026-06-08 15:46:38 [info     ] cwae_decision                  comm=bench confidence=0.92 dry_run=True label=MALICIOUS latency_us=349.15 mitre_ttps=['T1003'] pid=10067 tier=ISOLATE
2026-06-08 15:46:38 [warning  ] enforcement_signal_dryrun      comm=bench pid=10068 signal=<Signals.SIGKILL: 9>
2026-06-08 15:46:38 [warning  ] enforcement_cgroup_freeze_dryrun pid=10068
2026-06-08 15:46:38 [info     ] cwae_decision                  comm=bench confidence=0.92 dry_run=True label=MALICIOUS latency_us=337.96 mitre_ttps=['T1003'] pid=10068 tier=ISOLATE
2026-06-08 15:46:38 [warning  ] enforcement_signal_dryrun      comm=bench pid=10069 signal=<Signals.SIGKILL: 9>
2026-06-08 15:46:38 [warning  ] enforcement_cgroup_freeze_dryrun pid=10069
2026-06-08 15:46:38 [info     ] cwae_decision                  comm=bench confidence=0.92 dry_run=True label=MALICIOUS latency_us=353.56 mitre_ttps=['T1003'] pid=10069 tier=ISOLATE
2026-06-08 15:46:38 [warning  ] enforcement_signal_dryrun      comm=bench pid=10070 signal=<Signals.SIGKILL: 9>
2026-06-08 15:46:38 [warning  ] enforcement_cgroup_freeze_dryrun pid=10070
2026-06-08 15:46:38 [info     ] cwae_decision                  comm=bench confidence=0.92 dry_run=True label=MALICIOUS latency_us=359.63 mitre_ttps=['T1003'] pid=10070 tier=ISOLATE
2026-06-08 15:46:38 [warning  ] enforcement_signal_dryrun      comm=bench pid=10071 signal=<Signals.SIGKILL: 9>
2026-06-08 15:46:38 [warning  ] enforcement_cgroup_freeze_dryrun pid=10071
2026-06-08 15:46:38 [info     ] cwae_decision                  comm=bench confidence=0.92 dry_run=True label=MALICIOUS latency_us=394.83 mitre_ttps=['T1003'] pid=10071 tier=ISOLATE
2026-06-08 15:46:38 [warning  ] enforcement_signal_dryrun      comm=bench pid=10072 signal=<Signals.SIGKILL: 9>
2026-06-08 15:46:38 [warning  ] enforcement_cgroup_freeze_dryrun pid=10072
2026-06-08 15:46:38 [info     ] cwae_decision                  comm=bench confidence=0.92 dry_run=True label=MALICIOUS latency_us=366.68 mitre_ttps=['T1003'] pid=10072 tier=ISOLATE
2026-06-08 15:46:38 [warning  ] enforcement_signal_dryrun      comm=bench pid=10073 signal=<Signals.SIGKILL: 9>
2026-06-08 15:46:38 [warning  ] enforcement_cgroup_freeze_dryrun pid=10073
2026-06-08 15:46:38 [info     ] cwae_decision                  comm=bench confidence=0.92 dry_run=True label=MALICIOUS latency_us=343.23 mitre_ttps=['T1003'] pid=10073 tier=ISOLATE
2026-06-08 15:46:38 [warning  ] enforcement_signal_dryrun      comm=bench pid=10074 signal=<Signals.SIGKILL: 9>
2026-06-08 15:46:38 [warning  ] enforcement_cgroup_freeze_dryrun pid=10074
2026-06-08 15:46:38 [info     ] cwae_decision                  comm=bench confidence=0.92 dry_run=True label=MALICIOUS latency_us=345.72 mitre_ttps=['T1003'] pid=10074 tier=ISOLATE
2026-06-08 15:46:38 [warning  ] enforcement_signal_dryrun      comm=bench pid=10075 signal=<Signals.SIGKILL: 9>
2026-06-08 15:46:38 [warning  ] enforcement_cgroup_freeze_dryrun pid=10075
2026-06-08 15:46:38 [info     ] cwae_decision                  comm=bench confidence=0.92 dry_run=True label=MALICIOUS latency_us=353.84 mitre_ttps=['T1003'] pid=10075 tier=ISOLATE
2026-06-08 15:46:38 [warning  ] enforcement_signal_dryrun      comm=bench pid=10076 signal=<Signals.SIGKILL: 9>
2026-06-08 15:46:38 [warning  ] enforcement_cgroup_freeze_dryrun pid=10076
2026-06-08 15:46:38 [info     ] cwae_decision                  comm=bench confidence=0.92 dry_run=True label=MALICIOUS latency_us=349.82 mitre_ttps=['T1003'] pid=10076 tier=ISOLATE
2026-06-08 15:46:38 [warning  ] enforcement_signal_dryrun      comm=bench pid=10077 signal=<Signals.SIGKILL: 9>
2026-06-08 15:46:38 [warning  ] enforcement_cgroup_freeze_dryrun pid=10077
2026-06-08 15:46:38 [info     ] cwae_decision                  comm=bench confidence=0.92 dry_run=True label=MALICIOUS latency_us=345.61 mitre_ttps=['T1003'] pid=10077 tier=ISOLATE
2026-06-08 15:46:38 [warning  ] enforcement_signal_dryrun      comm=bench pid=10078 signal=<Signals.SIGKILL: 9>
2026-06-08 15:46:38 [warning  ] enforcement_cgroup_freeze_dryrun pid=10078
2026-06-08 15:46:38 [info     ] cwae_decision                  comm=bench confidence=0.92 dry_run=True label=MALICIOUS latency_us=346.6 mitre_ttps=['T1003'] pid=10078 tier=ISOLATE
2026-06-08 15:46:38 [warning  ] enforcement_signal_dryrun      comm=bench pid=10079 signal=<Signals.SIGKILL: 9>
2026-06-08 15:46:38 [warning  ] enforcement_cgroup_freeze_dryrun pid=10079
2026-06-08 15:46:38 [info     ] cwae_decision                  comm=bench confidence=0.92 dry_run=True label=MALICIOUS latency_us=356.08 mitre_ttps=['T1003'] pid=10079 tier=ISOLATE
2026-06-08 15:46:38 [warning  ] enforcement_signal_dryrun      comm=bench pid=10080 signal=<Signals.SIGKILL: 9>
2026-06-08 15:46:38 [warning  ] enforcement_cgroup_freeze_dryrun pid=10080
2026-06-08 15:46:38 [info     ] cwae_decision                  comm=bench confidence=0.92 dry_run=True label=MALICIOUS latency_us=383.74 mitre_ttps=['T1003'] pid=10080 tier=ISOLATE
2026-06-08 15:46:38 [warning  ] enforcement_signal_dryrun      comm=bench pid=10081 signal=<Signals.SIGKILL: 9>
2026-06-08 15:46:38 [warning  ] enforcement_cgroup_freeze_dryrun pid=10081
2026-06-08 15:46:38 [info     ] cwae_decision                  comm=bench confidence=0.92 dry_run=True label=MALICIOUS latency_us=365.88 mitre_ttps=['T1003'] pid=10081 tier=ISOLATE
2026-06-08 15:46:38 [warning  ] enforcement_signal_dryrun      comm=bench pid=10082 signal=<Signals.SIGKILL: 9>
2026-06-08 15:46:38 [warning  ] enforcement_cgroup_freeze_dryrun pid=10082
2026-06-08 15:46:38 [info     ] cwae_decision                  comm=bench confidence=0.92 dry_run=True label=MALICIOUS latency_us=355.13 mitre_ttps=['T1003'] pid=10082 tier=ISOLATE
2026-06-08 15:46:38 [warning  ] enforcement_signal_dryrun      comm=bench pid=10083 signal=<Signals.SIGKILL: 9>
2026-06-08 15:46:38 [warning  ] enforcement_cgroup_freeze_dryrun pid=10083
2026-06-08 15:46:38 [info     ] cwae_decision                  comm=bench confidence=0.92 dry_run=True label=MALICIOUS latency_us=347.86 mitre_ttps=['T1003'] pid=10083 tier=ISOLATE
2026-06-08 15:46:38 [warning  ] enforcement_signal_dryrun      comm=bench pid=10084 signal=<Signals.SIGKILL: 9>
2026-06-08 15:46:38 [warning  ] enforcement_cgroup_freeze_dryrun pid=10084
2026-06-08 15:46:38 [info     ] cwae_decision                  comm=bench confidence=0.92 dry_run=True label=MALICIOUS latency_us=354.67 mitre_ttps=['T1003'] pid=10084 tier=ISOLATE
2026-06-08 15:46:38 [warning  ] enforcement_signal_dryrun      comm=bench pid=10085 signal=<Signals.SIGKILL: 9>
2026-06-08 15:46:38 [warning  ] enforcement_cgroup_freeze_dryrun pid=10085
2026-06-08 15:46:38 [info     ] cwae_decision                  comm=bench confidence=0.92 dry_run=True label=MALICIOUS latency_us=350.8 mitre_ttps=['T1003'] pid=10085 tier=ISOLATE
2026-06-08 15:46:38 [warning  ] enforcement_signal_dryrun      comm=bench pid=10086 signal=<Signals.SIGKILL: 9>
2026-06-08 15:46:38 [warning  ] enforcement_cgroup_freeze_dryrun pid=10086
2026-06-08 15:46:38 [info     ] cwae_decision                  comm=bench confidence=0.92 dry_run=True label=MALICIOUS latency_us=341.55 mitre_ttps=['T1003'] pid=10086 tier=ISOLATE
2026-06-08 15:46:38 [warning  ] enforcement_signal_dryrun      comm=bench pid=10087 signal=<Signals.SIGKILL: 9>
2026-06-08 15:46:38 [warning  ] enforcement_cgroup_freeze_dryrun pid=10087
2026-06-08 15:46:38 [info     ] cwae_decision                  comm=bench confidence=0.92 dry_run=True label=MALICIOUS latency_us=344.32 mitre_ttps=['T1003'] pid=10087 tier=ISOLATE
2026-06-08 15:46:38 [warning  ] enforcement_signal_dryrun      comm=bench pid=10088 signal=<Signals.SIGKILL: 9>
2026-06-08 15:46:38 [warning  ] enforcement_cgroup_freeze_dryrun pid=10088
2026-06-08 15:46:38 [info     ] cwae_decision                  comm=bench confidence=0.92 dry_run=True label=MALICIOUS latency_us=360.18 mitre_ttps=['T1003'] pid=10088 tier=ISOLATE
2026-06-08 15:46:38 [warning  ] enforcement_signal_dryrun      comm=bench pid=10089 signal=<Signals.SIGKILL: 9>
2026-06-08 15:46:38 [warning  ] enforcement_cgroup_freeze_dryrun pid=10089
2026-06-08 15:46:38 [info     ] cwae_decision                  comm=bench confidence=0.92 dry_run=True label=MALICIOUS latency_us=381.65 mitre_ttps=['T1003'] pid=10089 tier=ISOLATE
2026-06-08 15:46:38 [warning  ] enforcement_signal_dryrun      comm=bench pid=10090 signal=<Signals.SIGKILL: 9>
2026-06-08 15:46:38 [warning  ] enforcement_cgroup_freeze_dryrun pid=10090
2026-06-08 15:46:38 [info     ] cwae_decision                  comm=bench confidence=0.92 dry_run=True label=MALICIOUS latency_us=367.45 mitre_ttps=['T1003'] pid=10090 tier=ISOLATE
2026-06-08 15:46:38 [warning  ] enforcement_signal_dryrun      comm=bench pid=10091 signal=<Signals.SIGKILL: 9>
2026-06-08 15:46:38 [warning  ] enforcement_cgroup_freeze_dryrun pid=10091
2026-06-08 15:46:38 [info     ] cwae_decision                  comm=bench confidence=0.92 dry_run=True label=MALICIOUS latency_us=361.84 mitre_ttps=['T1003'] pid=10091 tier=ISOLATE
2026-06-08 15:46:38 [warning  ] enforcement_signal_dryrun      comm=bench pid=10092 signal=<Signals.SIGKILL: 9>
2026-06-08 15:46:38 [warning  ] enforcement_cgroup_freeze_dryrun pid=10092
2026-06-08 15:46:38 [info     ] cwae_decision                  comm=bench confidence=0.92 dry_run=True label=MALICIOUS latency_us=342.93 mitre_ttps=['T1003'] pid=10092 tier=ISOLATE
2026-06-08 15:46:38 [warning  ] enforcement_signal_dryrun      comm=bench pid=10093 signal=<Signals.SIGKILL: 9>
2026-06-08 15:46:38 [warning  ] enforcement_cgroup_freeze_dryrun pid=10093
2026-06-08 15:46:38 [info     ] cwae_decision                  comm=bench confidence=0.92 dry_run=True label=MALICIOUS latency_us=367.76 mitre_ttps=['T1003'] pid=10093 tier=ISOLATE
2026-06-08 15:46:38 [warning  ] enforcement_signal_dryrun      comm=bench pid=10094 signal=<Signals.SIGKILL: 9>
2026-06-08 15:46:38 [warning  ] enforcement_cgroup_freeze_dryrun pid=10094
2026-06-08 15:46:38 [info     ] cwae_decision                  comm=bench confidence=0.92 dry_run=True label=MALICIOUS latency_us=353.82 mitre_ttps=['T1003'] pid=10094 tier=ISOLATE
2026-06-08 15:46:38 [warning  ] enforcement_signal_dryrun      comm=bench pid=10095 signal=<Signals.SIGKILL: 9>
2026-06-08 15:46:38 [warning  ] enforcement_cgroup_freeze_dryrun pid=10095
2026-06-08 15:46:38 [info     ] cwae_decision                  comm=bench confidence=0.92 dry_run=True label=MALICIOUS latency_us=346.82 mitre_ttps=['T1003'] pid=10095 tier=ISOLATE
2026-06-08 15:46:38 [warning  ] enforcement_signal_dryrun      comm=bench pid=10096 signal=<Signals.SIGKILL: 9>
2026-06-08 15:46:38 [warning  ] enforcement_cgroup_freeze_dryrun pid=10096
2026-06-08 15:46:38 [info     ] cwae_decision                  comm=bench confidence=0.92 dry_run=True label=MALICIOUS latency_us=344.21 mitre_ttps=['T1003'] pid=10096 tier=ISOLATE
2026-06-08 15:46:38 [warning  ] enforcement_signal_dryrun      comm=bench pid=10097 signal=<Signals.SIGKILL: 9>
2026-06-08 15:46:38 [warning  ] enforcement_cgroup_freeze_dryrun pid=10097
2026-06-08 15:46:38 [info     ] cwae_decision                  comm=bench confidence=0.92 dry_run=True label=MALICIOUS latency_us=346.21 mitre_ttps=['T1003'] pid=10097 tier=ISOLATE
2026-06-08 15:46:38 [warning  ] enforcement_signal_dryrun      comm=bench pid=10098 signal=<Signals.SIGKILL: 9>
2026-06-08 15:46:38 [warning  ] enforcement_cgroup_freeze_dryrun pid=10098
2026-06-08 15:46:38 [info     ] cwae_decision                  comm=bench confidence=0.92 dry_run=True label=MALICIOUS latency_us=379.45 mitre_ttps=['T1003'] pid=10098 tier=ISOLATE
2026-06-08 15:46:38 [warning  ] enforcement_signal_dryrun      comm=bench pid=9999 signal=<Signals.SIGKILL: 9>
2026-06-08 15:46:38 [warning  ] enforcement_cgroup_freeze_dryrun pid=9999
2026-06-08 15:46:38 [info     ] cwae_decision                  comm=bench confidence=0.92 dry_run=True label=MALICIOUS latency_us=372.15 mitre_ttps=['T1003'] pid=9999 tier=ISOLATE
2026-06-08 15:46:38 [warning  ] enforcement_signal_dryrun      comm=bench pid=10000 signal=<Signals.SIGKILL: 9>
2026-06-08 15:46:38 [warning  ] enforcement_cgroup_freeze_dryrun pid=10000
2026-06-08 15:46:38 [info     ] cwae_decision                  comm=bench confidence=0.92 dry_run=True label=MALICIOUS latency_us=362.93 mitre_ttps=['T1003'] pid=10000 tier=ISOLATE
2026-06-08 15:46:38 [warning  ] enforcement_signal_dryrun      comm=bench pid=10001 signal=<Signals.SIGKILL: 9>
2026-06-08 15:46:38 [warning  ] enforcement_cgroup_freeze_dryrun pid=10001
2026-06-08 15:46:38 [info     ] cwae_decision                  comm=bench confidence=0.92 dry_run=True label=MALICIOUS latency_us=344.38 mitre_ttps=['T1003'] pid=10001 tier=ISOLATE
2026-06-08 15:46:38 [warning  ] enforcement_signal_dryrun      comm=bench pid=10002 signal=<Signals.SIGKILL: 9>
2026-06-08 15:46:38 [warning  ] enforcement_cgroup_freeze_dryrun pid=10002
2026-06-08 15:46:38 [info     ] cwae_decision                  comm=bench confidence=0.92 dry_run=True label=MALICIOUS latency_us=357.73 mitre_ttps=['T1003'] pid=10002 tier=ISOLATE
2026-06-08 15:46:38 [warning  ] enforcement_signal_dryrun      comm=bench pid=10003 signal=<Signals.SIGKILL: 9>
2026-06-08 15:46:38 [warning  ] enforcement_cgroup_freeze_dryrun pid=10003
2026-06-08 15:46:38 [info     ] cwae_decision                  comm=bench confidence=0.92 dry_run=True label=MALICIOUS latency_us=355.01 mitre_ttps=['T1003'] pid=10003 tier=ISOLATE
2026-06-08 15:46:38 [warning  ] enforcement_signal_dryrun      comm=bench pid=10004 signal=<Signals.SIGKILL: 9>
2026-06-08 15:46:38 [warning  ] enforcement_cgroup_freeze_dryrun pid=10004
2026-06-08 15:46:38 [info     ] cwae_decision                  comm=bench confidence=0.92 dry_run=True label=MALICIOUS latency_us=351.33 mitre_ttps=['T1003'] pid=10004 tier=ISOLATE
2026-06-08 15:46:38 [warning  ] enforcement_signal_dryrun      comm=bench pid=10005 signal=<Signals.SIGKILL: 9>
2026-06-08 15:46:38 [warning  ] enforcement_cgroup_freeze_dryrun pid=10005
2026-06-08 15:46:38 [info     ] cwae_decision                  comm=bench confidence=0.92 dry_run=True label=MALICIOUS latency_us=367.07 mitre_ttps=['T1003'] pid=10005 tier=ISOLATE
2026-06-08 15:46:38 [warning  ] enforcement_signal_dryrun      comm=bench pid=10006 signal=<Signals.SIGKILL: 9>
2026-06-08 15:46:38 [warning  ] enforcement_cgroup_freeze_dryrun pid=10006
2026-06-08 15:46:38 [info     ] cwae_decision                  comm=bench confidence=0.92 dry_run=True label=MALICIOUS latency_us=356.77 mitre_ttps=['T1003'] pid=10006 tier=ISOLATE
2026-06-08 15:46:38 [warning  ] enforcement_signal_dryrun      comm=bench pid=10007 signal=<Signals.SIGKILL: 9>
2026-06-08 15:46:38 [warning  ] enforcement_cgroup_freeze_dryrun pid=10007
2026-06-08 15:46:38 [info     ] cwae_decision                  comm=bench confidence=0.92 dry_run=True label=MALICIOUS latency_us=372.48 mitre_ttps=['T1003'] pid=10007 tier=ISOLATE
2026-06-08 15:46:38 [warning  ] enforcement_signal_dryrun      comm=bench pid=10008 signal=<Signals.SIGKILL: 9>
2026-06-08 15:46:38 [warning  ] enforcement_cgroup_freeze_dryrun pid=10008
2026-06-08 15:46:38 [info     ] cwae_decision                  comm=bench confidence=0.92 dry_run=True label=MALICIOUS latency_us=368.82 mitre_ttps=['T1003'] pid=10008 tier=ISOLATE
2026-06-08 15:46:38 [warning  ] enforcement_signal_dryrun      comm=bench pid=10009 signal=<Signals.SIGKILL: 9>
2026-06-08 15:46:38 [warning  ] enforcement_cgroup_freeze_dryrun pid=10009
2026-06-08 15:46:38 [info     ] cwae_decision                  comm=bench confidence=0.92 dry_run=True label=MALICIOUS latency_us=362.86 mitre_ttps=['T1003'] pid=10009 tier=ISOLATE
2026-06-08 15:46:38 [warning  ] enforcement_signal_dryrun      comm=bench pid=10010 signal=<Signals.SIGKILL: 9>
2026-06-08 15:46:38 [warning  ] enforcement_cgroup_freeze_dryrun pid=10010
2026-06-08 15:46:38 [info     ] cwae_decision                  comm=bench confidence=0.92 dry_run=True label=MALICIOUS latency_us=345.16 mitre_ttps=['T1003'] pid=10010 tier=ISOLATE
2026-06-08 15:46:38 [warning  ] enforcement_signal_dryrun      comm=bench pid=10011 signal=<Signals.SIGKILL: 9>
2026-06-08 15:46:38 [warning  ] enforcement_cgroup_freeze_dryrun pid=10011
2026-06-08 15:46:38 [info     ] cwae_decision                  comm=bench confidence=0.92 dry_run=True label=MALICIOUS latency_us=350.27 mitre_ttps=['T1003'] pid=10011 tier=ISOLATE
2026-06-08 15:46:38 [warning  ] enforcement_signal_dryrun      comm=bench pid=10012 signal=<Signals.SIGKILL: 9>
2026-06-08 15:46:38 [warning  ] enforcement_cgroup_freeze_dryrun pid=10012
2026-06-08 15:46:38 [info     ] cwae_decision                  comm=bench confidence=0.92 dry_run=True label=MALICIOUS latency_us=350.69 mitre_ttps=['T1003'] pid=10012 tier=ISOLATE
2026-06-08 15:46:38 [warning  ] enforcement_signal_dryrun      comm=bench pid=10013 signal=<Signals.SIGKILL: 9>
2026-06-08 15:46:38 [warning  ] enforcement_cgroup_freeze_dryrun pid=10013
2026-06-08 15:46:38 [info     ] cwae_decision                  comm=bench confidence=0.92 dry_run=True label=MALICIOUS latency_us=353.11 mitre_ttps=['T1003'] pid=10013 tier=ISOLATE
2026-06-08 15:46:38 [warning  ] enforcement_signal_dryrun      comm=bench pid=10014 signal=<Signals.SIGKILL: 9>
2026-06-08 15:46:38 [warning  ] enforcement_cgroup_freeze_dryrun pid=10014
2026-06-08 15:46:38 [info     ] cwae_decision                  comm=bench confidence=0.92 dry_run=True label=MALICIOUS latency_us=342.03 mitre_ttps=['T1003'] pid=10014 tier=ISOLATE
2026-06-08 15:46:38 [warning  ] enforcement_signal_dryrun      comm=bench pid=10015 signal=<Signals.SIGKILL: 9>
2026-06-08 15:46:38 [warning  ] enforcement_cgroup_freeze_dryrun pid=10015
2026-06-08 15:46:38 [info     ] cwae_decision                  comm=bench confidence=0.92 dry_run=True label=MALICIOUS latency_us=358.99 mitre_ttps=['T1003'] pid=10015 tier=ISOLATE
2026-06-08 15:46:38 [warning  ] enforcement_signal_dryrun      comm=bench pid=10016 signal=<Signals.SIGKILL: 9>
2026-06-08 15:46:38 [warning  ] enforcement_cgroup_freeze_dryrun pid=10016
2026-06-08 15:46:38 [info     ] cwae_decision                  comm=bench confidence=0.92 dry_run=True label=MALICIOUS latency_us=368.96 mitre_ttps=['T1003'] pid=10016 tier=ISOLATE
2026-06-08 15:46:38 [warning  ] enforcement_signal_dryrun      comm=bench pid=10017 signal=<Signals.SIGKILL: 9>
2026-06-08 15:46:38 [warning  ] enforcement_cgroup_freeze_dryrun pid=10017
2026-06-08 15:46:38 [info     ] cwae_decision                  comm=bench confidence=0.92 dry_run=True label=MALICIOUS latency_us=361.91 mitre_ttps=['T1003'] pid=10017 tier=ISOLATE
2026-06-08 15:46:38 [warning  ] enforcement_signal_dryrun      comm=bench pid=10018 signal=<Signals.SIGKILL: 9>
2026-06-08 15:46:38 [warning  ] enforcement_cgroup_freeze_dryrun pid=10018
2026-06-08 15:46:38 [info     ] cwae_decision                  comm=bench confidence=0.92 dry_run=True label=MALICIOUS latency_us=342.41 mitre_ttps=['T1003'] pid=10018 tier=ISOLATE
2026-06-08 15:46:38 [warning  ] enforcement_signal_dryrun      comm=bench pid=10019 signal=<Signals.SIGKILL: 9>
2026-06-08 15:46:38 [warning  ] enforcement_cgroup_freeze_dryrun pid=10019
2026-06-08 15:46:38 [info     ] cwae_decision                  comm=bench confidence=0.92 dry_run=True label=MALICIOUS latency_us=351.24 mitre_ttps=['T1003'] pid=10019 tier=ISOLATE
2026-06-08 15:46:38 [warning  ] enforcement_signal_dryrun      comm=bench pid=10020 signal=<Signals.SIGKILL: 9>
2026-06-08 15:46:38 [warning  ] enforcement_cgroup_freeze_dryrun pid=10020
2026-06-08 15:46:38 [info     ] cwae_decision                  comm=bench confidence=0.92 dry_run=True label=MALICIOUS latency_us=354.28 mitre_ttps=['T1003'] pid=10020 tier=ISOLATE
2026-06-08 15:46:38 [warning  ] enforcement_signal_dryrun      comm=bench pid=10021 signal=<Signals.SIGKILL: 9>
2026-06-08 15:46:38 [warning  ] enforcement_cgroup_freeze_dryrun pid=10021
2026-06-08 15:46:38 [info     ] cwae_decision                  comm=bench confidence=0.92 dry_run=True label=MALICIOUS latency_us=350.9 mitre_ttps=['T1003'] pid=10021 tier=ISOLATE
2026-06-08 15:46:38 [warning  ] enforcement_signal_dryrun      comm=bench pid=10022 signal=<Signals.SIGKILL: 9>
2026-06-08 15:46:38 [warning  ] enforcement_cgroup_freeze_dryrun pid=10022
2026-06-08 15:46:38 [info     ] cwae_decision                  comm=bench confidence=0.92 dry_run=True label=MALICIOUS latency_us=345.52 mitre_ttps=['T1003'] pid=10022 tier=ISOLATE
2026-06-08 15:46:38 [warning  ] enforcement_signal_dryrun      comm=bench pid=10023 signal=<Signals.SIGKILL: 9>
2026-06-08 15:46:38 [warning  ] enforcement_cgroup_freeze_dryrun pid=10023
2026-06-08 15:46:38 [info     ] cwae_decision                  comm=bench confidence=0.92 dry_run=True label=MALICIOUS latency_us=341.82 mitre_ttps=['T1003'] pid=10023 tier=ISOLATE
2026-06-08 15:46:38 [warning  ] enforcement_signal_dryrun      comm=bench pid=10024 signal=<Signals.SIGKILL: 9>
2026-06-08 15:46:38 [warning  ] enforcement_cgroup_freeze_dryrun pid=10024
2026-06-08 15:46:38 [info     ] cwae_decision                  comm=bench confidence=0.92 dry_run=True label=MALICIOUS latency_us=356.52 mitre_ttps=['T1003'] pid=10024 tier=ISOLATE
2026-06-08 15:46:38 [warning  ] enforcement_signal_dryrun      comm=bench pid=10025 signal=<Signals.SIGKILL: 9>
2026-06-08 15:46:38 [warning  ] enforcement_cgroup_freeze_dryrun pid=10025
2026-06-08 15:46:38 [info     ] cwae_decision                  comm=bench confidence=0.92 dry_run=True label=MALICIOUS latency_us=382.15 mitre_ttps=['T1003'] pid=10025 tier=ISOLATE
2026-06-08 15:46:38 [warning  ] enforcement_signal_dryrun      comm=bench pid=10026 signal=<Signals.SIGKILL: 9>
2026-06-08 15:46:38 [warning  ] enforcement_cgroup_freeze_dryrun pid=10026
2026-06-08 15:46:38 [info     ] cwae_decision                  comm=bench confidence=0.92 dry_run=True label=MALICIOUS latency_us=366.72 mitre_ttps=['T1003'] pid=10026 tier=ISOLATE
2026-06-08 15:46:38 [warning  ] enforcement_signal_dryrun      comm=bench pid=10027 signal=<Signals.SIGKILL: 9>
2026-06-08 15:46:38 [warning  ] enforcement_cgroup_freeze_dryrun pid=10027
2026-06-08 15:46:38 [info     ] cwae_decision                  comm=bench confidence=0.92 dry_run=True label=MALICIOUS latency_us=369.68 mitre_ttps=['T1003'] pid=10027 tier=ISOLATE
2026-06-08 15:46:38 [warning  ] enforcement_signal_dryrun      comm=bench pid=10028 signal=<Signals.SIGKILL: 9>
2026-06-08 15:46:38 [warning  ] enforcement_cgroup_freeze_dryrun pid=10028
2026-06-08 15:46:38 [info     ] cwae_decision                  comm=bench confidence=0.92 dry_run=True label=MALICIOUS latency_us=345.21 mitre_ttps=['T1003'] pid=10028 tier=ISOLATE
2026-06-08 15:46:38 [warning  ] enforcement_signal_dryrun      comm=bench pid=10029 signal=<Signals.SIGKILL: 9>
2026-06-08 15:46:38 [warning  ] enforcement_cgroup_freeze_dryrun pid=10029
2026-06-08 15:46:38 [info     ] cwae_decision                  comm=bench confidence=0.92 dry_run=True label=MALICIOUS latency_us=358.37 mitre_ttps=['T1003'] pid=10029 tier=ISOLATE
2026-06-08 15:46:38 [warning  ] enforcement_signal_dryrun      comm=bench pid=10030 signal=<Signals.SIGKILL: 9>
2026-06-08 15:46:38 [warning  ] enforcement_cgroup_freeze_dryrun pid=10030
2026-06-08 15:46:38 [info     ] cwae_decision                  comm=bench confidence=0.92 dry_run=True label=MALICIOUS latency_us=353.52 mitre_ttps=['T1003'] pid=10030 tier=ISOLATE
2026-06-08 15:46:38 [warning  ] enforcement_signal_dryrun      comm=bench pid=10031 signal=<Signals.SIGKILL: 9>
2026-06-08 15:46:38 [warning  ] enforcement_cgroup_freeze_dryrun pid=10031
2026-06-08 15:46:38 [info     ] cwae_decision                  comm=bench confidence=0.92 dry_run=True label=MALICIOUS latency_us=359.45 mitre_ttps=['T1003'] pid=10031 tier=ISOLATE
2026-06-08 15:46:38 [warning  ] enforcement_signal_dryrun      comm=bench pid=10032 signal=<Signals.SIGKILL: 9>
2026-06-08 15:46:38 [warning  ] enforcement_cgroup_freeze_dryrun pid=10032
2026-06-08 15:46:38 [info     ] cwae_decision                  comm=bench confidence=0.92 dry_run=True label=MALICIOUS latency_us=346.93 mitre_ttps=['T1003'] pid=10032 tier=ISOLATE
2026-06-08 15:46:38 [warning  ] enforcement_signal_dryrun      comm=bench pid=10033 signal=<Signals.SIGKILL: 9>
2026-06-08 15:46:38 [warning  ] enforcement_cgroup_freeze_dryrun pid=10033
2026-06-08 15:46:38 [info     ] cwae_decision                  comm=bench confidence=0.92 dry_run=True label=MALICIOUS latency_us=358.93 mitre_ttps=['T1003'] pid=10033 tier=ISOLATE
2026-06-08 15:46:38 [warning  ] enforcement_signal_dryrun      comm=bench pid=10034 signal=<Signals.SIGKILL: 9>
2026-06-08 15:46:38 [warning  ] enforcement_cgroup_freeze_dryrun pid=10034
2026-06-08 15:46:38 [info     ] cwae_decision                  comm=bench confidence=0.92 dry_run=True label=MALICIOUS latency_us=363.15 mitre_ttps=['T1003'] pid=10034 tier=ISOLATE
2026-06-08 15:46:38 [warning  ] enforcement_signal_dryrun      comm=bench pid=10035 signal=<Signals.SIGKILL: 9>
2026-06-08 15:46:38 [warning  ] enforcement_cgroup_freeze_dryrun pid=10035
2026-06-08 15:46:38 [info     ] cwae_decision                  comm=bench confidence=0.92 dry_run=True label=MALICIOUS latency_us=376.12 mitre_ttps=['T1003'] pid=10035 tier=ISOLATE
2026-06-08 15:46:38 [warning  ] enforcement_signal_dryrun      comm=bench pid=10036 signal=<Signals.SIGKILL: 9>
2026-06-08 15:46:38 [warning  ] enforcement_cgroup_freeze_dryrun pid=10036
2026-06-08 15:46:38 [info     ] cwae_decision                  comm=bench confidence=0.92 dry_run=True label=MALICIOUS latency_us=383.95 mitre_ttps=['T1003'] pid=10036 tier=ISOLATE
2026-06-08 15:46:38 [warning  ] enforcement_signal_dryrun      comm=bench pid=10037 signal=<Signals.SIGKILL: 9>
2026-06-08 15:46:38 [warning  ] enforcement_cgroup_freeze_dryrun pid=10037
2026-06-08 15:46:38 [info     ] cwae_decision                  comm=bench confidence=0.92 dry_run=True label=MALICIOUS latency_us=365.45 mitre_ttps=['T1003'] pid=10037 tier=ISOLATE
2026-06-08 15:46:38 [warning  ] enforcement_signal_dryrun      comm=bench pid=10038 signal=<Signals.SIGKILL: 9>
2026-06-08 15:46:38 [warning  ] enforcement_cgroup_freeze_dryrun pid=10038
2026-06-08 15:46:38 [info     ] cwae_decision                  comm=bench confidence=0.92 dry_run=True label=MALICIOUS latency_us=351.79 mitre_ttps=['T1003'] pid=10038 tier=ISOLATE
2026-06-08 15:46:38 [warning  ] enforcement_signal_dryrun      comm=bench pid=10039 signal=<Signals.SIGKILL: 9>
2026-06-08 15:46:38 [warning  ] enforcement_cgroup_freeze_dryrun pid=10039
2026-06-08 15:46:38 [info     ] cwae_decision                  comm=bench confidence=0.92 dry_run=True label=MALICIOUS latency_us=359.45 mitre_ttps=['T1003'] pid=10039 tier=ISOLATE
2026-06-08 15:46:38 [warning  ] enforcement_signal_dryrun      comm=bench pid=10040 signal=<Signals.SIGKILL: 9>
2026-06-08 15:46:38 [warning  ] enforcement_cgroup_freeze_dryrun pid=10040
2026-06-08 15:46:38 [info     ] cwae_decision                  comm=bench confidence=0.92 dry_run=True label=MALICIOUS latency_us=349.24 mitre_ttps=['T1003'] pid=10040 tier=ISOLATE
2026-06-08 15:46:38 [warning  ] enforcement_signal_dryrun      comm=bench pid=10041 signal=<Signals.SIGKILL: 9>
2026-06-08 15:46:38 [warning  ] enforcement_cgroup_freeze_dryrun pid=10041
2026-06-08 15:46:38 [info     ] cwae_decision                  comm=bench confidence=0.92 dry_run=True label=MALICIOUS latency_us=352.55 mitre_ttps=['T1003'] pid=10041 tier=ISOLATE
2026-06-08 15:46:38 [warning  ] enforcement_signal_dryrun      comm=bench pid=10042 signal=<Signals.SIGKILL: 9>
2026-06-08 15:46:38 [warning  ] enforcement_cgroup_freeze_dryrun pid=10042
2026-06-08 15:46:38 [info     ] cwae_decision                  comm=bench confidence=0.92 dry_run=True label=MALICIOUS latency_us=341.08 mitre_ttps=['T1003'] pid=10042 tier=ISOLATE
2026-06-08 15:46:38 [warning  ] enforcement_signal_dryrun      comm=bench pid=10043 signal=<Signals.SIGKILL: 9>
2026-06-08 15:46:38 [warning  ] enforcement_cgroup_freeze_dryrun pid=10043
2026-06-08 15:46:38 [info     ] cwae_decision                  comm=bench confidence=0.92 dry_run=True label=MALICIOUS latency_us=355.74 mitre_ttps=['T1003'] pid=10043 tier=ISOLATE
2026-06-08 15:46:38 [warning  ] enforcement_signal_dryrun      comm=bench pid=10044 signal=<Signals.SIGKILL: 9>
2026-06-08 15:46:38 [warning  ] enforcement_cgroup_freeze_dryrun pid=10044
2026-06-08 15:46:38 [info     ] cwae_decision                  comm=bench confidence=0.92 dry_run=True label=MALICIOUS latency_us=381.01 mitre_ttps=['T1003'] pid=10044 tier=ISOLATE
2026-06-08 15:46:38 [warning  ] enforcement_signal_dryrun      comm=bench pid=10045 signal=<Signals.SIGKILL: 9>
2026-06-08 15:46:38 [warning  ] enforcement_cgroup_freeze_dryrun pid=10045
2026-06-08 15:46:38 [info     ] cwae_decision                  comm=bench confidence=0.92 dry_run=True label=MALICIOUS latency_us=365.91 mitre_ttps=['T1003'] pid=10045 tier=ISOLATE
2026-06-08 15:46:38 [warning  ] enforcement_signal_dryrun      comm=bench pid=10046 signal=<Signals.SIGKILL: 9>
2026-06-08 15:46:38 [warning  ] enforcement_cgroup_freeze_dryrun pid=10046
2026-06-08 15:46:38 [info     ] cwae_decision                  comm=bench confidence=0.92 dry_run=True label=MALICIOUS latency_us=358.07 mitre_ttps=['T1003'] pid=10046 tier=ISOLATE
2026-06-08 15:46:38 [warning  ] enforcement_signal_dryrun      comm=bench pid=10047 signal=<Signals.SIGKILL: 9>
2026-06-08 15:46:38 [warning  ] enforcement_cgroup_freeze_dryrun pid=10047
2026-06-08 15:46:38 [info     ] cwae_decision                  comm=bench confidence=0.92 dry_run=True label=MALICIOUS latency_us=346.74 mitre_ttps=['T1003'] pid=10047 tier=ISOLATE
2026-06-08 15:46:38 [warning  ] enforcement_signal_dryrun      comm=bench pid=10048 signal=<Signals.SIGKILL: 9>
2026-06-08 15:46:38 [warning  ] enforcement_cgroup_freeze_dryrun pid=10048
2026-06-08 15:46:38 [info     ] cwae_decision                  comm=bench confidence=0.92 dry_run=True label=MALICIOUS latency_us=358.94 mitre_ttps=['T1003'] pid=10048 tier=ISOLATE
2026-06-08 15:46:38 [warning  ] enforcement_signal_dryrun      comm=bench pid=10049 signal=<Signals.SIGKILL: 9>
2026-06-08 15:46:38 [warning  ] enforcement_cgroup_freeze_dryrun pid=10049
2026-06-08 15:46:38 [info     ] cwae_decision                  comm=bench confidence=0.92 dry_run=True label=MALICIOUS latency_us=349.08 mitre_ttps=['T1003'] pid=10049 tier=ISOLATE
2026-06-08 15:46:38 [warning  ] enforcement_signal_dryrun      comm=bench pid=10050 signal=<Signals.SIGKILL: 9>
2026-06-08 15:46:38 [warning  ] enforcement_cgroup_freeze_dryrun pid=10050
2026-06-08 15:46:38 [info     ] cwae_decision                  comm=bench confidence=0.92 dry_run=True label=MALICIOUS latency_us=361.72 mitre_ttps=['T1003'] pid=10050 tier=ISOLATE
2026-06-08 15:46:38 [warning  ] enforcement_signal_dryrun      comm=bench pid=10051 signal=<Signals.SIGKILL: 9>
2026-06-08 15:46:38 [warning  ] enforcement_cgroup_freeze_dryrun pid=10051
2026-06-08 15:46:38 [info     ] cwae_decision                  comm=bench confidence=0.92 dry_run=True label=MALICIOUS latency_us=343.15 mitre_ttps=['T1003'] pid=10051 tier=ISOLATE
2026-06-08 15:46:38 [warning  ] enforcement_signal_dryrun      comm=bench pid=10052 signal=<Signals.SIGKILL: 9>
2026-06-08 15:46:38 [warning  ] enforcement_cgroup_freeze_dryrun pid=10052
2026-06-08 15:46:38 [info     ] cwae_decision                  comm=bench confidence=0.92 dry_run=True label=MALICIOUS latency_us=353.87 mitre_ttps=['T1003'] pid=10052 tier=ISOLATE
2026-06-08 15:46:38 [warning  ] enforcement_signal_dryrun      comm=bench pid=10053 signal=<Signals.SIGKILL: 9>
2026-06-08 15:46:38 [warning  ] enforcement_cgroup_freeze_dryrun pid=10053
2026-06-08 15:46:38 [info     ] cwae_decision                  comm=bench confidence=0.92 dry_run=True label=MALICIOUS latency_us=360.08 mitre_ttps=['T1003'] pid=10053 tier=ISOLATE
2026-06-08 15:46:38 [warning  ] enforcement_signal_dryrun      comm=bench pid=10054 signal=<Signals.SIGKILL: 9>
2026-06-08 15:46:38 [warning  ] enforcement_cgroup_freeze_dryrun pid=10054
2026-06-08 15:46:38 [info     ] cwae_decision                  comm=bench confidence=0.92 dry_run=True label=MALICIOUS latency_us=358.65 mitre_ttps=['T1003'] pid=10054 tier=ISOLATE
2026-06-08 15:46:38 [warning  ] enforcement_signal_dryrun      comm=bench pid=10055 signal=<Signals.SIGKILL: 9>
2026-06-08 15:46:38 [warning  ] enforcement_cgroup_freeze_dryrun pid=10055
2026-06-08 15:46:38 [info     ] cwae_decision                  comm=bench confidence=0.92 dry_run=True label=MALICIOUS latency_us=375.92 mitre_ttps=['T1003'] pid=10055 tier=ISOLATE
2026-06-08 15:46:38 [warning  ] enforcement_signal_dryrun      comm=bench pid=10056 signal=<Signals.SIGKILL: 9>
2026-06-08 15:46:38 [warning  ] enforcement_cgroup_freeze_dryrun pid=10056
2026-06-08 15:46:38 [info     ] cwae_decision                  comm=bench confidence=0.92 dry_run=True label=MALICIOUS latency_us=345.07 mitre_ttps=['T1003'] pid=10056 tier=ISOLATE
2026-06-08 15:46:38 [warning  ] enforcement_signal_dryrun      comm=bench pid=10057 signal=<Signals.SIGKILL: 9>
2026-06-08 15:46:38 [warning  ] enforcement_cgroup_freeze_dryrun pid=10057
2026-06-08 15:46:38 [info     ] cwae_decision                  comm=bench confidence=0.92 dry_run=True label=MALICIOUS latency_us=358.88 mitre_ttps=['T1003'] pid=10057 tier=ISOLATE
2026-06-08 15:46:38 [warning  ] enforcement_signal_dryrun      comm=bench pid=10058 signal=<Signals.SIGKILL: 9>
2026-06-08 15:46:38 [warning  ] enforcement_cgroup_freeze_dryrun pid=10058
2026-06-08 15:46:38 [info     ] cwae_decision                  comm=bench confidence=0.92 dry_run=True label=MALICIOUS latency_us=362.73 mitre_ttps=['T1003'] pid=10058 tier=ISOLATE
2026-06-08 15:46:38 [warning  ] enforcement_signal_dryrun      comm=bench pid=10059 signal=<Signals.SIGKILL: 9>
2026-06-08 15:46:38 [warning  ] enforcement_cgroup_freeze_dryrun pid=10059
2026-06-08 15:46:38 [info     ] cwae_decision                  comm=bench confidence=0.92 dry_run=True label=MALICIOUS latency_us=344.97 mitre_ttps=['T1003'] pid=10059 tier=ISOLATE
2026-06-08 15:46:38 [warning  ] enforcement_signal_dryrun      comm=bench pid=10060 signal=<Signals.SIGKILL: 9>
2026-06-08 15:46:38 [warning  ] enforcement_cgroup_freeze_dryrun pid=10060
2026-06-08 15:46:38 [info     ] cwae_decision                  comm=bench confidence=0.92 dry_run=True label=MALICIOUS latency_us=344.45 mitre_ttps=['T1003'] pid=10060 tier=ISOLATE
2026-06-08 15:46:38 [warning  ] enforcement_signal_dryrun      comm=bench pid=10061 signal=<Signals.SIGKILL: 9>
2026-06-08 15:46:38 [warning  ] enforcement_cgroup_freeze_dryrun pid=10061
2026-06-08 15:46:38 [info     ] cwae_decision                  comm=bench confidence=0.92 dry_run=True label=MALICIOUS latency_us=353.97 mitre_ttps=['T1003'] pid=10061 tier=ISOLATE
2026-06-08 15:46:38 [warning  ] enforcement_signal_dryrun      comm=bench pid=10062 signal=<Signals.SIGKILL: 9>
2026-06-08 15:46:38 [warning  ] enforcement_cgroup_freeze_dryrun pid=10062
2026-06-08 15:46:38 [info     ] cwae_decision                  comm=bench confidence=0.92 dry_run=True label=MALICIOUS latency_us=357.3 mitre_ttps=['T1003'] pid=10062 tier=ISOLATE
2026-06-08 15:46:38 [warning  ] enforcement_signal_dryrun      comm=bench pid=10063 signal=<Signals.SIGKILL: 9>
2026-06-08 15:46:38 [warning  ] enforcement_cgroup_freeze_dryrun pid=10063
2026-06-08 15:46:38 [info     ] cwae_decision                  comm=bench confidence=0.92 dry_run=True label=MALICIOUS latency_us=359.86 mitre_ttps=['T1003'] pid=10063 tier=ISOLATE
2026-06-08 15:46:38 [warning  ] enforcement_signal_dryrun      comm=bench pid=10064 signal=<Signals.SIGKILL: 9>
2026-06-08 15:46:38 [warning  ] enforcement_cgroup_freeze_dryrun pid=10064
2026-06-08 15:46:38 [info     ] cwae_decision                  comm=bench confidence=0.92 dry_run=True label=MALICIOUS latency_us=358.79 mitre_ttps=['T1003'] pid=10064 tier=ISOLATE
2026-06-08 15:46:38 [warning  ] enforcement_signal_dryrun      comm=bench pid=10065 signal=<Signals.SIGKILL: 9>
2026-06-08 15:46:38 [warning  ] enforcement_cgroup_freeze_dryrun pid=10065
2026-06-08 15:46:38 [info     ] cwae_decision                  comm=bench confidence=0.92 dry_run=True label=MALICIOUS latency_us=341.89 mitre_ttps=['T1003'] pid=10065 tier=ISOLATE
2026-06-08 15:46:38 [warning  ] enforcement_signal_dryrun      comm=bench pid=10066 signal=<Signals.SIGKILL: 9>
2026-06-08 15:46:38 [warning  ] enforcement_cgroup_freeze_dryrun pid=10066
2026-06-08 15:46:38 [info     ] cwae_decision                  comm=bench confidence=0.92 dry_run=True label=MALICIOUS latency_us=359.67 mitre_ttps=['T1003'] pid=10066 tier=ISOLATE
2026-06-08 15:46:38 [warning  ] enforcement_signal_dryrun      comm=bench pid=10067 signal=<Signals.SIGKILL: 9>
2026-06-08 15:46:38 [warning  ] enforcement_cgroup_freeze_dryrun pid=10067
2026-06-08 15:46:38 [info     ] cwae_decision                  comm=bench confidence=0.92 dry_run=True label=MALICIOUS latency_us=346.16 mitre_ttps=['T1003'] pid=10067 tier=ISOLATE
2026-06-08 15:46:38 [warning  ] enforcement_signal_dryrun      comm=bench pid=10068 signal=<Signals.SIGKILL: 9>
2026-06-08 15:46:38 [warning  ] enforcement_cgroup_freeze_dryrun pid=10068
2026-06-08 15:46:38 [info     ] cwae_decision                  comm=bench confidence=0.92 dry_run=True label=MALICIOUS latency_us=346.89 mitre_ttps=['T1003'] pid=10068 tier=ISOLATE
2026-06-08 15:46:38 [warning  ] enforcement_signal_dryrun      comm=bench pid=10069 signal=<Signals.SIGKILL: 9>
2026-06-08 15:46:38 [warning  ] enforcement_cgroup_freeze_dryrun pid=10069
2026-06-08 15:46:38 [info     ] cwae_decision                  comm=bench confidence=0.92 dry_run=True label=MALICIOUS latency_us=357.21 mitre_ttps=['T1003'] pid=10069 tier=ISOLATE
2026-06-08 15:46:38 [warning  ] enforcement_signal_dryrun      comm=bench pid=10070 signal=<Signals.SIGKILL: 9>
2026-06-08 15:46:38 [warning  ] enforcement_cgroup_freeze_dryrun pid=10070
2026-06-08 15:46:38 [info     ] cwae_decision                  comm=bench confidence=0.92 dry_run=True label=MALICIOUS latency_us=356.85 mitre_ttps=['T1003'] pid=10070 tier=ISOLATE
2026-06-08 15:46:38 [warning  ] enforcement_signal_dryrun      comm=bench pid=10071 signal=<Signals.SIGKILL: 9>
2026-06-08 15:46:38 [warning  ] enforcement_cgroup_freeze_dryrun pid=10071
2026-06-08 15:46:38 [info     ] cwae_decision                  comm=bench confidence=0.92 dry_run=True label=MALICIOUS latency_us=376.01 mitre_ttps=['T1003'] pid=10071 tier=ISOLATE
2026-06-08 15:46:38 [warning  ] enforcement_signal_dryrun      comm=bench pid=10072 signal=<Signals.SIGKILL: 9>
2026-06-08 15:46:38 [warning  ] enforcement_cgroup_freeze_dryrun pid=10072
2026-06-08 15:46:38 [info     ] cwae_decision                  comm=bench confidence=0.92 dry_run=True label=MALICIOUS latency_us=354.3 mitre_ttps=['T1003'] pid=10072 tier=ISOLATE
2026-06-08 15:46:38 [warning  ] enforcement_signal_dryrun      comm=bench pid=10073 signal=<Signals.SIGKILL: 9>
2026-06-08 15:46:38 [warning  ] enforcement_cgroup_freeze_dryrun pid=10073
2026-06-08 15:46:38 [info     ] cwae_decision                  comm=bench confidence=0.92 dry_run=True label=MALICIOUS latency_us=363.02 mitre_ttps=['T1003'] pid=10073 tier=ISOLATE
2026-06-08 15:46:38 [warning  ] enforcement_signal_dryrun      comm=bench pid=10074 signal=<Signals.SIGKILL: 9>
2026-06-08 15:46:38 [warning  ] enforcement_cgroup_freeze_dryrun pid=10074
2026-06-08 15:46:38 [info     ] cwae_decision                  comm=bench confidence=0.92 dry_run=True label=MALICIOUS latency_us=342.43 mitre_ttps=['T1003'] pid=10074 tier=ISOLATE
2026-06-08 15:46:38 [warning  ] enforcement_signal_dryrun      comm=bench pid=10075 signal=<Signals.SIGKILL: 9>
2026-06-08 15:46:38 [warning  ] enforcement_cgroup_freeze_dryrun pid=10075
2026-06-08 15:46:38 [info     ] cwae_decision                  comm=bench confidence=0.92 dry_run=True label=MALICIOUS latency_us=358.23 mitre_ttps=['T1003'] pid=10075 tier=ISOLATE
2026-06-08 15:46:38 [warning  ] enforcement_signal_dryrun      comm=bench pid=10076 signal=<Signals.SIGKILL: 9>
2026-06-08 15:46:38 [warning  ] enforcement_cgroup_freeze_dryrun pid=10076
2026-06-08 15:46:38 [info     ] cwae_decision                  comm=bench confidence=0.92 dry_run=True label=MALICIOUS latency_us=349.97 mitre_ttps=['T1003'] pid=10076 tier=ISOLATE
2026-06-08 15:46:38 [warning  ] enforcement_signal_dryrun      comm=bench pid=10077 signal=<Signals.SIGKILL: 9>
2026-06-08 15:46:38 [warning  ] enforcement_cgroup_freeze_dryrun pid=10077
2026-06-08 15:46:38 [info     ] cwae_decision                  comm=bench confidence=0.92 dry_run=True label=MALICIOUS latency_us=347.0 mitre_ttps=['T1003'] pid=10077 tier=ISOLATE
2026-06-08 15:46:38 [warning  ] enforcement_signal_dryrun      comm=bench pid=10078 signal=<Signals.SIGKILL: 9>
2026-06-08 15:46:38 [warning  ] enforcement_cgroup_freeze_dryrun pid=10078
2026-06-08 15:46:38 [info     ] cwae_decision                  comm=bench confidence=0.92 dry_run=True label=MALICIOUS latency_us=346.12 mitre_ttps=['T1003'] pid=10078 tier=ISOLATE
2026-06-08 15:46:38 [warning  ] enforcement_signal_dryrun      comm=bench pid=10079 signal=<Signals.SIGKILL: 9>
2026-06-08 15:46:38 [warning  ] enforcement_cgroup_freeze_dryrun pid=10079
2026-06-08 15:46:38 [info     ] cwae_decision                  comm=bench confidence=0.92 dry_run=True label=MALICIOUS latency_us=357.36 mitre_ttps=['T1003'] pid=10079 tier=ISOLATE
2026-06-08 15:46:38 [warning  ] enforcement_signal_dryrun      comm=bench pid=10080 signal=<Signals.SIGKILL: 9>
2026-06-08 15:46:38 [warning  ] enforcement_cgroup_freeze_dryrun pid=10080
2026-06-08 15:46:38 [info     ] cwae_decision                  comm=bench confidence=0.92 dry_run=True label=MALICIOUS latency_us=377.44 mitre_ttps=['T1003'] pid=10080 tier=ISOLATE
2026-06-08 15:46:38 [warning  ] enforcement_signal_dryrun      comm=bench pid=10081 signal=<Signals.SIGKILL: 9>
2026-06-08 15:46:38 [warning  ] enforcement_cgroup_freeze_dryrun pid=10081
2026-06-08 15:46:38 [info     ] cwae_decision                  comm=bench confidence=0.92 dry_run=True label=MALICIOUS latency_us=355.45 mitre_ttps=['T1003'] pid=10081 tier=ISOLATE
2026-06-08 15:46:38 [warning  ] enforcement_signal_dryrun      comm=bench pid=10082 signal=<Signals.SIGKILL: 9>
2026-06-08 15:46:38 [warning  ] enforcement_cgroup_freeze_dryrun pid=10082
2026-06-08 15:46:38 [info     ] cwae_decision                  comm=bench confidence=0.92 dry_run=True label=MALICIOUS latency_us=364.97 mitre_ttps=['T1003'] pid=10082 tier=ISOLATE
2026-06-08 15:46:38 [warning  ] enforcement_signal_dryrun      comm=bench pid=10083 signal=<Signals.SIGKILL: 9>
2026-06-08 15:46:38 [warning  ] enforcement_cgroup_freeze_dryrun pid=10083
2026-06-08 15:46:38 [info     ] cwae_decision                  comm=bench confidence=0.92 dry_run=True label=MALICIOUS latency_us=333.81 mitre_ttps=['T1003'] pid=10083 tier=ISOLATE
2026-06-08 15:46:38 [warning  ] enforcement_signal_dryrun      comm=bench pid=10084 signal=<Signals.SIGKILL: 9>
2026-06-08 15:46:38 [warning  ] enforcement_cgroup_freeze_dryrun pid=10084
2026-06-08 15:46:38 [info     ] cwae_decision                  comm=bench confidence=0.92 dry_run=True label=MALICIOUS latency_us=364.45 mitre_ttps=['T1003'] pid=10084 tier=ISOLATE
2026-06-08 15:46:38 [warning  ] enforcement_signal_dryrun      comm=bench pid=10085 signal=<Signals.SIGKILL: 9>
2026-06-08 15:46:38 [warning  ] enforcement_cgroup_freeze_dryrun pid=10085
2026-06-08 15:46:38 [info     ] cwae_decision                  comm=bench confidence=0.92 dry_run=True label=MALICIOUS latency_us=349.69 mitre_ttps=['T1003'] pid=10085 tier=ISOLATE
2026-06-08 15:46:38 [warning  ] enforcement_signal_dryrun      comm=bench pid=10086 signal=<Signals.SIGKILL: 9>
2026-06-08 15:46:38 [warning  ] enforcement_cgroup_freeze_dryrun pid=10086
2026-06-08 15:46:38 [info     ] cwae_decision                  comm=bench confidence=0.92 dry_run=True label=MALICIOUS latency_us=347.38 mitre_ttps=['T1003'] pid=10086 tier=ISOLATE
2026-06-08 15:46:38 [warning  ] enforcement_signal_dryrun      comm=bench pid=10087 signal=<Signals.SIGKILL: 9>
2026-06-08 15:46:38 [warning  ] enforcement_cgroup_freeze_dryrun pid=10087
2026-06-08 15:46:38 [info     ] cwae_decision                  comm=bench confidence=0.92 dry_run=True label=MALICIOUS latency_us=343.49 mitre_ttps=['T1003'] pid=10087 tier=ISOLATE
2026-06-08 15:46:38 [warning  ] enforcement_signal_dryrun      comm=bench pid=10088 signal=<Signals.SIGKILL: 9>
2026-06-08 15:46:38 [warning  ] enforcement_cgroup_freeze_dryrun pid=10088
2026-06-08 15:46:38 [info     ] cwae_decision                  comm=bench confidence=0.92 dry_run=True label=MALICIOUS latency_us=358.42 mitre_ttps=['T1003'] pid=10088 tier=ISOLATE
2026-06-08 15:46:38 [warning  ] enforcement_signal_dryrun      comm=bench pid=10089 signal=<Signals.SIGKILL: 9>
2026-06-08 15:46:38 [warning  ] enforcement_cgroup_freeze_dryrun pid=10089
2026-06-08 15:46:38 [info     ] cwae_decision                  comm=bench confidence=0.92 dry_run=True label=MALICIOUS latency_us=379.04 mitre_ttps=['T1003'] pid=10089 tier=ISOLATE
2026-06-08 15:46:38 [warning  ] enforcement_signal_dryrun      comm=bench pid=10090 signal=<Signals.SIGKILL: 9>
2026-06-08 15:46:38 [warning  ] enforcement_cgroup_freeze_dryrun pid=10090
2026-06-08 15:46:38 [info     ] cwae_decision                  comm=bench confidence=0.92 dry_run=True label=MALICIOUS latency_us=367.47 mitre_ttps=['T1003'] pid=10090 tier=ISOLATE
2026-06-08 15:46:38 [warning  ] enforcement_signal_dryrun      comm=bench pid=10091 signal=<Signals.SIGKILL: 9>
2026-06-08 15:46:38 [warning  ] enforcement_cgroup_freeze_dryrun pid=10091
2026-06-08 15:46:38 [info     ] cwae_decision                  comm=bench confidence=0.92 dry_run=True label=MALICIOUS latency_us=362.0 mitre_ttps=['T1003'] pid=10091 tier=ISOLATE
2026-06-08 15:46:38 [warning  ] enforcement_signal_dryrun      comm=bench pid=10092 signal=<Signals.SIGKILL: 9>
2026-06-08 15:46:38 [warning  ] enforcement_cgroup_freeze_dryrun pid=10092
2026-06-08 15:46:38 [info     ] cwae_decision                  comm=bench confidence=0.92 dry_run=True label=MALICIOUS latency_us=343.08 mitre_ttps=['T1003'] pid=10092 tier=ISOLATE
2026-06-08 15:46:38 [warning  ] enforcement_signal_dryrun      comm=bench pid=10093 signal=<Signals.SIGKILL: 9>
2026-06-08 15:46:38 [warning  ] enforcement_cgroup_freeze_dryrun pid=10093
2026-06-08 15:46:38 [info     ] cwae_decision                  comm=bench confidence=0.92 dry_run=True label=MALICIOUS latency_us=356.89 mitre_ttps=['T1003'] pid=10093 tier=ISOLATE
2026-06-08 15:46:38 [warning  ] enforcement_signal_dryrun      comm=bench pid=10094 signal=<Signals.SIGKILL: 9>
2026-06-08 15:46:38 [warning  ] enforcement_cgroup_freeze_dryrun pid=10094
2026-06-08 15:46:38 [info     ] cwae_decision                  comm=bench confidence=0.92 dry_run=True label=MALICIOUS latency_us=358.96 mitre_ttps=['T1003'] pid=10094 tier=ISOLATE
2026-06-08 15:46:38 [warning  ] enforcement_signal_dryrun      comm=bench pid=10095 signal=<Signals.SIGKILL: 9>
2026-06-08 15:46:38 [warning  ] enforcement_cgroup_freeze_dryrun pid=10095
2026-06-08 15:46:38 [info     ] cwae_decision                  comm=bench confidence=0.92 dry_run=True label=MALICIOUS latency_us=358.89 mitre_ttps=['T1003'] pid=10095 tier=ISOLATE
2026-06-08 15:46:38 [warning  ] enforcement_signal_dryrun      comm=bench pid=10096 signal=<Signals.SIGKILL: 9>
2026-06-08 15:46:38 [warning  ] enforcement_cgroup_freeze_dryrun pid=10096
2026-06-08 15:46:38 [info     ] cwae_decision                  comm=bench confidence=0.92 dry_run=True label=MALICIOUS latency_us=342.32 mitre_ttps=['T1003'] pid=10096 tier=ISOLATE
2026-06-08 15:46:38 [warning  ] enforcement_signal_dryrun      comm=bench pid=10097 signal=<Signals.SIGKILL: 9>
2026-06-08 15:46:38 [warning  ] enforcement_cgroup_freeze_dryrun pid=10097
2026-06-08 15:46:38 [info     ] cwae_decision                  comm=bench confidence=0.92 dry_run=True label=MALICIOUS latency_us=357.59 mitre_ttps=['T1003'] pid=10097 tier=ISOLATE
2026-06-08 15:46:38 [warning  ] enforcement_signal_dryrun      comm=bench pid=10098 signal=<Signals.SIGKILL: 9>
2026-06-08 15:46:38 [warning  ] enforcement_cgroup_freeze_dryrun pid=10098
2026-06-08 15:46:38 [info     ] cwae_decision                  comm=bench confidence=0.92 dry_run=True label=MALICIOUS latency_us=371.66 mitre_ttps=['T1003'] pid=10098 tier=ISOLATE
2026-06-08 15:46:38 [warning  ] enforcement_signal_dryrun      comm=bench pid=9999 signal=<Signals.SIGKILL: 9>
2026-06-08 15:46:38 [warning  ] enforcement_cgroup_freeze_dryrun pid=9999
2026-06-08 15:46:38 [info     ] cwae_decision                  comm=bench confidence=0.92 dry_run=True label=MALICIOUS latency_us=358.03 mitre_ttps=['T1003'] pid=9999 tier=ISOLATE
2026-06-08 15:46:38 [warning  ] enforcement_signal_dryrun      comm=bench pid=10000 signal=<Signals.SIGKILL: 9>
2026-06-08 15:46:38 [warning  ] enforcement_cgroup_freeze_dryrun pid=10000
2026-06-08 15:46:38 [info     ] cwae_decision                  comm=bench confidence=0.92 dry_run=True label=MALICIOUS latency_us=364.57 mitre_ttps=['T1003'] pid=10000 tier=ISOLATE
2026-06-08 15:46:38 [warning  ] enforcement_signal_dryrun      comm=bench pid=10001 signal=<Signals.SIGKILL: 9>
2026-06-08 15:46:38 [warning  ] enforcement_cgroup_freeze_dryrun pid=10001
2026-06-08 15:46:38 [info     ] cwae_decision                  comm=bench confidence=0.92 dry_run=True label=MALICIOUS latency_us=345.9 mitre_ttps=['T1003'] pid=10001 tier=ISOLATE
2026-06-08 15:46:38 [warning  ] enforcement_signal_dryrun      comm=bench pid=10002 signal=<Signals.SIGKILL: 9>
2026-06-08 15:46:38 [warning  ] enforcement_cgroup_freeze_dryrun pid=10002
2026-06-08 15:46:38 [info     ] cwae_decision                  comm=bench confidence=0.92 dry_run=True label=MALICIOUS latency_us=357.03 mitre_ttps=['T1003'] pid=10002 tier=ISOLATE
2026-06-08 15:46:38 [warning  ] enforcement_signal_dryrun      comm=bench pid=10003 signal=<Signals.SIGKILL: 9>
2026-06-08 15:46:38 [warning  ] enforcement_cgroup_freeze_dryrun pid=10003
2026-06-08 15:46:38 [info     ] cwae_decision                  comm=bench confidence=0.92 dry_run=True label=MALICIOUS latency_us=351.05 mitre_ttps=['T1003'] pid=10003 tier=ISOLATE
2026-06-08 15:46:38 [warning  ] enforcement_signal_dryrun      comm=bench pid=10004 signal=<Signals.SIGKILL: 9>
2026-06-08 15:46:38 [warning  ] enforcement_cgroup_freeze_dryrun pid=10004
2026-06-08 15:46:38 [info     ] cwae_decision                  comm=bench confidence=0.92 dry_run=True label=MALICIOUS latency_us=347.76 mitre_ttps=['T1003'] pid=10004 tier=ISOLATE
2026-06-08 15:46:38 [warning  ] enforcement_signal_dryrun      comm=bench pid=10005 signal=<Signals.SIGKILL: 9>
2026-06-08 15:46:38 [warning  ] enforcement_cgroup_freeze_dryrun pid=10005
2026-06-08 15:46:38 [info     ] cwae_decision                  comm=bench confidence=0.92 dry_run=True label=MALICIOUS latency_us=353.47 mitre_ttps=['T1003'] pid=10005 tier=ISOLATE
2026-06-08 15:46:38 [warning  ] enforcement_signal_dryrun      comm=bench pid=10006 signal=<Signals.SIGKILL: 9>
2026-06-08 15:46:38 [warning  ] enforcement_cgroup_freeze_dryrun pid=10006
2026-06-08 15:46:38 [info     ] cwae_decision                  comm=bench confidence=0.92 dry_run=True label=MALICIOUS latency_us=352.53 mitre_ttps=['T1003'] pid=10006 tier=ISOLATE
2026-06-08 15:46:38 [warning  ] enforcement_signal_dryrun      comm=bench pid=10007 signal=<Signals.SIGKILL: 9>
2026-06-08 15:46:38 [warning  ] enforcement_cgroup_freeze_dryrun pid=10007
2026-06-08 15:46:38 [info     ] cwae_decision                  comm=bench confidence=0.92 dry_run=True label=MALICIOUS latency_us=372.29 mitre_ttps=['T1003'] pid=10007 tier=ISOLATE
2026-06-08 15:46:38 [warning  ] enforcement_signal_dryrun      comm=bench pid=10008 signal=<Signals.SIGKILL: 9>
2026-06-08 15:46:38 [warning  ] enforcement_cgroup_freeze_dryrun pid=10008
2026-06-08 15:46:38 [info     ] cwae_decision                  comm=bench confidence=0.92 dry_run=True label=MALICIOUS latency_us=374.87 mitre_ttps=['T1003'] pid=10008 tier=ISOLATE
2026-06-08 15:46:38 [warning  ] enforcement_signal_dryrun      comm=bench pid=10009 signal=<Signals.SIGKILL: 9>
2026-06-08 15:46:38 [warning  ] enforcement_cgroup_freeze_dryrun pid=10009
2026-06-08 15:46:38 [info     ] cwae_decision                  comm=bench confidence=0.92 dry_run=True label=MALICIOUS latency_us=381.59 mitre_ttps=['T1003'] pid=10009 tier=ISOLATE
2026-06-08 15:46:38 [warning  ] enforcement_signal_dryrun      comm=bench pid=10010 signal=<Signals.SIGKILL: 9>
2026-06-08 15:46:38 [warning  ] enforcement_cgroup_freeze_dryrun pid=10010
2026-06-08 15:46:38 [info     ] cwae_decision                  comm=bench confidence=0.92 dry_run=True label=MALICIOUS latency_us=363.04 mitre_ttps=['T1003'] pid=10010 tier=ISOLATE
2026-06-08 15:46:38 [warning  ] enforcement_signal_dryrun      comm=bench pid=10011 signal=<Signals.SIGKILL: 9>
2026-06-08 15:46:38 [warning  ] enforcement_cgroup_freeze_dryrun pid=10011
2026-06-08 15:46:38 [info     ] cwae_decision                  comm=bench confidence=0.92 dry_run=True label=MALICIOUS latency_us=336.59 mitre_ttps=['T1003'] pid=10011 tier=ISOLATE
2026-06-08 15:46:38 [warning  ] enforcement_signal_dryrun      comm=bench pid=10012 signal=<Signals.SIGKILL: 9>
2026-06-08 15:46:38 [warning  ] enforcement_cgroup_freeze_dryrun pid=10012
2026-06-08 15:46:38 [info     ] cwae_decision                  comm=bench confidence=0.92 dry_run=True label=MALICIOUS latency_us=362.8 mitre_ttps=['T1003'] pid=10012 tier=ISOLATE
2026-06-08 15:46:38 [warning  ] enforcement_signal_dryrun      comm=bench pid=10013 signal=<Signals.SIGKILL: 9>
2026-06-08 15:46:38 [warning  ] enforcement_cgroup_freeze_dryrun pid=10013
2026-06-08 15:46:38 [info     ] cwae_decision                  comm=bench confidence=0.92 dry_run=True label=MALICIOUS latency_us=352.71 mitre_ttps=['T1003'] pid=10013 tier=ISOLATE
2026-06-08 15:46:38 [warning  ] enforcement_signal_dryrun      comm=bench pid=10014 signal=<Signals.SIGKILL: 9>
2026-06-08 15:46:38 [warning  ] enforcement_cgroup_freeze_dryrun pid=10014
2026-06-08 15:46:38 [info     ] cwae_decision                  comm=bench confidence=0.92 dry_run=True label=MALICIOUS latency_us=347.29 mitre_ttps=['T1003'] pid=10014 tier=ISOLATE
2026-06-08 15:46:38 [warning  ] enforcement_signal_dryrun      comm=bench pid=10015 signal=<Signals.SIGKILL: 9>
2026-06-08 15:46:38 [warning  ] enforcement_cgroup_freeze_dryrun pid=10015
2026-06-08 15:46:38 [info     ] cwae_decision                  comm=bench confidence=0.92 dry_run=True label=MALICIOUS latency_us=349.16 mitre_ttps=['T1003'] pid=10015 tier=ISOLATE
2026-06-08 15:46:38 [warning  ] enforcement_signal_dryrun      comm=bench pid=10016 signal=<Signals.SIGKILL: 9>
2026-06-08 15:46:38 [warning  ] enforcement_cgroup_freeze_dryrun pid=10016
2026-06-08 15:46:38 [info     ] cwae_decision                  comm=bench confidence=0.92 dry_run=True label=MALICIOUS latency_us=364.11 mitre_ttps=['T1003'] pid=10016 tier=ISOLATE
2026-06-08 15:46:38 [warning  ] enforcement_signal_dryrun      comm=bench pid=10017 signal=<Signals.SIGKILL: 9>
2026-06-08 15:46:38 [warning  ] enforcement_cgroup_freeze_dryrun pid=10017
2026-06-08 15:46:38 [info     ] cwae_decision                  comm=bench confidence=0.92 dry_run=True label=MALICIOUS latency_us=376.16 mitre_ttps=['T1003'] pid=10017 tier=ISOLATE
2026-06-08 15:46:38 [warning  ] enforcement_signal_dryrun      comm=bench pid=10018 signal=<Signals.SIGKILL: 9>
2026-06-08 15:46:38 [warning  ] enforcement_cgroup_freeze_dryrun pid=10018
2026-06-08 15:46:38 [info     ] cwae_decision                  comm=bench confidence=0.92 dry_run=True label=MALICIOUS latency_us=373.44 mitre_ttps=['T1003'] pid=10018 tier=ISOLATE
2026-06-08 15:46:38 [warning  ] enforcement_signal_dryrun      comm=bench pid=10019 signal=<Signals.SIGKILL: 9>
2026-06-08 15:46:38 [warning  ] enforcement_cgroup_freeze_dryrun pid=10019
2026-06-08 15:46:38 [info     ] cwae_decision                  comm=bench confidence=0.92 dry_run=True label=MALICIOUS latency_us=344.52 mitre_ttps=['T1003'] pid=10019 tier=ISOLATE
2026-06-08 15:46:38 [warning  ] enforcement_signal_dryrun      comm=bench pid=10020 signal=<Signals.SIGKILL: 9>
2026-06-08 15:46:38 [warning  ] enforcement_cgroup_freeze_dryrun pid=10020
2026-06-08 15:46:38 [info     ] cwae_decision                  comm=bench confidence=0.92 dry_run=True label=MALICIOUS latency_us=344.31 mitre_ttps=['T1003'] pid=10020 tier=ISOLATE
2026-06-08 15:46:38 [warning  ] enforcement_signal_dryrun      comm=bench pid=10021 signal=<Signals.SIGKILL: 9>
2026-06-08 15:46:38 [warning  ] enforcement_cgroup_freeze_dryrun pid=10021
2026-06-08 15:46:38 [info     ] cwae_decision                  comm=bench confidence=0.92 dry_run=True label=MALICIOUS latency_us=354.14 mitre_ttps=['T1003'] pid=10021 tier=ISOLATE
2026-06-08 15:46:38 [warning  ] enforcement_signal_dryrun      comm=bench pid=10022 signal=<Signals.SIGKILL: 9>
2026-06-08 15:46:38 [warning  ] enforcement_cgroup_freeze_dryrun pid=10022
2026-06-08 15:46:38 [info     ] cwae_decision                  comm=bench confidence=0.92 dry_run=True label=MALICIOUS latency_us=349.64 mitre_ttps=['T1003'] pid=10022 tier=ISOLATE
2026-06-08 15:46:38 [warning  ] enforcement_signal_dryrun      comm=bench pid=10023 signal=<Signals.SIGKILL: 9>
2026-06-08 15:46:38 [warning  ] enforcement_cgroup_freeze_dryrun pid=10023
2026-06-08 15:46:38 [info     ] cwae_decision                  comm=bench confidence=0.92 dry_run=True label=MALICIOUS latency_us=347.36 mitre_ttps=['T1003'] pid=10023 tier=ISOLATE
2026-06-08 15:46:38 [warning  ] enforcement_signal_dryrun      comm=bench pid=10024 signal=<Signals.SIGKILL: 9>
2026-06-08 15:46:38 [warning  ] enforcement_cgroup_freeze_dryrun pid=10024
2026-06-08 15:46:38 [info     ] cwae_decision                  comm=bench confidence=0.92 dry_run=True label=MALICIOUS latency_us=347.36 mitre_ttps=['T1003'] pid=10024 tier=ISOLATE
2026-06-08 15:46:38 [warning  ] enforcement_signal_dryrun      comm=bench pid=10025 signal=<Signals.SIGKILL: 9>
2026-06-08 15:46:38 [warning  ] enforcement_cgroup_freeze_dryrun pid=10025
2026-06-08 15:46:38 [info     ] cwae_decision                  comm=bench confidence=0.92 dry_run=True label=MALICIOUS latency_us=354.61 mitre_ttps=['T1003'] pid=10025 tier=ISOLATE
2026-06-08 15:46:38 [warning  ] enforcement_signal_dryrun      comm=bench pid=10026 signal=<Signals.SIGKILL: 9>
2026-06-08 15:46:38 [warning  ] enforcement_cgroup_freeze_dryrun pid=10026
2026-06-08 15:46:38 [info     ] cwae_decision                  comm=bench confidence=0.92 dry_run=True label=MALICIOUS latency_us=379.87 mitre_ttps=['T1003'] pid=10026 tier=ISOLATE
2026-06-08 15:46:38 [warning  ] enforcement_signal_dryrun      comm=bench pid=10027 signal=<Signals.SIGKILL: 9>
2026-06-08 15:46:38 [warning  ] enforcement_cgroup_freeze_dryrun pid=10027
2026-06-08 15:46:38 [info     ] cwae_decision                  comm=bench confidence=0.92 dry_run=True label=MALICIOUS latency_us=380.09 mitre_ttps=['T1003'] pid=10027 tier=ISOLATE
2026-06-08 15:46:38 [warning  ] enforcement_signal_dryrun      comm=bench pid=10028 signal=<Signals.SIGKILL: 9>
2026-06-08 15:46:38 [warning  ] enforcement_cgroup_freeze_dryrun pid=10028
2026-06-08 15:46:38 [info     ] cwae_decision                  comm=bench confidence=0.92 dry_run=True label=MALICIOUS latency_us=347.24 mitre_ttps=['T1003'] pid=10028 tier=ISOLATE
2026-06-08 15:46:38 [warning  ] enforcement_signal_dryrun      comm=bench pid=10029 signal=<Signals.SIGKILL: 9>
2026-06-08 15:46:38 [warning  ] enforcement_cgroup_freeze_dryrun pid=10029
2026-06-08 15:46:38 [info     ] cwae_decision                  comm=bench confidence=0.92 dry_run=True label=MALICIOUS latency_us=342.22 mitre_ttps=['T1003'] pid=10029 tier=ISOLATE
2026-06-08 15:46:38 [warning  ] enforcement_signal_dryrun      comm=bench pid=10030 signal=<Signals.SIGKILL: 9>
2026-06-08 15:46:38 [warning  ] enforcement_cgroup_freeze_dryrun pid=10030
2026-06-08 15:46:38 [info     ] cwae_decision                  comm=bench confidence=0.92 dry_run=True label=MALICIOUS latency_us=354.18 mitre_ttps=['T1003'] pid=10030 tier=ISOLATE
2026-06-08 15:46:38 [warning  ] enforcement_signal_dryrun      comm=bench pid=10031 signal=<Signals.SIGKILL: 9>
2026-06-08 15:46:38 [warning  ] enforcement_cgroup_freeze_dryrun pid=10031
2026-06-08 15:46:38 [info     ] cwae_decision                  comm=bench confidence=0.92 dry_run=True label=MALICIOUS latency_us=350.39 mitre_ttps=['T1003'] pid=10031 tier=ISOLATE
2026-06-08 15:46:38 [warning  ] enforcement_signal_dryrun      comm=bench pid=10032 signal=<Signals.SIGKILL: 9>
2026-06-08 15:46:38 [warning  ] enforcement_cgroup_freeze_dryrun pid=10032
2026-06-08 15:46:38 [info     ] cwae_decision                  comm=bench confidence=0.92 dry_run=True label=MALICIOUS latency_us=354.5 mitre_ttps=['T1003'] pid=10032 tier=ISOLATE
2026-06-08 15:46:38 [warning  ] enforcement_signal_dryrun      comm=bench pid=10033 signal=<Signals.SIGKILL: 9>
2026-06-08 15:46:38 [warning  ] enforcement_cgroup_freeze_dryrun pid=10033
2026-06-08 15:46:38 [info     ] cwae_decision                  comm=bench confidence=0.92 dry_run=True label=MALICIOUS latency_us=342.75 mitre_ttps=['T1003'] pid=10033 tier=ISOLATE
2026-06-08 15:46:38 [warning  ] enforcement_signal_dryrun      comm=bench pid=10034 signal=<Signals.SIGKILL: 9>
2026-06-08 15:46:38 [warning  ] enforcement_cgroup_freeze_dryrun pid=10034
2026-06-08 15:46:38 [info     ] cwae_decision                  comm=bench confidence=0.92 dry_run=True label=MALICIOUS latency_us=356.64 mitre_ttps=['T1003'] pid=10034 tier=ISOLATE
2026-06-08 15:46:38 [warning  ] enforcement_signal_dryrun      comm=bench pid=10035 signal=<Signals.SIGKILL: 9>
2026-06-08 15:46:38 [warning  ] enforcement_cgroup_freeze_dryrun pid=10035
2026-06-08 15:46:38 [info     ] cwae_decision                  comm=bench confidence=0.92 dry_run=True label=MALICIOUS latency_us=377.02 mitre_ttps=['T1003'] pid=10035 tier=ISOLATE
2026-06-08 15:46:38 [warning  ] enforcement_signal_dryrun      comm=bench pid=10036 signal=<Signals.SIGKILL: 9>
2026-06-08 15:46:38 [warning  ] enforcement_cgroup_freeze_dryrun pid=10036
2026-06-08 15:46:38 [info     ] cwae_decision                  comm=bench confidence=0.92 dry_run=True label=MALICIOUS latency_us=373.82 mitre_ttps=['T1003'] pid=10036 tier=ISOLATE
2026-06-08 15:46:38 [warning  ] enforcement_signal_dryrun      comm=bench pid=10037 signal=<Signals.SIGKILL: 9>
2026-06-08 15:46:38 [warning  ] enforcement_cgroup_freeze_dryrun pid=10037
2026-06-08 15:46:38 [info     ] cwae_decision                  comm=bench confidence=0.92 dry_run=True label=MALICIOUS latency_us=354.31 mitre_ttps=['T1003'] pid=10037 tier=ISOLATE
2026-06-08 15:46:38 [warning  ] enforcement_signal_dryrun      comm=bench pid=10038 signal=<Signals.SIGKILL: 9>
2026-06-08 15:46:38 [warning  ] enforcement_cgroup_freeze_dryrun pid=10038
2026-06-08 15:46:38 [info     ] cwae_decision                  comm=bench confidence=0.92 dry_run=True label=MALICIOUS latency_us=332.91 mitre_ttps=['T1003'] pid=10038 tier=ISOLATE
2026-06-08 15:46:38 [warning  ] enforcement_signal_dryrun      comm=bench pid=10039 signal=<Signals.SIGKILL: 9>
2026-06-08 15:46:38 [warning  ] enforcement_cgroup_freeze_dryrun pid=10039
2026-06-08 15:46:38 [info     ] cwae_decision                  comm=bench confidence=0.92 dry_run=True label=MALICIOUS latency_us=360.25 mitre_ttps=['T1003'] pid=10039 tier=ISOLATE
2026-06-08 15:46:38 [warning  ] enforcement_signal_dryrun      comm=bench pid=10040 signal=<Signals.SIGKILL: 9>
2026-06-08 15:46:38 [warning  ] enforcement_cgroup_freeze_dryrun pid=10040
2026-06-08 15:46:38 [info     ] cwae_decision                  comm=bench confidence=0.92 dry_run=True label=MALICIOUS latency_us=343.47 mitre_ttps=['T1003'] pid=10040 tier=ISOLATE
2026-06-08 15:46:38 [warning  ] enforcement_signal_dryrun      comm=bench pid=10041 signal=<Signals.SIGKILL: 9>
2026-06-08 15:46:38 [warning  ] enforcement_cgroup_freeze_dryrun pid=10041
2026-06-08 15:46:38 [info     ] cwae_decision                  comm=bench confidence=0.92 dry_run=True label=MALICIOUS latency_us=354.7 mitre_ttps=['T1003'] pid=10041 tier=ISOLATE
2026-06-08 15:46:38 [warning  ] enforcement_signal_dryrun      comm=bench pid=10042 signal=<Signals.SIGKILL: 9>
2026-06-08 15:46:38 [warning  ] enforcement_cgroup_freeze_dryrun pid=10042
2026-06-08 15:46:38 [info     ] cwae_decision                  comm=bench confidence=0.92 dry_run=True label=MALICIOUS latency_us=341.98 mitre_ttps=['T1003'] pid=10042 tier=ISOLATE
2026-06-08 15:46:38 [warning  ] enforcement_signal_dryrun      comm=bench pid=10043 signal=<Signals.SIGKILL: 9>
2026-06-08 15:46:38 [warning  ] enforcement_cgroup_freeze_dryrun pid=10043
2026-06-08 15:46:38 [info     ] cwae_decision                  comm=bench confidence=0.92 dry_run=True label=MALICIOUS latency_us=356.11 mitre_ttps=['T1003'] pid=10043 tier=ISOLATE
2026-06-08 15:46:38 [warning  ] enforcement_signal_dryrun      comm=bench pid=10044 signal=<Signals.SIGKILL: 9>
2026-06-08 15:46:38 [warning  ] enforcement_cgroup_freeze_dryrun pid=10044
2026-06-08 15:46:38 [info     ] cwae_decision                  comm=bench confidence=0.92 dry_run=True label=MALICIOUS latency_us=377.51 mitre_ttps=['T1003'] pid=10044 tier=ISOLATE
2026-06-08 15:46:38 [warning  ] enforcement_signal_dryrun      comm=bench pid=10045 signal=<Signals.SIGKILL: 9>
2026-06-08 15:46:38 [warning  ] enforcement_cgroup_freeze_dryrun pid=10045
2026-06-08 15:46:38 [info     ] cwae_decision                  comm=bench confidence=0.92 dry_run=True label=MALICIOUS latency_us=375.91 mitre_ttps=['T1003'] pid=10045 tier=ISOLATE
2026-06-08 15:46:38 [warning  ] enforcement_signal_dryrun      comm=bench pid=10046 signal=<Signals.SIGKILL: 9>
2026-06-08 15:46:38 [warning  ] enforcement_cgroup_freeze_dryrun pid=10046
2026-06-08 15:46:38 [info     ] cwae_decision                  comm=bench confidence=0.92 dry_run=True label=MALICIOUS latency_us=346.58 mitre_ttps=['T1003'] pid=10046 tier=ISOLATE
2026-06-08 15:46:38 [warning  ] enforcement_signal_dryrun      comm=bench pid=10047 signal=<Signals.SIGKILL: 9>
2026-06-08 15:46:38 [warning  ] enforcement_cgroup_freeze_dryrun pid=10047
2026-06-08 15:46:38 [info     ] cwae_decision                  comm=bench confidence=0.92 dry_run=True label=MALICIOUS latency_us=344.76 mitre_ttps=['T1003'] pid=10047 tier=ISOLATE
2026-06-08 15:46:38 [warning  ] enforcement_signal_dryrun      comm=bench pid=10048 signal=<Signals.SIGKILL: 9>
2026-06-08 15:46:38 [warning  ] enforcement_cgroup_freeze_dryrun pid=10048
2026-06-08 15:46:38 [info     ] cwae_decision                  comm=bench confidence=0.92 dry_run=True label=MALICIOUS latency_us=358.65 mitre_ttps=['T1003'] pid=10048 tier=ISOLATE
2026-06-08 15:46:38 [warning  ] enforcement_signal_dryrun      comm=bench pid=10049 signal=<Signals.SIGKILL: 9>
2026-06-08 15:46:38 [warning  ] enforcement_cgroup_freeze_dryrun pid=10049
2026-06-08 15:46:38 [info     ] cwae_decision                  comm=bench confidence=0.92 dry_run=True label=MALICIOUS latency_us=349.23 mitre_ttps=['T1003'] pid=10049 tier=ISOLATE
2026-06-08 15:46:38 [warning  ] enforcement_signal_dryrun      comm=bench pid=10050 signal=<Signals.SIGKILL: 9>
2026-06-08 15:46:38 [warning  ] enforcement_cgroup_freeze_dryrun pid=10050
2026-06-08 15:46:38 [info     ] cwae_decision                  comm=bench confidence=0.92 dry_run=True label=MALICIOUS latency_us=342.98 mitre_ttps=['T1003'] pid=10050 tier=ISOLATE
2026-06-08 15:46:38 [warning  ] enforcement_signal_dryrun      comm=bench pid=10051 signal=<Signals.SIGKILL: 9>
2026-06-08 15:46:38 [warning  ] enforcement_cgroup_freeze_dryrun pid=10051
2026-06-08 15:46:38 [info     ] cwae_decision                  comm=bench confidence=0.92 dry_run=True label=MALICIOUS latency_us=341.08 mitre_ttps=['T1003'] pid=10051 tier=ISOLATE
2026-06-08 15:46:38 [warning  ] enforcement_signal_dryrun      comm=bench pid=10052 signal=<Signals.SIGKILL: 9>
2026-06-08 15:46:38 [warning  ] enforcement_cgroup_freeze_dryrun pid=10052
2026-06-08 15:46:38 [info     ] cwae_decision                  comm=bench confidence=0.92 dry_run=True label=MALICIOUS latency_us=354.83 mitre_ttps=['T1003'] pid=10052 tier=ISOLATE
2026-06-08 15:46:38 [warning  ] enforcement_signal_dryrun      comm=bench pid=10053 signal=<Signals.SIGKILL: 9>
2026-06-08 15:46:38 [warning  ] enforcement_cgroup_freeze_dryrun pid=10053
2026-06-08 15:46:38 [info     ] cwae_decision                  comm=bench confidence=0.92 dry_run=True label=MALICIOUS latency_us=384.27 mitre_ttps=['T1003'] pid=10053 tier=ISOLATE
2026-06-08 15:46:38 [warning  ] enforcement_signal_dryrun      comm=bench pid=10054 signal=<Signals.SIGKILL: 9>
2026-06-08 15:46:38 [warning  ] enforcement_cgroup_freeze_dryrun pid=10054
2026-06-08 15:46:38 [info     ] cwae_decision                  comm=bench confidence=0.92 dry_run=True label=MALICIOUS latency_us=373.18 mitre_ttps=['T1003'] pid=10054 tier=ISOLATE
2026-06-08 15:46:38 [warning  ] enforcement_signal_dryrun      comm=bench pid=10055 signal=<Signals.SIGKILL: 9>
2026-06-08 15:46:38 [warning  ] enforcement_cgroup_freeze_dryrun pid=10055
2026-06-08 15:46:38 [info     ] cwae_decision                  comm=bench confidence=0.92 dry_run=True label=MALICIOUS latency_us=345.79 mitre_ttps=['T1003'] pid=10055 tier=ISOLATE
2026-06-08 15:46:38 [warning  ] enforcement_signal_dryrun      comm=bench pid=10056 signal=<Signals.SIGKILL: 9>
2026-06-08 15:46:38 [warning  ] enforcement_cgroup_freeze_dryrun pid=10056
2026-06-08 15:46:38 [info     ] cwae_decision                  comm=bench confidence=0.92 dry_run=True label=MALICIOUS latency_us=343.14 mitre_ttps=['T1003'] pid=10056 tier=ISOLATE
2026-06-08 15:46:38 [warning  ] enforcement_signal_dryrun      comm=bench pid=10057 signal=<Signals.SIGKILL: 9>
2026-06-08 15:46:38 [warning  ] enforcement_cgroup_freeze_dryrun pid=10057
2026-06-08 15:46:38 [info     ] cwae_decision                  comm=bench confidence=0.92 dry_run=True label=MALICIOUS latency_us=354.3 mitre_ttps=['T1003'] pid=10057 tier=ISOLATE
2026-06-08 15:46:38 [warning  ] enforcement_signal_dryrun      comm=bench pid=10058 signal=<Signals.SIGKILL: 9>
2026-06-08 15:46:38 [warning  ] enforcement_cgroup_freeze_dryrun pid=10058
2026-06-08 15:46:38 [info     ] cwae_decision                  comm=bench confidence=0.92 dry_run=True label=MALICIOUS latency_us=348.86 mitre_ttps=['T1003'] pid=10058 tier=ISOLATE
2026-06-08 15:46:38 [warning  ] enforcement_signal_dryrun      comm=bench pid=10059 signal=<Signals.SIGKILL: 9>
2026-06-08 15:46:38 [warning  ] enforcement_cgroup_freeze_dryrun pid=10059
2026-06-08 15:46:38 [info     ] cwae_decision                  comm=bench confidence=0.92 dry_run=True label=MALICIOUS latency_us=345.3 mitre_ttps=['T1003'] pid=10059 tier=ISOLATE
2026-06-08 15:46:38 [warning  ] enforcement_signal_dryrun      comm=bench pid=10060 signal=<Signals.SIGKILL: 9>
2026-06-08 15:46:38 [warning  ] enforcement_cgroup_freeze_dryrun pid=10060
2026-06-08 15:46:38 [info     ] cwae_decision                  comm=bench confidence=0.92 dry_run=True label=MALICIOUS latency_us=346.94 mitre_ttps=['T1003'] pid=10060 tier=ISOLATE
2026-06-08 15:46:38 [warning  ] enforcement_signal_dryrun      comm=bench pid=10061 signal=<Signals.SIGKILL: 9>
2026-06-08 15:46:38 [warning  ] enforcement_cgroup_freeze_dryrun pid=10061
2026-06-08 15:46:38 [info     ] cwae_decision                  comm=bench confidence=0.92 dry_run=True label=MALICIOUS latency_us=358.01 mitre_ttps=['T1003'] pid=10061 tier=ISOLATE
2026-06-08 15:46:38 [warning  ] enforcement_signal_dryrun      comm=bench pid=10062 signal=<Signals.SIGKILL: 9>
2026-06-08 15:46:38 [warning  ] enforcement_cgroup_freeze_dryrun pid=10062
2026-06-08 15:46:38 [info     ] cwae_decision                  comm=bench confidence=0.92 dry_run=True label=MALICIOUS latency_us=364.02 mitre_ttps=['T1003'] pid=10062 tier=ISOLATE
2026-06-08 15:46:38 [warning  ] enforcement_signal_dryrun      comm=bench pid=10063 signal=<Signals.SIGKILL: 9>
2026-06-08 15:46:38 [warning  ] enforcement_cgroup_freeze_dryrun pid=10063
2026-06-08 15:46:38 [info     ] cwae_decision                  comm=bench confidence=0.92 dry_run=True label=MALICIOUS latency_us=358.33 mitre_ttps=['T1003'] pid=10063 tier=ISOLATE
2026-06-08 15:46:38 [warning  ] enforcement_signal_dryrun      comm=bench pid=10064 signal=<Signals.SIGKILL: 9>
2026-06-08 15:46:38 [warning  ] enforcement_cgroup_freeze_dryrun pid=10064
2026-06-08 15:46:38 [info     ] cwae_decision                  comm=bench confidence=0.92 dry_run=True label=MALICIOUS latency_us=364.79 mitre_ttps=['T1003'] pid=10064 tier=ISOLATE
2026-06-08 15:46:38 [warning  ] enforcement_signal_dryrun      comm=bench pid=10065 signal=<Signals.SIGKILL: 9>
2026-06-08 15:46:38 [warning  ] enforcement_cgroup_freeze_dryrun pid=10065
2026-06-08 15:46:38 [info     ] cwae_decision                  comm=bench confidence=0.92 dry_run=True label=MALICIOUS latency_us=340.88 mitre_ttps=['T1003'] pid=10065 tier=ISOLATE
2026-06-08 15:46:38 [warning  ] enforcement_signal_dryrun      comm=bench pid=10066 signal=<Signals.SIGKILL: 9>
2026-06-08 15:46:38 [warning  ] enforcement_cgroup_freeze_dryrun pid=10066
2026-06-08 15:46:38 [info     ] cwae_decision                  comm=bench confidence=0.92 dry_run=True label=MALICIOUS latency_us=354.15 mitre_ttps=['T1003'] pid=10066 tier=ISOLATE
2026-06-08 15:46:38 [warning  ] enforcement_signal_dryrun      comm=bench pid=10067 signal=<Signals.SIGKILL: 9>
2026-06-08 15:46:38 [warning  ] enforcement_cgroup_freeze_dryrun pid=10067
2026-06-08 15:46:38 [info     ] cwae_decision                  comm=bench confidence=0.92 dry_run=True label=MALICIOUS latency_us=348.75 mitre_ttps=['T1003'] pid=10067 tier=ISOLATE
2026-06-08 15:46:38 [warning  ] enforcement_signal_dryrun      comm=bench pid=10068 signal=<Signals.SIGKILL: 9>
2026-06-08 15:46:38 [warning  ] enforcement_cgroup_freeze_dryrun pid=10068
2026-06-08 15:46:38 [info     ] cwae_decision                  comm=bench confidence=0.92 dry_run=True label=MALICIOUS latency_us=345.89 mitre_ttps=['T1003'] pid=10068 tier=ISOLATE
2026-06-08 15:46:38 [warning  ] enforcement_signal_dryrun      comm=bench pid=10069 signal=<Signals.SIGKILL: 9>
2026-06-08 15:46:38 [warning  ] enforcement_cgroup_freeze_dryrun pid=10069
2026-06-08 15:46:38 [info     ] cwae_decision                  comm=bench confidence=0.92 dry_run=True label=MALICIOUS latency_us=353.94 mitre_ttps=['T1003'] pid=10069 tier=ISOLATE
2026-06-08 15:46:38 [warning  ] enforcement_signal_dryrun      comm=bench pid=10070 signal=<Signals.SIGKILL: 9>
2026-06-08 15:46:38 [warning  ] enforcement_cgroup_freeze_dryrun pid=10070
2026-06-08 15:46:38 [info     ] cwae_decision                  comm=bench confidence=0.92 dry_run=True label=MALICIOUS latency_us=357.39 mitre_ttps=['T1003'] pid=10070 tier=ISOLATE
2026-06-08 15:46:38 [warning  ] enforcement_signal_dryrun      comm=bench pid=10071 signal=<Signals.SIGKILL: 9>
2026-06-08 15:46:38 [warning  ] enforcement_cgroup_freeze_dryrun pid=10071
2026-06-08 15:46:38 [info     ] cwae_decision                  comm=bench confidence=0.92 dry_run=True label=MALICIOUS latency_us=375.47 mitre_ttps=['T1003'] pid=10071 tier=ISOLATE
2026-06-08 15:46:38 [warning  ] enforcement_signal_dryrun      comm=bench pid=10072 signal=<Signals.SIGKILL: 9>
2026-06-08 15:46:38 [warning  ] enforcement_cgroup_freeze_dryrun pid=10072
2026-06-08 15:46:38 [info     ] cwae_decision                  comm=bench confidence=0.92 dry_run=True label=MALICIOUS latency_us=379.91 mitre_ttps=['T1003'] pid=10072 tier=ISOLATE
2026-06-08 15:46:38 [warning  ] enforcement_signal_dryrun      comm=bench pid=10073 signal=<Signals.SIGKILL: 9>
2026-06-08 15:46:38 [warning  ] enforcement_cgroup_freeze_dryrun pid=10073
2026-06-08 15:46:38 [info     ] cwae_decision                  comm=bench confidence=0.92 dry_run=True label=MALICIOUS latency_us=344.76 mitre_ttps=['T1003'] pid=10073 tier=ISOLATE
2026-06-08 15:46:38 [warning  ] enforcement_signal_dryrun      comm=bench pid=10074 signal=<Signals.SIGKILL: 9>
2026-06-08 15:46:38 [warning  ] enforcement_cgroup_freeze_dryrun pid=10074
2026-06-08 15:46:38 [info     ] cwae_decision                  comm=bench confidence=0.92 dry_run=True label=MALICIOUS latency_us=345.83 mitre_ttps=['T1003'] pid=10074 tier=ISOLATE
2026-06-08 15:46:38 [warning  ] enforcement_signal_dryrun      comm=bench pid=10075 signal=<Signals.SIGKILL: 9>
2026-06-08 15:46:38 [warning  ] enforcement_cgroup_freeze_dryrun pid=10075
2026-06-08 15:46:38 [info     ] cwae_decision                  comm=bench confidence=0.92 dry_run=True label=MALICIOUS latency_us=355.36 mitre_ttps=['T1003'] pid=10075 tier=ISOLATE
2026-06-08 15:46:38 [warning  ] enforcement_signal_dryrun      comm=bench pid=10076 signal=<Signals.SIGKILL: 9>
2026-06-08 15:46:38 [warning  ] enforcement_cgroup_freeze_dryrun pid=10076
2026-06-08 15:46:38 [info     ] cwae_decision                  comm=bench confidence=0.92 dry_run=True label=MALICIOUS latency_us=352.39 mitre_ttps=['T1003'] pid=10076 tier=ISOLATE
2026-06-08 15:46:38 [warning  ] enforcement_signal_dryrun      comm=bench pid=10077 signal=<Signals.SIGKILL: 9>
2026-06-08 15:46:38 [warning  ] enforcement_cgroup_freeze_dryrun pid=10077
2026-06-08 15:46:38 [info     ] cwae_decision                  comm=bench confidence=0.92 dry_run=True label=MALICIOUS latency_us=347.56 mitre_ttps=['T1003'] pid=10077 tier=ISOLATE
2026-06-08 15:46:38 [warning  ] enforcement_signal_dryrun      comm=bench pid=10078 signal=<Signals.SIGKILL: 9>
2026-06-08 15:46:38 [warning  ] enforcement_cgroup_freeze_dryrun pid=10078
2026-06-08 15:46:38 [info     ] cwae_decision                  comm=bench confidence=0.92 dry_run=True label=MALICIOUS latency_us=347.15 mitre_ttps=['T1003'] pid=10078 tier=ISOLATE
2026-06-08 15:46:38 [warning  ] enforcement_signal_dryrun      comm=bench pid=10079 signal=<Signals.SIGKILL: 9>
2026-06-08 15:46:38 [warning  ] enforcement_cgroup_freeze_dryrun pid=10079
2026-06-08 15:46:38 [info     ] cwae_decision                  comm=bench confidence=0.92 dry_run=True label=MALICIOUS latency_us=354.89 mitre_ttps=['T1003'] pid=10079 tier=ISOLATE
2026-06-08 15:46:38 [warning  ] enforcement_signal_dryrun      comm=bench pid=10080 signal=<Signals.SIGKILL: 9>
2026-06-08 15:46:38 [warning  ] enforcement_cgroup_freeze_dryrun pid=10080
2026-06-08 15:46:38 [info     ] cwae_decision                  comm=bench confidence=0.92 dry_run=True label=MALICIOUS latency_us=378.5 mitre_ttps=['T1003'] pid=10080 tier=ISOLATE
2026-06-08 15:46:38 [warning  ] enforcement_signal_dryrun      comm=bench pid=10081 signal=<Signals.SIGKILL: 9>
2026-06-08 15:46:38 [warning  ] enforcement_cgroup_freeze_dryrun pid=10081
2026-06-08 15:46:38 [info     ] cwae_decision                  comm=bench confidence=0.92 dry_run=True label=MALICIOUS latency_us=375.68 mitre_ttps=['T1003'] pid=10081 tier=ISOLATE
2026-06-08 15:46:38 [warning  ] enforcement_signal_dryrun      comm=bench pid=10082 signal=<Signals.SIGKILL: 9>
2026-06-08 15:46:38 [warning  ] enforcement_cgroup_freeze_dryrun pid=10082
2026-06-08 15:46:38 [info     ] cwae_decision                  comm=bench confidence=0.92 dry_run=True label=MALICIOUS latency_us=365.66 mitre_ttps=['T1003'] pid=10082 tier=ISOLATE
2026-06-08 15:46:38 [warning  ] enforcement_signal_dryrun      comm=bench pid=10083 signal=<Signals.SIGKILL: 9>
2026-06-08 15:46:38 [warning  ] enforcement_cgroup_freeze_dryrun pid=10083
2026-06-08 15:46:38 [info     ] cwae_decision                  comm=bench confidence=0.92 dry_run=True label=MALICIOUS latency_us=363.26 mitre_ttps=['T1003'] pid=10083 tier=ISOLATE
2026-06-08 15:46:38 [warning  ] enforcement_signal_dryrun      comm=bench pid=10084 signal=<Signals.SIGKILL: 9>
2026-06-08 15:46:38 [warning  ] enforcement_cgroup_freeze_dryrun pid=10084
2026-06-08 15:46:38 [info     ] cwae_decision                  comm=bench confidence=0.92 dry_run=True label=MALICIOUS latency_us=344.25 mitre_ttps=['T1003'] pid=10084 tier=ISOLATE
2026-06-08 15:46:38 [warning  ] enforcement_signal_dryrun      comm=bench pid=10085 signal=<Signals.SIGKILL: 9>
2026-06-08 15:46:38 [warning  ] enforcement_cgroup_freeze_dryrun pid=10085
2026-06-08 15:46:38 [info     ] cwae_decision                  comm=bench confidence=0.92 dry_run=True label=MALICIOUS latency_us=358.87 mitre_ttps=['T1003'] pid=10085 tier=ISOLATE
2026-06-08 15:46:38 [warning  ] enforcement_signal_dryrun      comm=bench pid=10086 signal=<Signals.SIGKILL: 9>
2026-06-08 15:46:38 [warning  ] enforcement_cgroup_freeze_dryrun pid=10086
2026-06-08 15:46:38 [info     ] cwae_decision                  comm=bench confidence=0.92 dry_run=True label=MALICIOUS latency_us=347.65 mitre_ttps=['T1003'] pid=10086 tier=ISOLATE
2026-06-08 15:46:38 [warning  ] enforcement_signal_dryrun      comm=bench pid=10087 signal=<Signals.SIGKILL: 9>
2026-06-08 15:46:38 [warning  ] enforcement_cgroup_freeze_dryrun pid=10087
2026-06-08 15:46:38 [info     ] cwae_decision                  comm=bench confidence=0.92 dry_run=True label=MALICIOUS latency_us=351.61 mitre_ttps=['T1003'] pid=10087 tier=ISOLATE
2026-06-08 15:46:38 [warning  ] enforcement_signal_dryrun      comm=bench pid=10088 signal=<Signals.SIGKILL: 9>
2026-06-08 15:46:38 [warning  ] enforcement_cgroup_freeze_dryrun pid=10088
2026-06-08 15:46:38 [info     ] cwae_decision                  comm=bench confidence=0.92 dry_run=True label=MALICIOUS latency_us=348.74 mitre_ttps=['T1003'] pid=10088 tier=ISOLATE
2026-06-08 15:46:38 [warning  ] enforcement_signal_dryrun      comm=bench pid=10089 signal=<Signals.SIGKILL: 9>
2026-06-08 15:46:38 [warning  ] enforcement_cgroup_freeze_dryrun pid=10089
2026-06-08 15:46:38 [info     ] cwae_decision                  comm=bench confidence=0.92 dry_run=True label=MALICIOUS latency_us=358.37 mitre_ttps=['T1003'] pid=10089 tier=ISOLATE
2026-06-08 15:46:38 [warning  ] enforcement_signal_dryrun      comm=bench pid=10090 signal=<Signals.SIGKILL: 9>
2026-06-08 15:46:38 [warning  ] enforcement_cgroup_freeze_dryrun pid=10090
2026-06-08 15:46:38 [info     ] cwae_decision                  comm=bench confidence=0.92 dry_run=True label=MALICIOUS latency_us=379.14 mitre_ttps=['T1003'] pid=10090 tier=ISOLATE
2026-06-08 15:46:38 [warning  ] enforcement_signal_dryrun      comm=bench pid=10091 signal=<Signals.SIGKILL: 9>
2026-06-08 15:46:38 [warning  ] enforcement_cgroup_freeze_dryrun pid=10091
2026-06-08 15:46:38 [info     ] cwae_decision                  comm=bench confidence=0.92 dry_run=True label=MALICIOUS latency_us=372.61 mitre_ttps=['T1003'] pid=10091 tier=ISOLATE
2026-06-08 15:46:38 [warning  ] enforcement_signal_dryrun      comm=bench pid=10092 signal=<Signals.SIGKILL: 9>
2026-06-08 15:46:38 [warning  ] enforcement_cgroup_freeze_dryrun pid=10092
2026-06-08 15:46:38 [info     ] cwae_decision                  comm=bench confidence=0.92 dry_run=True label=MALICIOUS latency_us=360.48 mitre_ttps=['T1003'] pid=10092 tier=ISOLATE
2026-06-08 15:46:38 [warning  ] enforcement_signal_dryrun      comm=bench pid=10093 signal=<Signals.SIGKILL: 9>
2026-06-08 15:46:38 [warning  ] enforcement_cgroup_freeze_dryrun pid=10093
2026-06-08 15:46:38 [info     ] cwae_decision                  comm=bench confidence=0.92 dry_run=True label=MALICIOUS latency_us=344.6 mitre_ttps=['T1003'] pid=10093 tier=ISOLATE
2026-06-08 15:46:38 [warning  ] enforcement_signal_dryrun      comm=bench pid=10094 signal=<Signals.SIGKILL: 9>
2026-06-08 15:46:38 [warning  ] enforcement_cgroup_freeze_dryrun pid=10094
2026-06-08 15:46:38 [info     ] cwae_decision                  comm=bench confidence=0.92 dry_run=True label=MALICIOUS latency_us=368.46 mitre_ttps=['T1003'] pid=10094 tier=ISOLATE
2026-06-08 15:46:38 [warning  ] enforcement_signal_dryrun      comm=bench pid=10095 signal=<Signals.SIGKILL: 9>
2026-06-08 15:46:38 [warning  ] enforcement_cgroup_freeze_dryrun pid=10095
2026-06-08 15:46:38 [info     ] cwae_decision                  comm=bench confidence=0.92 dry_run=True label=MALICIOUS latency_us=351.43 mitre_ttps=['T1003'] pid=10095 tier=ISOLATE
2026-06-08 15:46:38 [warning  ] enforcement_signal_dryrun      comm=bench pid=10096 signal=<Signals.SIGKILL: 9>
2026-06-08 15:46:38 [warning  ] enforcement_cgroup_freeze_dryrun pid=10096
2026-06-08 15:46:38 [info     ] cwae_decision                  comm=bench confidence=0.92 dry_run=True label=MALICIOUS latency_us=365.8 mitre_ttps=['T1003'] pid=10096 tier=ISOLATE
2026-06-08 15:46:38 [warning  ] enforcement_signal_dryrun      comm=bench pid=10097 signal=<Signals.SIGKILL: 9>
2026-06-08 15:46:38 [warning  ] enforcement_cgroup_freeze_dryrun pid=10097
2026-06-08 15:46:38 [info     ] cwae_decision                  comm=bench confidence=0.92 dry_run=True label=MALICIOUS latency_us=343.3 mitre_ttps=['T1003'] pid=10097 tier=ISOLATE
2026-06-08 15:46:38 [warning  ] enforcement_signal_dryrun      comm=bench pid=10098 signal=<Signals.SIGKILL: 9>
2026-06-08 15:46:38 [warning  ] enforcement_cgroup_freeze_dryrun pid=10098
2026-06-08 15:46:38 [info     ] cwae_decision                  comm=bench confidence=0.92 dry_run=True label=MALICIOUS latency_us=352.63 mitre_ttps=['T1003'] pid=10098 tier=ISOLATE
2026-06-08 15:46:38 [warning  ] enforcement_signal_dryrun      comm=bench pid=9999 signal=<Signals.SIGKILL: 9>
2026-06-08 15:46:38 [warning  ] enforcement_cgroup_freeze_dryrun pid=9999
2026-06-08 15:46:38 [info     ] cwae_decision                  comm=bench confidence=0.92 dry_run=True label=MALICIOUS latency_us=359.42 mitre_ttps=['T1003'] pid=9999 tier=ISOLATE
2026-06-08 15:46:38 [warning  ] enforcement_signal_dryrun      comm=bench pid=10000 signal=<Signals.SIGKILL: 9>
2026-06-08 15:46:38 [warning  ] enforcement_cgroup_freeze_dryrun pid=10000
2026-06-08 15:46:38 [info     ] cwae_decision                  comm=bench confidence=0.92 dry_run=True label=MALICIOUS latency_us=360.95 mitre_ttps=['T1003'] pid=10000 tier=ISOLATE
2026-06-08 15:46:38 [warning  ] enforcement_signal_dryrun      comm=bench pid=10001 signal=<Signals.SIGKILL: 9>
2026-06-08 15:46:38 [warning  ] enforcement_cgroup_freeze_dryrun pid=10001
2026-06-08 15:46:38 [info     ] cwae_decision                  comm=bench confidence=0.92 dry_run=True label=MALICIOUS latency_us=365.39 mitre_ttps=['T1003'] pid=10001 tier=ISOLATE
2026-06-08 15:46:38 [warning  ] enforcement_signal_dryrun      comm=bench pid=10002 signal=<Signals.SIGKILL: 9>
2026-06-08 15:46:38 [warning  ] enforcement_cgroup_freeze_dryrun pid=10002
2026-06-08 15:46:38 [info     ] cwae_decision                  comm=bench confidence=0.92 dry_run=True label=MALICIOUS latency_us=344.04 mitre_ttps=['T1003'] pid=10002 tier=ISOLATE
2026-06-08 15:46:38 [warning  ] enforcement_signal_dryrun      comm=bench pid=10003 signal=<Signals.SIGKILL: 9>
2026-06-08 15:46:38 [warning  ] enforcement_cgroup_freeze_dryrun pid=10003
2026-06-08 15:46:38 [info     ] cwae_decision                  comm=bench confidence=0.92 dry_run=True label=MALICIOUS latency_us=356.69 mitre_ttps=['T1003'] pid=10003 tier=ISOLATE
2026-06-08 15:46:38 [warning  ] enforcement_signal_dryrun      comm=bench pid=10004 signal=<Signals.SIGKILL: 9>
2026-06-08 15:46:38 [warning  ] enforcement_cgroup_freeze_dryrun pid=10004
2026-06-08 15:46:38 [info     ] cwae_decision                  comm=bench confidence=0.92 dry_run=True label=MALICIOUS latency_us=349.98 mitre_ttps=['T1003'] pid=10004 tier=ISOLATE
2026-06-08 15:46:38 [warning  ] enforcement_signal_dryrun      comm=bench pid=10005 signal=<Signals.SIGKILL: 9>
2026-06-08 15:46:38 [warning  ] enforcement_cgroup_freeze_dryrun pid=10005
2026-06-08 15:46:38 [info     ] cwae_decision                  comm=bench confidence=0.92 dry_run=True label=MALICIOUS latency_us=357.65 mitre_ttps=['T1003'] pid=10005 tier=ISOLATE
2026-06-08 15:46:38 [warning  ] enforcement_signal_dryrun      comm=bench pid=10006 signal=<Signals.SIGKILL: 9>
2026-06-08 15:46:38 [warning  ] enforcement_cgroup_freeze_dryrun pid=10006
2026-06-08 15:46:38 [info     ] cwae_decision                  comm=bench confidence=0.92 dry_run=True label=MALICIOUS latency_us=342.15 mitre_ttps=['T1003'] pid=10006 tier=ISOLATE
2026-06-08 15:46:38 [warning  ] enforcement_signal_dryrun      comm=bench pid=10007 signal=<Signals.SIGKILL: 9>
2026-06-08 15:46:38 [warning  ] enforcement_cgroup_freeze_dryrun pid=10007
2026-06-08 15:46:38 [info     ] cwae_decision                  comm=bench confidence=0.92 dry_run=True label=MALICIOUS latency_us=360.05 mitre_ttps=['T1003'] pid=10007 tier=ISOLATE
2026-06-08 15:46:38 [warning  ] enforcement_signal_dryrun      comm=bench pid=10008 signal=<Signals.SIGKILL: 9>
2026-06-08 15:46:38 [warning  ] enforcement_cgroup_freeze_dryrun pid=10008
2026-06-08 15:46:38 [info     ] cwae_decision                  comm=bench confidence=0.92 dry_run=True label=MALICIOUS latency_us=364.46 mitre_ttps=['T1003'] pid=10008 tier=ISOLATE
2026-06-08 15:46:38 [warning  ] enforcement_signal_dryrun      comm=bench pid=10009 signal=<Signals.SIGKILL: 9>
2026-06-08 15:46:38 [warning  ] enforcement_cgroup_freeze_dryrun pid=10009
2026-06-08 15:46:38 [info     ] cwae_decision                  comm=bench confidence=0.92 dry_run=True label=MALICIOUS latency_us=367.4 mitre_ttps=['T1003'] pid=10009 tier=ISOLATE
2026-06-08 15:46:38 [warning  ] enforcement_signal_dryrun      comm=bench pid=10010 signal=<Signals.SIGKILL: 9>
2026-06-08 15:46:38 [warning  ] enforcement_cgroup_freeze_dryrun pid=10010
2026-06-08 15:46:38 [info     ] cwae_decision                  comm=bench confidence=0.92 dry_run=True label=MALICIOUS latency_us=356.98 mitre_ttps=['T1003'] pid=10010 tier=ISOLATE
2026-06-08 15:46:38 [warning  ] enforcement_signal_dryrun      comm=bench pid=10011 signal=<Signals.SIGKILL: 9>
2026-06-08 15:46:38 [warning  ] enforcement_cgroup_freeze_dryrun pid=10011
2026-06-08 15:46:38 [info     ] cwae_decision                  comm=bench confidence=0.92 dry_run=True label=MALICIOUS latency_us=356.81 mitre_ttps=['T1003'] pid=10011 tier=ISOLATE
2026-06-08 15:46:38 [warning  ] enforcement_signal_dryrun      comm=bench pid=10012 signal=<Signals.SIGKILL: 9>
2026-06-08 15:46:38 [warning  ] enforcement_cgroup_freeze_dryrun pid=10012
2026-06-08 15:46:38 [info     ] cwae_decision                  comm=bench confidence=0.92 dry_run=True label=MALICIOUS latency_us=357.44 mitre_ttps=['T1003'] pid=10012 tier=ISOLATE
2026-06-08 15:46:38 [warning  ] enforcement_signal_dryrun      comm=bench pid=10013 signal=<Signals.SIGKILL: 9>
2026-06-08 15:46:38 [warning  ] enforcement_cgroup_freeze_dryrun pid=10013
2026-06-08 15:46:38 [info     ] cwae_decision                  comm=bench confidence=0.92 dry_run=True label=MALICIOUS latency_us=351.1 mitre_ttps=['T1003'] pid=10013 tier=ISOLATE
2026-06-08 15:46:38 [warning  ] enforcement_signal_dryrun      comm=bench pid=10014 signal=<Signals.SIGKILL: 9>
2026-06-08 15:46:38 [warning  ] enforcement_cgroup_freeze_dryrun pid=10014
2026-06-08 15:46:38 [info     ] cwae_decision                  comm=bench confidence=0.92 dry_run=True label=MALICIOUS latency_us=351.16 mitre_ttps=['T1003'] pid=10014 tier=ISOLATE
2026-06-08 15:46:38 [warning  ] enforcement_signal_dryrun      comm=bench pid=10015 signal=<Signals.SIGKILL: 9>
2026-06-08 15:46:38 [warning  ] enforcement_cgroup_freeze_dryrun pid=10015
2026-06-08 15:46:38 [info     ] cwae_decision                  comm=bench confidence=0.92 dry_run=True label=MALICIOUS latency_us=342.98 mitre_ttps=['T1003'] pid=10015 tier=ISOLATE
2026-06-08 15:46:38 [warning  ] enforcement_signal_dryrun      comm=bench pid=10016 signal=<Signals.SIGKILL: 9>
2026-06-08 15:46:38 [warning  ] enforcement_cgroup_freeze_dryrun pid=10016
2026-06-08 15:46:38 [info     ] cwae_decision                  comm=bench confidence=0.92 dry_run=True label=MALICIOUS latency_us=356.52 mitre_ttps=['T1003'] pid=10016 tier=ISOLATE
2026-06-08 15:46:38 [warning  ] enforcement_signal_dryrun      comm=bench pid=10017 signal=<Signals.SIGKILL: 9>
2026-06-08 15:46:38 [warning  ] enforcement_cgroup_freeze_dryrun pid=10017
2026-06-08 15:46:38 [info     ] cwae_decision                  comm=bench confidence=0.92 dry_run=True label=MALICIOUS latency_us=356.54 mitre_ttps=['T1003'] pid=10017 tier=ISOLATE
2026-06-08 15:46:38 [warning  ] enforcement_signal_dryrun      comm=bench pid=10018 signal=<Signals.SIGKILL: 9>
2026-06-08 15:46:38 [warning  ] enforcement_cgroup_freeze_dryrun pid=10018
2026-06-08 15:46:38 [info     ] cwae_decision                  comm=bench confidence=0.92 dry_run=True label=MALICIOUS latency_us=364.82 mitre_ttps=['T1003'] pid=10018 tier=ISOLATE
2026-06-08 15:46:38 [warning  ] enforcement_signal_dryrun      comm=bench pid=10019 signal=<Signals.SIGKILL: 9>
2026-06-08 15:46:38 [warning  ] enforcement_cgroup_freeze_dryrun pid=10019
2026-06-08 15:46:38 [info     ] cwae_decision                  comm=bench confidence=0.92 dry_run=True label=MALICIOUS latency_us=367.25 mitre_ttps=['T1003'] pid=10019 tier=ISOLATE
2026-06-08 15:46:38 [warning  ] enforcement_signal_dryrun      comm=bench pid=10020 signal=<Signals.SIGKILL: 9>
2026-06-08 15:46:38 [warning  ] enforcement_cgroup_freeze_dryrun pid=10020
2026-06-08 15:46:38 [info     ] cwae_decision                  comm=bench confidence=0.92 dry_run=True label=MALICIOUS latency_us=344.06 mitre_ttps=['T1003'] pid=10020 tier=ISOLATE
2026-06-08 15:46:38 [warning  ] enforcement_signal_dryrun      comm=bench pid=10021 signal=<Signals.SIGKILL: 9>
2026-06-08 15:46:38 [warning  ] enforcement_cgroup_freeze_dryrun pid=10021
2026-06-08 15:46:38 [info     ] cwae_decision                  comm=bench confidence=0.92 dry_run=True label=MALICIOUS latency_us=360.45 mitre_ttps=['T1003'] pid=10021 tier=ISOLATE
2026-06-08 15:46:38 [warning  ] enforcement_signal_dryrun      comm=bench pid=10022 signal=<Signals.SIGKILL: 9>
2026-06-08 15:46:38 [warning  ] enforcement_cgroup_freeze_dryrun pid=10022
2026-06-08 15:46:38 [info     ] cwae_decision                  comm=bench confidence=0.92 dry_run=True label=MALICIOUS latency_us=352.87 mitre_ttps=['T1003'] pid=10022 tier=ISOLATE
2026-06-08 15:46:38 [warning  ] enforcement_signal_dryrun      comm=bench pid=10023 signal=<Signals.SIGKILL: 9>
2026-06-08 15:46:38 [warning  ] enforcement_cgroup_freeze_dryrun pid=10023
2026-06-08 15:46:38 [info     ] cwae_decision                  comm=bench confidence=0.92 dry_run=True label=MALICIOUS latency_us=349.26 mitre_ttps=['T1003'] pid=10023 tier=ISOLATE
2026-06-08 15:46:38 [warning  ] enforcement_signal_dryrun      comm=bench pid=10024 signal=<Signals.SIGKILL: 9>
2026-06-08 15:46:38 [warning  ] enforcement_cgroup_freeze_dryrun pid=10024
2026-06-08 15:46:38 [info     ] cwae_decision                  comm=bench confidence=0.92 dry_run=True label=MALICIOUS latency_us=340.34 mitre_ttps=['T1003'] pid=10024 tier=ISOLATE
2026-06-08 15:46:38 [warning  ] enforcement_signal_dryrun      comm=bench pid=10025 signal=<Signals.SIGKILL: 9>
2026-06-08 15:46:38 [warning  ] enforcement_cgroup_freeze_dryrun pid=10025
2026-06-08 15:46:38 [info     ] cwae_decision                  comm=bench confidence=0.92 dry_run=True label=MALICIOUS latency_us=365.31 mitre_ttps=['T1003'] pid=10025 tier=ISOLATE
2026-06-08 15:46:38 [warning  ] enforcement_signal_dryrun      comm=bench pid=10026 signal=<Signals.SIGKILL: 9>
2026-06-08 15:46:38 [warning  ] enforcement_cgroup_freeze_dryrun pid=10026
2026-06-08 15:46:38 [info     ] cwae_decision                  comm=bench confidence=0.92 dry_run=True label=MALICIOUS latency_us=380.47 mitre_ttps=['T1003'] pid=10026 tier=ISOLATE
2026-06-08 15:46:38 [warning  ] enforcement_signal_dryrun      comm=bench pid=10027 signal=<Signals.SIGKILL: 9>
2026-06-08 15:46:38 [warning  ] enforcement_cgroup_freeze_dryrun pid=10027
2026-06-08 15:46:38 [info     ] cwae_decision                  comm=bench confidence=0.92 dry_run=True label=MALICIOUS latency_us=373.77 mitre_ttps=['T1003'] pid=10027 tier=ISOLATE
2026-06-08 15:46:38 [warning  ] enforcement_signal_dryrun      comm=bench pid=10028 signal=<Signals.SIGKILL: 9>
2026-06-08 15:46:38 [warning  ] enforcement_cgroup_freeze_dryrun pid=10028
2026-06-08 15:46:38 [info     ] cwae_decision                  comm=bench confidence=0.92 dry_run=True label=MALICIOUS latency_us=349.66 mitre_ttps=['T1003'] pid=10028 tier=ISOLATE
2026-06-08 15:46:38 [warning  ] enforcement_signal_dryrun      comm=bench pid=10029 signal=<Signals.SIGKILL: 9>
2026-06-08 15:46:38 [warning  ] enforcement_cgroup_freeze_dryrun pid=10029
2026-06-08 15:46:38 [info     ] cwae_decision                  comm=bench confidence=0.92 dry_run=True label=MALICIOUS latency_us=347.17 mitre_ttps=['T1003'] pid=10029 tier=ISOLATE
2026-06-08 15:46:38 [warning  ] enforcement_signal_dryrun      comm=bench pid=10030 signal=<Signals.SIGKILL: 9>
2026-06-08 15:46:38 [warning  ] enforcement_cgroup_freeze_dryrun pid=10030
2026-06-08 15:46:38 [info     ] cwae_decision                  comm=bench confidence=0.92 dry_run=True label=MALICIOUS latency_us=357.69 mitre_ttps=['T1003'] pid=10030 tier=ISOLATE
2026-06-08 15:46:38 [warning  ] enforcement_signal_dryrun      comm=bench pid=10031 signal=<Signals.SIGKILL: 9>
2026-06-08 15:46:38 [warning  ] enforcement_cgroup_freeze_dryrun pid=10031
2026-06-08 15:46:38 [info     ] cwae_decision                  comm=bench confidence=0.92 dry_run=True label=MALICIOUS latency_us=352.42 mitre_ttps=['T1003'] pid=10031 tier=ISOLATE
2026-06-08 15:46:38 [warning  ] enforcement_signal_dryrun      comm=bench pid=10032 signal=<Signals.SIGKILL: 9>
2026-06-08 15:46:38 [warning  ] enforcement_cgroup_freeze_dryrun pid=10032
2026-06-08 15:46:38 [info     ] cwae_decision                  comm=bench confidence=0.92 dry_run=True label=MALICIOUS latency_us=353.03 mitre_ttps=['T1003'] pid=10032 tier=ISOLATE
2026-06-08 15:46:38 [warning  ] enforcement_signal_dryrun      comm=bench pid=10033 signal=<Signals.SIGKILL: 9>
2026-06-08 15:46:38 [warning  ] enforcement_cgroup_freeze_dryrun pid=10033
2026-06-08 15:46:38 [info     ] cwae_decision                  comm=bench confidence=0.92 dry_run=True label=MALICIOUS latency_us=347.62 mitre_ttps=['T1003'] pid=10033 tier=ISOLATE
2026-06-08 15:46:38 [warning  ] enforcement_signal_dryrun      comm=bench pid=10034 signal=<Signals.SIGKILL: 9>
2026-06-08 15:46:38 [warning  ] enforcement_cgroup_freeze_dryrun pid=10034
2026-06-08 15:46:38 [info     ] cwae_decision                  comm=bench confidence=0.92 dry_run=True label=MALICIOUS latency_us=356.69 mitre_ttps=['T1003'] pid=10034 tier=ISOLATE
2026-06-08 15:46:38 [warning  ] enforcement_signal_dryrun      comm=bench pid=10035 signal=<Signals.SIGKILL: 9>
2026-06-08 15:46:38 [warning  ] enforcement_cgroup_freeze_dryrun pid=10035
2026-06-08 15:46:38 [info     ] cwae_decision                  comm=bench confidence=0.92 dry_run=True label=MALICIOUS latency_us=363.88 mitre_ttps=['T1003'] pid=10035 tier=ISOLATE
2026-06-08 15:46:38 [warning  ] enforcement_signal_dryrun      comm=bench pid=10036 signal=<Signals.SIGKILL: 9>
2026-06-08 15:46:38 [warning  ] enforcement_cgroup_freeze_dryrun pid=10036
2026-06-08 15:46:38 [info     ] cwae_decision                  comm=bench confidence=0.92 dry_run=True label=MALICIOUS latency_us=385.11 mitre_ttps=['T1003'] pid=10036 tier=ISOLATE
2026-06-08 15:46:38 [warning  ] enforcement_signal_dryrun      comm=bench pid=10037 signal=<Signals.SIGKILL: 9>
2026-06-08 15:46:38 [warning  ] enforcement_cgroup_freeze_dryrun pid=10037
2026-06-08 15:46:38 [info     ] cwae_decision                  comm=bench confidence=0.92 dry_run=True label=MALICIOUS latency_us=384.94 mitre_ttps=['T1003'] pid=10037 tier=ISOLATE
2026-06-08 15:46:38 [warning  ] enforcement_signal_dryrun      comm=bench pid=10038 signal=<Signals.SIGKILL: 9>
2026-06-08 15:46:38 [warning  ] enforcement_cgroup_freeze_dryrun pid=10038
2026-06-08 15:46:38 [info     ] cwae_decision                  comm=bench confidence=0.92 dry_run=True label=MALICIOUS latency_us=381.57 mitre_ttps=['T1003'] pid=10038 tier=ISOLATE
2026-06-08 15:46:38 [warning  ] enforcement_signal_dryrun      comm=bench pid=10039 signal=<Signals.SIGKILL: 9>
2026-06-08 15:46:38 [warning  ] enforcement_cgroup_freeze_dryrun pid=10039
2026-06-08 15:46:38 [info     ] cwae_decision                  comm=bench confidence=0.92 dry_run=True label=MALICIOUS latency_us=338.41 mitre_ttps=['T1003'] pid=10039 tier=ISOLATE
2026-06-08 15:46:38 [warning  ] enforcement_signal_dryrun      comm=bench pid=10040 signal=<Signals.SIGKILL: 9>
2026-06-08 15:46:38 [warning  ] enforcement_cgroup_freeze_dryrun pid=10040
2026-06-08 15:46:38 [info     ] cwae_decision                  comm=bench confidence=0.92 dry_run=True label=MALICIOUS latency_us=361.33 mitre_ttps=['T1003'] pid=10040 tier=ISOLATE
2026-06-08 15:46:38 [warning  ] enforcement_signal_dryrun      comm=bench pid=10041 signal=<Signals.SIGKILL: 9>
2026-06-08 15:46:38 [warning  ] enforcement_cgroup_freeze_dryrun pid=10041
2026-06-08 15:46:38 [info     ] cwae_decision                  comm=bench confidence=0.92 dry_run=True label=MALICIOUS latency_us=352.52 mitre_ttps=['T1003'] pid=10041 tier=ISOLATE
2026-06-08 15:46:38 [warning  ] enforcement_signal_dryrun      comm=bench pid=10042 signal=<Signals.SIGKILL: 9>
2026-06-08 15:46:38 [warning  ] enforcement_cgroup_freeze_dryrun pid=10042
2026-06-08 15:46:38 [info     ] cwae_decision                  comm=bench confidence=0.92 dry_run=True label=MALICIOUS latency_us=350.83 mitre_ttps=['T1003'] pid=10042 tier=ISOLATE
2026-06-08 15:46:38 [warning  ] enforcement_signal_dryrun      comm=bench pid=10043 signal=<Signals.SIGKILL: 9>
2026-06-08 15:46:38 [warning  ] enforcement_cgroup_freeze_dryrun pid=10043
2026-06-08 15:46:38 [info     ] cwae_decision                  comm=bench confidence=0.92 dry_run=True label=MALICIOUS latency_us=342.36 mitre_ttps=['T1003'] pid=10043 tier=ISOLATE
2026-06-08 15:46:38 [warning  ] enforcement_signal_dryrun      comm=bench pid=10044 signal=<Signals.SIGKILL: 9>
2026-06-08 15:46:38 [warning  ] enforcement_cgroup_freeze_dryrun pid=10044
2026-06-08 15:46:38 [info     ] cwae_decision                  comm=bench confidence=0.92 dry_run=True label=MALICIOUS latency_us=359.01 mitre_ttps=['T1003'] pid=10044 tier=ISOLATE
2026-06-08 15:46:38 [warning  ] enforcement_signal_dryrun      comm=bench pid=10045 signal=<Signals.SIGKILL: 9>
2026-06-08 15:46:38 [warning  ] enforcement_cgroup_freeze_dryrun pid=10045
2026-06-08 15:46:38 [info     ] cwae_decision                  comm=bench confidence=0.92 dry_run=True label=MALICIOUS latency_us=381.99 mitre_ttps=['T1003'] pid=10045 tier=ISOLATE
2026-06-08 15:46:38 [warning  ] enforcement_signal_dryrun      comm=bench pid=10046 signal=<Signals.SIGKILL: 9>
2026-06-08 15:46:38 [warning  ] enforcement_cgroup_freeze_dryrun pid=10046
2026-06-08 15:46:38 [info     ] cwae_decision                  comm=bench confidence=0.92 dry_run=True label=MALICIOUS latency_us=352.4 mitre_ttps=['T1003'] pid=10046 tier=ISOLATE
2026-06-08 15:46:38 [warning  ] enforcement_signal_dryrun      comm=bench pid=10047 signal=<Signals.SIGKILL: 9>
2026-06-08 15:46:38 [warning  ] enforcement_cgroup_freeze_dryrun pid=10047
2026-06-08 15:46:38 [info     ] cwae_decision                  comm=bench confidence=0.92 dry_run=True label=MALICIOUS latency_us=366.1 mitre_ttps=['T1003'] pid=10047 tier=ISOLATE
2026-06-08 15:46:38 [warning  ] enforcement_signal_dryrun      comm=bench pid=10048 signal=<Signals.SIGKILL: 9>
2026-06-08 15:46:38 [warning  ] enforcement_cgroup_freeze_dryrun pid=10048
2026-06-08 15:46:38 [info     ] cwae_decision                  comm=bench confidence=0.92 dry_run=True label=MALICIOUS latency_us=344.85 mitre_ttps=['T1003'] pid=10048 tier=ISOLATE
2026-06-08 15:46:38 [warning  ] enforcement_signal_dryrun      comm=bench pid=10049 signal=<Signals.SIGKILL: 9>
2026-06-08 15:46:38 [warning  ] enforcement_cgroup_freeze_dryrun pid=10049
2026-06-08 15:46:38 [info     ] cwae_decision                  comm=bench confidence=0.92 dry_run=True label=MALICIOUS latency_us=833.7 mitre_ttps=['T1003'] pid=10049 tier=ISOLATE
2026-06-08 15:46:38 [warning  ] enforcement_signal_dryrun      comm=bench pid=10050 signal=<Signals.SIGKILL: 9>
2026-06-08 15:46:38 [warning  ] enforcement_cgroup_freeze_dryrun pid=10050
2026-06-08 15:46:38 [info     ] cwae_decision                  comm=bench confidence=0.92 dry_run=True label=MALICIOUS latency_us=377.99 mitre_ttps=['T1003'] pid=10050 tier=ISOLATE
2026-06-08 15:46:38 [warning  ] enforcement_signal_dryrun      comm=bench pid=10051 signal=<Signals.SIGKILL: 9>
2026-06-08 15:46:38 [warning  ] enforcement_cgroup_freeze_dryrun pid=10051
2026-06-08 15:46:38 [info     ] cwae_decision                  comm=bench confidence=0.92 dry_run=True label=MALICIOUS latency_us=350.57 mitre_ttps=['T1003'] pid=10051 tier=ISOLATE
2026-06-08 15:46:38 [warning  ] enforcement_signal_dryrun      comm=bench pid=10052 signal=<Signals.SIGKILL: 9>
2026-06-08 15:46:38 [warning  ] enforcement_cgroup_freeze_dryrun pid=10052
2026-06-08 15:46:38 [info     ] cwae_decision                  comm=bench confidence=0.92 dry_run=True label=MALICIOUS latency_us=345.44 mitre_ttps=['T1003'] pid=10052 tier=ISOLATE
2026-06-08 15:46:38 [warning  ] enforcement_signal_dryrun      comm=bench pid=10053 signal=<Signals.SIGKILL: 9>
2026-06-08 15:46:38 [warning  ] enforcement_cgroup_freeze_dryrun pid=10053
2026-06-08 15:46:38 [info     ] cwae_decision                  comm=bench confidence=0.92 dry_run=True label=MALICIOUS latency_us=356.23 mitre_ttps=['T1003'] pid=10053 tier=ISOLATE
2026-06-08 15:46:38 [warning  ] enforcement_signal_dryrun      comm=bench pid=10054 signal=<Signals.SIGKILL: 9>
2026-06-08 15:46:38 [warning  ] enforcement_cgroup_freeze_dryrun pid=10054
2026-06-08 15:46:38 [info     ] cwae_decision                  comm=bench confidence=0.92 dry_run=True label=MALICIOUS latency_us=351.66 mitre_ttps=['T1003'] pid=10054 tier=ISOLATE
2026-06-08 15:46:38 [warning  ] enforcement_signal_dryrun      comm=bench pid=10055 signal=<Signals.SIGKILL: 9>
2026-06-08 15:46:38 [warning  ] enforcement_cgroup_freeze_dryrun pid=10055
2026-06-08 15:46:38 [info     ] cwae_decision                  comm=bench confidence=0.92 dry_run=True label=MALICIOUS latency_us=342.91 mitre_ttps=['T1003'] pid=10055 tier=ISOLATE
2026-06-08 15:46:38 [warning  ] enforcement_signal_dryrun      comm=bench pid=10056 signal=<Signals.SIGKILL: 9>
2026-06-08 15:46:38 [warning  ] enforcement_cgroup_freeze_dryrun pid=10056
2026-06-08 15:46:38 [info     ] cwae_decision                  comm=bench confidence=0.92 dry_run=True label=MALICIOUS latency_us=343.32 mitre_ttps=['T1003'] pid=10056 tier=ISOLATE
2026-06-08 15:46:38 [warning  ] enforcement_signal_dryrun      comm=bench pid=10057 signal=<Signals.SIGKILL: 9>
2026-06-08 15:46:38 [warning  ] enforcement_cgroup_freeze_dryrun pid=10057
2026-06-08 15:46:38 [info     ] cwae_decision                  comm=bench confidence=0.92 dry_run=True label=MALICIOUS latency_us=361.13 mitre_ttps=['T1003'] pid=10057 tier=ISOLATE
2026-06-08 15:46:38 [warning  ] enforcement_signal_dryrun      comm=bench pid=10058 signal=<Signals.SIGKILL: 9>
2026-06-08 15:46:38 [warning  ] enforcement_cgroup_freeze_dryrun pid=10058
2026-06-08 15:46:38 [info     ] cwae_decision                  comm=bench confidence=0.92 dry_run=True label=MALICIOUS latency_us=367.57 mitre_ttps=['T1003'] pid=10058 tier=ISOLATE
2026-06-08 15:46:38 [warning  ] enforcement_signal_dryrun      comm=bench pid=10059 signal=<Signals.SIGKILL: 9>
2026-06-08 15:46:38 [warning  ] enforcement_cgroup_freeze_dryrun pid=10059
2026-06-08 15:46:38 [info     ] cwae_decision                  comm=bench confidence=0.92 dry_run=True label=MALICIOUS latency_us=385.34 mitre_ttps=['T1003'] pid=10059 tier=ISOLATE
2026-06-08 15:46:38 [warning  ] enforcement_signal_dryrun      comm=bench pid=10060 signal=<Signals.SIGKILL: 9>
2026-06-08 15:46:38 [warning  ] enforcement_cgroup_freeze_dryrun pid=10060
2026-06-08 15:46:38 [info     ] cwae_decision                  comm=bench confidence=0.92 dry_run=True label=MALICIOUS latency_us=377.24 mitre_ttps=['T1003'] pid=10060 tier=ISOLATE
2026-06-08 15:46:38 [warning  ] enforcement_signal_dryrun      comm=bench pid=10061 signal=<Signals.SIGKILL: 9>
2026-06-08 15:46:38 [warning  ] enforcement_cgroup_freeze_dryrun pid=10061
2026-06-08 15:46:38 [info     ] cwae_decision                  comm=bench confidence=0.92 dry_run=True label=MALICIOUS latency_us=375.41 mitre_ttps=['T1003'] pid=10061 tier=ISOLATE
2026-06-08 15:46:38 [warning  ] enforcement_signal_dryrun      comm=bench pid=10062 signal=<Signals.SIGKILL: 9>
2026-06-08 15:46:38 [warning  ] enforcement_cgroup_freeze_dryrun pid=10062
2026-06-08 15:46:38 [info     ] cwae_decision                  comm=bench confidence=0.92 dry_run=True label=MALICIOUS latency_us=344.88 mitre_ttps=['T1003'] pid=10062 tier=ISOLATE
2026-06-08 15:46:38 [warning  ] enforcement_signal_dryrun      comm=bench pid=10063 signal=<Signals.SIGKILL: 9>
2026-06-08 15:46:38 [warning  ] enforcement_cgroup_freeze_dryrun pid=10063
2026-06-08 15:46:38 [info     ] cwae_decision                  comm=bench confidence=0.92 dry_run=True label=MALICIOUS latency_us=361.41 mitre_ttps=['T1003'] pid=10063 tier=ISOLATE
2026-06-08 15:46:38 [warning  ] enforcement_signal_dryrun      comm=bench pid=10064 signal=<Signals.SIGKILL: 9>
2026-06-08 15:46:38 [warning  ] enforcement_cgroup_freeze_dryrun pid=10064
2026-06-08 15:46:38 [info     ] cwae_decision                  comm=bench confidence=0.92 dry_run=True label=MALICIOUS latency_us=353.23 mitre_ttps=['T1003'] pid=10064 tier=ISOLATE
2026-06-08 15:46:38 [warning  ] enforcement_signal_dryrun      comm=bench pid=10065 signal=<Signals.SIGKILL: 9>
2026-06-08 15:46:38 [warning  ] enforcement_cgroup_freeze_dryrun pid=10065
2026-06-08 15:46:38 [info     ] cwae_decision                  comm=bench confidence=0.92 dry_run=True label=MALICIOUS latency_us=342.83 mitre_ttps=['T1003'] pid=10065 tier=ISOLATE
2026-06-08 15:46:38 [warning  ] enforcement_signal_dryrun      comm=bench pid=10066 signal=<Signals.SIGKILL: 9>
2026-06-08 15:46:38 [warning  ] enforcement_cgroup_freeze_dryrun pid=10066
2026-06-08 15:46:38 [info     ] cwae_decision                  comm=bench confidence=0.92 dry_run=True label=MALICIOUS latency_us=345.7 mitre_ttps=['T1003'] pid=10066 tier=ISOLATE
2026-06-08 15:46:38 [warning  ] enforcement_signal_dryrun      comm=bench pid=10067 signal=<Signals.SIGKILL: 9>
2026-06-08 15:46:38 [warning  ] enforcement_cgroup_freeze_dryrun pid=10067
2026-06-08 15:46:38 [info     ] cwae_decision                  comm=bench confidence=0.92 dry_run=True label=MALICIOUS latency_us=361.02 mitre_ttps=['T1003'] pid=10067 tier=ISOLATE
2026-06-08 15:46:38 [warning  ] enforcement_signal_dryrun      comm=bench pid=10068 signal=<Signals.SIGKILL: 9>
2026-06-08 15:46:38 [warning  ] enforcement_cgroup_freeze_dryrun pid=10068
2026-06-08 15:46:38 [info     ] cwae_decision                  comm=bench confidence=0.92 dry_run=True label=MALICIOUS latency_us=389.99 mitre_ttps=['T1003'] pid=10068 tier=ISOLATE
2026-06-08 15:46:38 [warning  ] enforcement_signal_dryrun      comm=bench pid=10069 signal=<Signals.SIGKILL: 9>
2026-06-08 15:46:38 [warning  ] enforcement_cgroup_freeze_dryrun pid=10069
2026-06-08 15:46:38 [info     ] cwae_decision                  comm=bench confidence=0.92 dry_run=True label=MALICIOUS latency_us=378.99 mitre_ttps=['T1003'] pid=10069 tier=ISOLATE
2026-06-08 15:46:38 [warning  ] enforcement_signal_dryrun      comm=bench pid=10070 signal=<Signals.SIGKILL: 9>
2026-06-08 15:46:38 [warning  ] enforcement_cgroup_freeze_dryrun pid=10070
2026-06-08 15:46:38 [info     ] cwae_decision                  comm=bench confidence=0.92 dry_run=True label=MALICIOUS latency_us=377.66 mitre_ttps=['T1003'] pid=10070 tier=ISOLATE
2026-06-08 15:46:38 [warning  ] enforcement_signal_dryrun      comm=bench pid=10071 signal=<Signals.SIGKILL: 9>
2026-06-08 15:46:38 [warning  ] enforcement_cgroup_freeze_dryrun pid=10071
2026-06-08 15:46:38 [info     ] cwae_decision                  comm=bench confidence=0.92 dry_run=True label=MALICIOUS latency_us=365.07 mitre_ttps=['T1003'] pid=10071 tier=ISOLATE
2026-06-08 15:46:38 [warning  ] enforcement_signal_dryrun      comm=bench pid=10072 signal=<Signals.SIGKILL: 9>
2026-06-08 15:46:38 [warning  ] enforcement_cgroup_freeze_dryrun pid=10072
2026-06-08 15:46:38 [info     ] cwae_decision                  comm=bench confidence=0.92 dry_run=True label=MALICIOUS latency_us=350.29 mitre_ttps=['T1003'] pid=10072 tier=ISOLATE
2026-06-08 15:46:38 [warning  ] enforcement_signal_dryrun      comm=bench pid=10073 signal=<Signals.SIGKILL: 9>
2026-06-08 15:46:38 [warning  ] enforcement_cgroup_freeze_dryrun pid=10073
2026-06-08 15:46:38 [info     ] cwae_decision                  comm=bench confidence=0.92 dry_run=True label=MALICIOUS latency_us=359.4 mitre_ttps=['T1003'] pid=10073 tier=ISOLATE
2026-06-08 15:46:38 [warning  ] enforcement_signal_dryrun      comm=bench pid=10074 signal=<Signals.SIGKILL: 9>
2026-06-08 15:46:38 [warning  ] enforcement_cgroup_freeze_dryrun pid=10074
2026-06-08 15:46:38 [info     ] cwae_decision                  comm=bench confidence=0.92 dry_run=True label=MALICIOUS latency_us=343.79 mitre_ttps=['T1003'] pid=10074 tier=ISOLATE
2026-06-08 15:46:38 [warning  ] enforcement_signal_dryrun      comm=bench pid=10075 signal=<Signals.SIGKILL: 9>
2026-06-08 15:46:38 [warning  ] enforcement_cgroup_freeze_dryrun pid=10075
2026-06-08 15:46:38 [info     ] cwae_decision                  comm=bench confidence=0.92 dry_run=True label=MALICIOUS latency_us=348.1 mitre_ttps=['T1003'] pid=10075 tier=ISOLATE
2026-06-08 15:46:38 [warning  ] enforcement_signal_dryrun      comm=bench pid=10076 signal=<Signals.SIGKILL: 9>
2026-06-08 15:46:38 [warning  ] enforcement_cgroup_freeze_dryrun pid=10076
2026-06-08 15:46:38 [info     ] cwae_decision                  comm=bench confidence=0.92 dry_run=True label=MALICIOUS latency_us=342.62 mitre_ttps=['T1003'] pid=10076 tier=ISOLATE
2026-06-08 15:46:38 [warning  ] enforcement_signal_dryrun      comm=bench pid=10077 signal=<Signals.SIGKILL: 9>
2026-06-08 15:46:38 [warning  ] enforcement_cgroup_freeze_dryrun pid=10077
2026-06-08 15:46:38 [info     ] cwae_decision                  comm=bench confidence=0.92 dry_run=True label=MALICIOUS latency_us=357.19 mitre_ttps=['T1003'] pid=10077 tier=ISOLATE
2026-06-08 15:46:38 [warning  ] enforcement_signal_dryrun      comm=bench pid=10078 signal=<Signals.SIGKILL: 9>
2026-06-08 15:46:38 [warning  ] enforcement_cgroup_freeze_dryrun pid=10078
2026-06-08 15:46:38 [info     ] cwae_decision                  comm=bench confidence=0.92 dry_run=True label=MALICIOUS latency_us=362.28 mitre_ttps=['T1003'] pid=10078 tier=ISOLATE
2026-06-08 15:46:38 [warning  ] enforcement_signal_dryrun      comm=bench pid=10079 signal=<Signals.SIGKILL: 9>
2026-06-08 15:46:38 [warning  ] enforcement_cgroup_freeze_dryrun pid=10079
2026-06-08 15:46:38 [info     ] cwae_decision                  comm=bench confidence=0.92 dry_run=True label=MALICIOUS latency_us=365.21 mitre_ttps=['T1003'] pid=10079 tier=ISOLATE
2026-06-08 15:46:38 [warning  ] enforcement_signal_dryrun      comm=bench pid=10080 signal=<Signals.SIGKILL: 9>
2026-06-08 15:46:38 [warning  ] enforcement_cgroup_freeze_dryrun pid=10080
2026-06-08 15:46:38 [info     ] cwae_decision                  comm=bench confidence=0.92 dry_run=True label=MALICIOUS latency_us=363.43 mitre_ttps=['T1003'] pid=10080 tier=ISOLATE
2026-06-08 15:46:38 [warning  ] enforcement_signal_dryrun      comm=bench pid=10081 signal=<Signals.SIGKILL: 9>
2026-06-08 15:46:38 [warning  ] enforcement_cgroup_freeze_dryrun pid=10081
2026-06-08 15:46:38 [info     ] cwae_decision                  comm=bench confidence=0.92 dry_run=True label=MALICIOUS latency_us=346.96 mitre_ttps=['T1003'] pid=10081 tier=ISOLATE
2026-06-08 15:46:38 [warning  ] enforcement_signal_dryrun      comm=bench pid=10082 signal=<Signals.SIGKILL: 9>
2026-06-08 15:46:38 [warning  ] enforcement_cgroup_freeze_dryrun pid=10082
2026-06-08 15:46:38 [info     ] cwae_decision                  comm=bench confidence=0.92 dry_run=True label=MALICIOUS latency_us=354.48 mitre_ttps=['T1003'] pid=10082 tier=ISOLATE
2026-06-08 15:46:38 [warning  ] enforcement_signal_dryrun      comm=bench pid=10083 signal=<Signals.SIGKILL: 9>
2026-06-08 15:46:38 [warning  ] enforcement_cgroup_freeze_dryrun pid=10083
2026-06-08 15:46:38 [info     ] cwae_decision                  comm=bench confidence=0.92 dry_run=True label=MALICIOUS latency_us=363.51 mitre_ttps=['T1003'] pid=10083 tier=ISOLATE
2026-06-08 15:46:38 [warning  ] enforcement_signal_dryrun      comm=bench pid=10084 signal=<Signals.SIGKILL: 9>
2026-06-08 15:46:38 [warning  ] enforcement_cgroup_freeze_dryrun pid=10084
2026-06-08 15:46:38 [info     ] cwae_decision                  comm=bench confidence=0.92 dry_run=True label=MALICIOUS latency_us=348.36 mitre_ttps=['T1003'] pid=10084 tier=ISOLATE
2026-06-08 15:46:38 [warning  ] enforcement_signal_dryrun      comm=bench pid=10085 signal=<Signals.SIGKILL: 9>
2026-06-08 15:46:38 [warning  ] enforcement_cgroup_freeze_dryrun pid=10085
2026-06-08 15:46:38 [info     ] cwae_decision                  comm=bench confidence=0.92 dry_run=True label=MALICIOUS latency_us=347.3 mitre_ttps=['T1003'] pid=10085 tier=ISOLATE
2026-06-08 15:46:38 [warning  ] enforcement_signal_dryrun      comm=bench pid=10086 signal=<Signals.SIGKILL: 9>
2026-06-08 15:46:38 [warning  ] enforcement_cgroup_freeze_dryrun pid=10086
2026-06-08 15:46:38 [info     ] cwae_decision                  comm=bench confidence=0.92 dry_run=True label=MALICIOUS latency_us=347.84 mitre_ttps=['T1003'] pid=10086 tier=ISOLATE
2026-06-08 15:46:38 [warning  ] enforcement_signal_dryrun      comm=bench pid=10087 signal=<Signals.SIGKILL: 9>
2026-06-08 15:46:38 [warning  ] enforcement_cgroup_freeze_dryrun pid=10087
2026-06-08 15:46:38 [info     ] cwae_decision                  comm=bench confidence=0.92 dry_run=True label=MALICIOUS latency_us=362.07 mitre_ttps=['T1003'] pid=10087 tier=ISOLATE
2026-06-08 15:46:38 [warning  ] enforcement_signal_dryrun      comm=bench pid=10088 signal=<Signals.SIGKILL: 9>
2026-06-08 15:46:38 [warning  ] enforcement_cgroup_freeze_dryrun pid=10088
2026-06-08 15:46:38 [info     ] cwae_decision                  comm=bench confidence=0.92 dry_run=True label=MALICIOUS latency_us=379.02 mitre_ttps=['T1003'] pid=10088 tier=ISOLATE
2026-06-08 15:46:38 [warning  ] enforcement_signal_dryrun      comm=bench pid=10089 signal=<Signals.SIGKILL: 9>
2026-06-08 15:46:38 [warning  ] enforcement_cgroup_freeze_dryrun pid=10089
2026-06-08 15:46:38 [info     ] cwae_decision                  comm=bench confidence=0.92 dry_run=True label=MALICIOUS latency_us=372.88 mitre_ttps=['T1003'] pid=10089 tier=ISOLATE
2026-06-08 15:46:38 [warning  ] enforcement_signal_dryrun      comm=bench pid=10090 signal=<Signals.SIGKILL: 9>
2026-06-08 15:46:38 [warning  ] enforcement_cgroup_freeze_dryrun pid=10090
2026-06-08 15:46:38 [info     ] cwae_decision                  comm=bench confidence=0.92 dry_run=True label=MALICIOUS latency_us=347.89 mitre_ttps=['T1003'] pid=10090 tier=ISOLATE
2026-06-08 15:46:38 [warning  ] enforcement_signal_dryrun      comm=bench pid=10091 signal=<Signals.SIGKILL: 9>
2026-06-08 15:46:38 [warning  ] enforcement_cgroup_freeze_dryrun pid=10091
2026-06-08 15:46:38 [info     ] cwae_decision                  comm=bench confidence=0.92 dry_run=True label=MALICIOUS latency_us=344.1 mitre_ttps=['T1003'] pid=10091 tier=ISOLATE
2026-06-08 15:46:38 [warning  ] enforcement_signal_dryrun      comm=bench pid=10092 signal=<Signals.SIGKILL: 9>
2026-06-08 15:46:38 [warning  ] enforcement_cgroup_freeze_dryrun pid=10092
2026-06-08 15:46:38 [info     ] cwae_decision                  comm=bench confidence=0.92 dry_run=True label=MALICIOUS latency_us=354.68 mitre_ttps=['T1003'] pid=10092 tier=ISOLATE
2026-06-08 15:46:38 [warning  ] enforcement_signal_dryrun      comm=bench pid=10093 signal=<Signals.SIGKILL: 9>
2026-06-08 15:46:38 [warning  ] enforcement_cgroup_freeze_dryrun pid=10093
2026-06-08 15:46:38 [info     ] cwae_decision                  comm=bench confidence=0.92 dry_run=True label=MALICIOUS latency_us=352.14 mitre_ttps=['T1003'] pid=10093 tier=ISOLATE
2026-06-08 15:46:38 [warning  ] enforcement_signal_dryrun      comm=bench pid=10094 signal=<Signals.SIGKILL: 9>
2026-06-08 15:46:38 [warning  ] enforcement_cgroup_freeze_dryrun pid=10094
2026-06-08 15:46:38 [info     ] cwae_decision                  comm=bench confidence=0.92 dry_run=True label=MALICIOUS latency_us=350.54 mitre_ttps=['T1003'] pid=10094 tier=ISOLATE
2026-06-08 15:46:38 [warning  ] enforcement_signal_dryrun      comm=bench pid=10095 signal=<Signals.SIGKILL: 9>
2026-06-08 15:46:38 [warning  ] enforcement_cgroup_freeze_dryrun pid=10095
2026-06-08 15:46:38 [info     ] cwae_decision                  comm=bench confidence=0.92 dry_run=True label=MALICIOUS latency_us=346.48 mitre_ttps=['T1003'] pid=10095 tier=ISOLATE
2026-06-08 15:46:38 [warning  ] enforcement_signal_dryrun      comm=bench pid=10096 signal=<Signals.SIGKILL: 9>
2026-06-08 15:46:38 [warning  ] enforcement_cgroup_freeze_dryrun pid=10096
2026-06-08 15:46:38 [info     ] cwae_decision                  comm=bench confidence=0.92 dry_run=True label=MALICIOUS latency_us=358.92 mitre_ttps=['T1003'] pid=10096 tier=ISOLATE
2026-06-08 15:46:38 [warning  ] enforcement_signal_dryrun      comm=bench pid=10097 signal=<Signals.SIGKILL: 9>
2026-06-08 15:46:38 [warning  ] enforcement_cgroup_freeze_dryrun pid=10097
2026-06-08 15:46:38 [info     ] cwae_decision                  comm=bench confidence=0.92 dry_run=True label=MALICIOUS latency_us=374.01 mitre_ttps=['T1003'] pid=10097 tier=ISOLATE
2026-06-08 15:46:38 [warning  ] enforcement_signal_dryrun      comm=bench pid=10098 signal=<Signals.SIGKILL: 9>
2026-06-08 15:46:38 [warning  ] enforcement_cgroup_freeze_dryrun pid=10098
2026-06-08 15:46:38 [info     ] cwae_decision                  comm=bench confidence=0.92 dry_run=True label=MALICIOUS latency_us=381.4 mitre_ttps=['T1003'] pid=10098 tier=ISOLATE
p50=0.888ms  p95=0.92ms  p99=0.932ms
▶  DetectorAgent._triage() (1000 events) ... 2026-06-08 15:46:38 [debug    ] detection_signal               entropy=0.918 pid=1234 trigger=hard_trigger
2026-06-08 15:46:38 [debug    ] detection_signal               entropy=1.585 pid=2001 trigger=hard_trigger
2026-06-08 15:46:38 [debug    ] detection_signal               entropy=-0.0 pid=6000 trigger=hard_trigger
2026-06-08 15:46:38 [debug    ] detection_signal               entropy=-0.0 pid=7000 trigger=hard_trigger
2026-06-08 15:46:38 [debug    ] detection_signal               entropy=-0.0 pid=7000 trigger=hard_trigger
2026-06-08 15:46:38 [debug    ] detection_signal               entropy=1.585 pid=14000 trigger=hard_trigger
2026-06-08 15:46:38 [debug    ] detection_signal               entropy=0.811 pid=25000 trigger=hard_trigger
2026-06-08 15:46:38 [debug    ] detection_signal               entropy=0.918 pid=26000 trigger=hard_trigger
2026-06-08 15:46:38 [debug    ] detection_signal               entropy=1.087 pid=27000 trigger=hard_trigger
2026-06-08 15:46:38 [debug    ] detection_signal               entropy=1.319 pid=27000 trigger=novel_transition
2026-06-08 15:46:38 [debug    ] detection_signal               entropy=-0.0 pid=20000 trigger=hard_trigger
2026-06-08 15:46:38 [debug    ] detection_signal               entropy=-0.0 pid=20000 trigger=hard_trigger
2026-06-08 15:46:38 [debug    ] detection_signal               entropy=-0.0 pid=20000 trigger=hard_trigger
2026-06-08 15:46:38 [debug    ] detection_signal               entropy=-0.0 pid=20000 trigger=hard_trigger
2026-06-08 15:46:38 [debug    ] detection_signal               entropy=-0.0 pid=20000 trigger=hard_trigger
2026-06-08 15:46:38 [debug    ] detection_signal               entropy=1.299 pid=21000 trigger=hard_trigger
2026-06-08 15:46:38 [debug    ] detection_signal               entropy=0.811 pid=22000 trigger=hard_trigger
2026-06-08 15:46:38 [debug    ] detection_signal               entropy=1.0 pid=23000 trigger=hard_trigger
2026-06-08 15:46:38 [debug    ] detection_signal               entropy=0.918 pid=23000 trigger=hard_trigger
2026-06-08 15:46:38 [debug    ] detection_signal               entropy=1.224 pid=25000 trigger=hard_trigger
2026-06-08 15:46:38 [debug    ] detection_signal               entropy=0.918 pid=26000 trigger=hard_trigger
2026-06-08 15:46:38 [debug    ] detection_signal               entropy=1.922 pid=28000 trigger=hard_trigger
2026-06-08 15:46:38 [debug    ] detection_signal               entropy=0.811 pid=29000 trigger=hard_trigger
2026-06-08 15:46:38 [debug    ] detection_signal               entropy=1.28 pid=27000 trigger=novel_transition
2026-06-08 15:46:38 [debug    ] detection_signal               entropy=1.243 pid=27000 trigger=novel_transition
2026-06-08 15:46:38 [debug    ] detection_signal               entropy=1.327 pid=27000 trigger=novel_transition
2026-06-08 15:46:38 [debug    ] detection_signal               entropy=1.293 pid=27000 trigger=novel_transition
2026-06-08 15:46:38 [debug    ] detection_signal               entropy=1.354 pid=27000 trigger=novel_transition
2026-06-08 15:46:38 [debug    ] detection_signal               entropy=1.323 pid=27000 trigger=novel_transition
2026-06-08 15:46:38 [debug    ] detection_signal               entropy=1.293 pid=27000 trigger=entropy
2026-06-08 15:46:38 [debug    ] detection_signal               entropy=1.265 pid=27000 trigger=entropy
2026-06-08 15:46:38 [debug    ] detection_signal               entropy=1.326 pid=27000 trigger=entropy
2026-06-08 15:46:38 [debug    ] detection_signal               entropy=1.299 pid=27000 trigger=entropy
2026-06-08 15:46:38 [debug    ] detection_signal               entropy=1.346 pid=27000 trigger=entropy
2026-06-08 15:46:38 [debug    ] detection_signal               entropy=1.321 pid=27000 trigger=entropy
2026-06-08 15:46:38 [debug    ] detection_signal               entropy=1.297 pid=27000 trigger=entropy
2026-06-08 15:46:38 [debug    ] detection_signal               entropy=1.274 pid=27000 trigger=entropy
2026-06-08 15:46:38 [debug    ] detection_signal               entropy=1.252 pid=27000 trigger=entropy
2026-06-08 15:46:38 [debug    ] detection_signal               entropy=1.23 pid=27000 trigger=entropy
2026-06-08 15:46:38 [debug    ] detection_signal               entropy=1.271 pid=27000 trigger=entropy
2026-06-08 15:46:38 [debug    ] detection_signal               entropy=1.251 pid=27000 trigger=entropy
2026-06-08 15:46:38 [debug    ] detection_signal               entropy=1.231 pid=27000 trigger=hard_trigger
2026-06-08 15:46:38 [debug    ] detection_signal               entropy=1.319 pid=27000 trigger=entropy
2026-06-08 15:46:38 [debug    ] detection_signal               entropy=1.352 pid=1234 trigger=hard_trigger
2026-06-08 15:46:38 [debug    ] detection_signal               entropy=1.95 pid=2001 trigger=hard_trigger
2026-06-08 15:46:38 [debug    ] detection_signal               entropy=1.842 pid=6000 trigger=hard_trigger
2026-06-08 15:46:38 [debug    ] detection_signal               entropy=0.863 pid=7000 trigger=hard_trigger
2026-06-08 15:46:38 [debug    ] detection_signal               entropy=0.811 pid=7000 trigger=hard_trigger
2026-06-08 15:46:38 [debug    ] detection_signal               entropy=1.557 pid=14000 trigger=hard_trigger
2026-06-08 15:46:38 [debug    ] detection_signal               entropy=1.287 pid=25000 trigger=hard_trigger
2026-06-08 15:46:38 [debug    ] detection_signal               entropy=0.918 pid=26000 trigger=hard_trigger
2026-06-08 15:46:38 [debug    ] detection_signal               entropy=1.299 pid=27000 trigger=entropy
2026-06-08 15:46:38 [debug    ] detection_signal               entropy=1.28 pid=27000 trigger=entropy
2026-06-08 15:46:38 [debug    ] detection_signal               entropy=1.326 pid=27000 trigger=entropy
2026-06-08 15:46:38 [debug    ] detection_signal               entropy=1.358 pid=27000 trigger=novel_transition
2026-06-08 15:46:38 [debug    ] detection_signal               entropy=1.34 pid=27000 trigger=entropy
2026-06-08 15:46:38 [debug    ] detection_signal               entropy=1.322 pid=27000 trigger=entropy
2026-06-08 15:46:38 [debug    ] detection_signal               entropy=1.305 pid=27000 trigger=entropy
2026-06-08 15:46:38 [debug    ] detection_signal               entropy=1.288 pid=27000 trigger=entropy
2026-06-08 15:46:38 [debug    ] detection_signal               entropy=1.317 pid=27000 trigger=entropy
2026-06-08 15:46:38 [debug    ] detection_signal               entropy=1.301 pid=27000 trigger=entropy
2026-06-08 15:46:38 [debug    ] detection_signal               entropy=1.286 pid=27000 trigger=entropy
2026-06-08 15:46:38 [debug    ] detection_signal               entropy=1.27 pid=27000 trigger=entropy
2026-06-08 15:46:38 [debug    ] detection_signal               entropy=1.308 pid=27000 trigger=entropy
2026-06-08 15:46:38 [debug    ] detection_signal               entropy=1.333 pid=27000 trigger=entropy
2026-06-08 15:46:38 [debug    ] detection_signal               entropy=1.318 pid=27000 trigger=entropy
2026-06-08 15:46:38 [debug    ] detection_signal               entropy=1.304 pid=27000 trigger=entropy
2026-06-08 15:46:38 [debug    ] detection_signal               entropy=1.291 pid=27000 trigger=entropy
2026-06-08 15:46:38 [debug    ] detection_signal               entropy=1.277 pid=27000 trigger=entropy
2026-06-08 15:46:38 [debug    ] detection_signal               entropy=1.264 pid=27000 trigger=hard_trigger
2026-06-08 15:46:38 [debug    ] detection_signal               entropy=1.319 pid=27000 trigger=entropy
2026-06-08 15:46:38 [debug    ] detection_signal               entropy=-0.0 pid=20000 trigger=hard_trigger
2026-06-08 15:46:38 [debug    ] detection_signal               entropy=-0.0 pid=20000 trigger=hard_trigger
2026-06-08 15:46:38 [debug    ] detection_signal               entropy=-0.0 pid=20000 trigger=hard_trigger
2026-06-08 15:46:38 [debug    ] detection_signal               entropy=-0.0 pid=20000 trigger=hard_trigger
2026-06-08 15:46:38 [debug    ] detection_signal               entropy=-0.0 pid=20000 trigger=hard_trigger
2026-06-08 15:46:38 [debug    ] detection_signal               entropy=1.371 pid=21000 trigger=novel_transition
2026-06-08 15:46:38 [debug    ] detection_signal               entropy=1.34 pid=21000 trigger=novel_transition
2026-06-08 15:46:38 [debug    ] detection_signal               entropy=1.381 pid=21000 trigger=novel_transition
2026-06-08 15:46:38 [debug    ] detection_signal               entropy=1.353 pid=21000 trigger=hard_trigger
2026-06-08 15:46:38 [debug    ] detection_signal               entropy=1.326 pid=21000 trigger=entropy
2026-06-08 15:46:38 [debug    ] detection_signal               entropy=1.371 pid=21000 trigger=novel_transition
2026-06-08 15:46:38 [debug    ] detection_signal               entropy=1.346 pid=21000 trigger=entropy
2026-06-08 15:46:38 [debug    ] detection_signal               entropy=1.321 pid=21000 trigger=entropy
2026-06-08 15:46:38 [debug    ] detection_signal               entropy=1.357 pid=21000 trigger=entropy
2026-06-08 15:46:38 [debug    ] detection_signal               entropy=1.392 pid=21000 trigger=novel_transition
2026-06-08 15:46:38 [debug    ] detection_signal               entropy=1.371 pid=21000 trigger=entropy
2026-06-08 15:46:38 [debug    ] detection_signal               entropy=1.041 pid=22000 trigger=hard_trigger
2026-06-08 15:46:38 [debug    ] detection_signal               entropy=1.0 pid=23000 trigger=hard_trigger
2026-06-08 15:46:38 [debug    ] detection_signal               entropy=0.985 pid=23000 trigger=hard_trigger
2026-06-08 15:46:38 [debug    ] detection_signal               entropy=1.312 pid=25000 trigger=hard_trigger
2026-06-08 15:46:38 [debug    ] detection_signal               entropy=1.371 pid=25000 trigger=novel_transition
2026-06-08 15:46:38 [debug    ] detection_signal               entropy=0.881 pid=26000 trigger=novel_transition
2026-06-08 15:46:38 [debug    ] detection_signal               entropy=0.918 pid=26000 trigger=novel_transition
2026-06-08 15:46:38 [debug    ] detection_signal               entropy=0.902 pid=26000 trigger=novel_transition
2026-06-08 15:46:38 [debug    ] detection_signal               entropy=0.918 pid=26000 trigger=hard_trigger
2026-06-08 15:46:38 [debug    ] detection_signal               entropy=2.189 pid=28000 trigger=hard_trigger
2026-06-08 15:46:38 [debug    ] detection_signal               entropy=1.292 pid=29000 trigger=hard_trigger
2026-06-08 15:46:38 [debug    ] detection_signal               entropy=1.357 pid=29000 trigger=novel_transition
2026-06-08 15:46:38 [debug    ] detection_signal               entropy=1.306 pid=27000 trigger=entropy
2026-06-08 15:46:38 [debug    ] detection_signal               entropy=1.293 pid=27000 trigger=entropy
2026-06-08 15:46:38 [debug    ] detection_signal               entropy=1.324 pid=27000 trigger=entropy
2026-06-08 15:46:38 [debug    ] detection_signal               entropy=1.311 pid=27000 trigger=entropy
2026-06-08 15:46:38 [debug    ] detection_signal               entropy=1.346 pid=27000 trigger=entropy
2026-06-08 15:46:38 [debug    ] detection_signal               entropy=1.346 pid=27000 trigger=entropy
2026-06-08 15:46:38 [debug    ] detection_signal               entropy=1.303 pid=27000 trigger=entropy
2026-06-08 15:46:38 [debug    ] detection_signal               entropy=1.268 pid=27000 trigger=entropy
2026-06-08 15:46:38 [debug    ] detection_signal               entropy=1.311 pid=27000 trigger=entropy
2026-06-08 15:46:38 [debug    ] detection_signal               entropy=1.311 pid=27000 trigger=entropy
2026-06-08 15:46:38 [debug    ] detection_signal               entropy=1.346 pid=27000 trigger=entropy
2026-06-08 15:46:38 [debug    ] detection_signal               entropy=1.346 pid=27000 trigger=entropy
2026-06-08 15:46:38 [debug    ] detection_signal               entropy=1.311 pid=27000 trigger=entropy
2026-06-08 15:46:38 [debug    ] detection_signal               entropy=1.311 pid=27000 trigger=entropy
2026-06-08 15:46:38 [debug    ] detection_signal               entropy=1.311 pid=27000 trigger=entropy
2026-06-08 15:46:38 [debug    ] detection_signal               entropy=1.311 pid=27000 trigger=entropy
2026-06-08 15:46:38 [debug    ] detection_signal               entropy=1.303 pid=27000 trigger=entropy
2026-06-08 15:46:38 [debug    ] detection_signal               entropy=1.268 pid=27000 trigger=entropy
2026-06-08 15:46:38 [debug    ] detection_signal               entropy=1.268 pid=27000 trigger=hard_trigger
2026-06-08 15:46:38 [debug    ] detection_signal               entropy=1.325 pid=27000 trigger=entropy
2026-06-08 15:46:38 [debug    ] detection_signal               entropy=1.4 pid=1234 trigger=hard_trigger
2026-06-08 15:46:38 [debug    ] detection_signal               entropy=1.981 pid=2001 trigger=hard_trigger
2026-06-08 15:46:38 [debug    ] detection_signal               entropy=1.834 pid=6000 trigger=hard_trigger
2026-06-08 15:46:38 [debug    ] detection_signal               entropy=0.918 pid=7000 trigger=hard_trigger
2026-06-08 15:46:38 [debug    ] detection_signal               entropy=0.89 pid=7000 trigger=hard_trigger
2026-06-08 15:46:38 [debug    ] detection_signal               entropy=1.539 pid=14000 trigger=hard_trigger
2026-06-08 15:46:38 [debug    ] detection_signal               entropy=1.34 pid=25000 trigger=novel_transition
2026-06-08 15:46:38 [debug    ] detection_signal               entropy=1.309 pid=25000 trigger=novel_transition
2026-06-08 15:46:38 [debug    ] detection_signal               entropy=1.28 pid=25000 trigger=novel_transition
2026-06-08 15:46:38 [debug    ] detection_signal               entropy=1.326 pid=25000 trigger=hard_trigger
2026-06-08 15:46:38 [debug    ] detection_signal               entropy=1.371 pid=25000 trigger=entropy
2026-06-08 15:46:38 [debug    ] detection_signal               entropy=0.918 pid=26000 trigger=hard_trigger
2026-06-08 15:46:38 [debug    ] detection_signal               entropy=1.325 pid=27000 trigger=entropy
2026-06-08 15:46:38 [debug    ] detection_signal               entropy=1.325 pid=27000 trigger=entropy
2026-06-08 15:46:38 [debug    ] detection_signal               entropy=1.369 pid=27000 trigger=entropy
2026-06-08 15:46:38 [debug    ] detection_signal               entropy=1.346 pid=27000 trigger=entropy
2026-06-08 15:46:38 [debug    ] detection_signal               entropy=1.346 pid=27000 trigger=entropy
2026-06-08 15:46:38 [debug    ] detection_signal               entropy=1.346 pid=27000 trigger=entropy
2026-06-08 15:46:38 [debug    ] detection_signal               entropy=1.303 pid=27000 trigger=entropy
2026-06-08 15:46:38 [debug    ] detection_signal               entropy=1.303 pid=27000 trigger=entropy
2026-06-08 15:46:38 [debug    ] detection_signal               entropy=1.303 pid=27000 trigger=entropy
2026-06-08 15:46:38 [debug    ] detection_signal               entropy=1.303 pid=27000 trigger=entropy
2026-06-08 15:46:38 [debug    ] detection_signal               entropy=1.303 pid=27000 trigger=entropy
2026-06-08 15:46:38 [debug    ] detection_signal               entropy=1.303 pid=27000 trigger=entropy
2026-06-08 15:46:38 [debug    ] detection_signal               entropy=1.303 pid=27000 trigger=entropy
2026-06-08 15:46:38 [debug    ] detection_signal               entropy=1.335 pid=27000 trigger=entropy
2026-06-08 15:46:38 [debug    ] detection_signal               entropy=1.303 pid=27000 trigger=entropy
2026-06-08 15:46:38 [debug    ] detection_signal               entropy=1.303 pid=27000 trigger=entropy
2026-06-08 15:46:38 [debug    ] detection_signal               entropy=1.303 pid=27000 trigger=entropy
2026-06-08 15:46:38 [debug    ] detection_signal               entropy=1.303 pid=27000 trigger=entropy
2026-06-08 15:46:38 [debug    ] detection_signal               entropy=1.303 pid=27000 trigger=hard_trigger
2026-06-08 15:46:38 [debug    ] detection_signal               entropy=1.36 pid=27000 trigger=entropy
2026-06-08 15:46:38 [debug    ] detection_signal               entropy=-0.0 pid=20000 trigger=hard_trigger
2026-06-08 15:46:38 [debug    ] detection_signal               entropy=-0.0 pid=20000 trigger=hard_trigger
2026-06-08 15:46:38 [debug    ] detection_signal               entropy=-0.0 pid=20000 trigger=hard_trigger
2026-06-08 15:46:38 [debug    ] detection_signal               entropy=-0.0 pid=20000 trigger=hard_trigger
2026-06-08 15:46:38 [debug    ] detection_signal               entropy=-0.0 pid=20000 trigger=hard_trigger
2026-06-08 15:46:38 [debug    ] detection_signal               entropy=1.35 pid=21000 trigger=entropy
2026-06-08 15:46:38 [debug    ] detection_signal               entropy=1.329 pid=21000 trigger=entropy
2026-06-08 15:46:38 [debug    ] detection_signal               entropy=1.36 pid=21000 trigger=entropy
2026-06-08 15:46:38 [debug    ] detection_signal               entropy=1.389 pid=21000 trigger=entropy
2026-06-08 15:46:38 [debug    ] detection_signal               entropy=1.371 pid=21000 trigger=entropy
2026-06-08 15:46:38 [debug    ] detection_signal               entropy=1.353 pid=21000 trigger=entropy
2026-06-08 15:46:38 [debug    ] detection_signal               entropy=1.378 pid=21000 trigger=entropy
2026-06-08 15:46:38 [debug    ] detection_signal               entropy=1.361 pid=21000 trigger=hard_trigger
2026-06-08 15:46:38 [debug    ] detection_signal               entropy=1.345 pid=21000 trigger=entropy
2026-06-08 15:46:38 [debug    ] detection_signal               entropy=1.371 pid=21000 trigger=entropy
2026-06-08 15:46:38 [debug    ] detection_signal               entropy=1.355 pid=21000 trigger=entropy
2026-06-08 15:46:38 [debug    ] detection_signal               entropy=1.34 pid=21000 trigger=entropy
2026-06-08 15:46:38 [debug    ] detection_signal               entropy=1.363 pid=21000 trigger=entropy
2026-06-08 15:46:38 [debug    ] detection_signal               entropy=1.385 pid=21000 trigger=entropy
2026-06-08 15:46:38 [debug    ] detection_signal               entropy=1.371 pid=21000 trigger=entropy
2026-06-08 15:46:38 [debug    ] detection_signal               entropy=1.054 pid=22000 trigger=hard_trigger
2026-06-08 15:46:38 [debug    ] detection_signal               entropy=1.0 pid=23000 trigger=hard_trigger
2026-06-08 15:46:38 [debug    ] detection_signal               entropy=0.994 pid=23000 trigger=hard_trigger
2026-06-08 15:46:38 [debug    ] detection_signal               entropy=1.346 pid=25000 trigger=entropy
2026-06-08 15:46:38 [debug    ] detection_signal               entropy=1.321 pid=25000 trigger=entropy
2026-06-08 15:46:38 [debug    ] detection_signal               entropy=1.297 pid=25000 trigger=entropy
2026-06-08 15:46:38 [debug    ] detection_signal               entropy=1.335 pid=25000 trigger=hard_trigger
2026-06-08 15:46:38 [debug    ] detection_signal               entropy=1.371 pid=25000 trigger=entropy
2026-06-08 15:46:38 [debug    ] detection_signal               entropy=0.918 pid=26000 trigger=hard_trigger
2026-06-08 15:46:38 [debug    ] detection_signal               entropy=2.215 pid=28000 trigger=hard_trigger
2026-06-08 15:46:38 [debug    ] detection_signal               entropy=2.253 pid=28000 trigger=novel_transition
2026-06-08 15:46:38 [debug    ] detection_signal               entropy=2.236 pid=28000 trigger=novel_transition
2026-06-08 15:46:38 [debug    ] detection_signal               entropy=1.437 pid=29000 trigger=novel_transition
2026-06-08 15:46:38 [debug    ] detection_signal               entropy=1.398 pid=29000 trigger=novel_transition
2026-06-08 15:46:38 [debug    ] detection_signal               entropy=1.36 pid=29000 trigger=novel_transition
2026-06-08 15:46:38 [debug    ] detection_signal               entropy=1.325 pid=29000 trigger=hard_trigger
2026-06-08 15:46:38 [debug    ] detection_signal               entropy=1.291 pid=29000 trigger=entropy
2026-06-08 15:46:38 [debug    ] detection_signal               entropy=1.259 pid=29000 trigger=entropy
2026-06-08 15:46:38 [debug    ] detection_signal               entropy=1.229 pid=29000 trigger=entropy
2026-06-08 15:46:38 [debug    ] detection_signal               entropy=1.2 pid=29000 trigger=entropy
2026-06-08 15:46:38 [debug    ] detection_signal               entropy=1.28 pid=29000 trigger=novel_transition
2026-06-08 15:46:38 [debug    ] detection_signal               entropy=1.357 pid=29000 trigger=entropy
2026-06-08 15:46:38 [debug    ] detection_signal               entropy=1.325 pid=27000 trigger=entropy
2026-06-08 15:46:38 [debug    ] detection_signal               entropy=1.325 pid=27000 trigger=entropy
2026-06-08 15:46:38 [debug    ] detection_signal               entropy=1.369 pid=27000 trigger=entropy
2026-06-08 15:46:38 [debug    ] detection_signal               entropy=1.311 pid=27000 trigger=entropy
2026-06-08 15:46:38 [debug    ] detection_signal               entropy=1.346 pid=27000 trigger=entropy
2026-06-08 15:46:38 [debug    ] detection_signal               entropy=1.346 pid=27000 trigger=entropy
2026-06-08 15:46:38 [debug    ] detection_signal               entropy=1.303 pid=27000 trigger=entropy
2026-06-08 15:46:38 [debug    ] detection_signal               entropy=1.268 pid=27000 trigger=entropy
2026-06-08 15:46:38 [debug    ] detection_signal               entropy=1.311 pid=27000 trigger=entropy
2026-06-08 15:46:38 [debug    ] detection_signal               entropy=1.311 pid=27000 trigger=entropy
2026-06-08 15:46:38 [debug    ] detection_signal               entropy=1.346 pid=27000 trigger=entropy
2026-06-08 15:46:38 [debug    ] detection_signal               entropy=1.346 pid=27000 trigger=entropy
2026-06-08 15:46:38 [debug    ] detection_signal               entropy=1.311 pid=27000 trigger=entropy
2026-06-08 15:46:38 [debug    ] detection_signal               entropy=1.311 pid=27000 trigger=entropy
2026-06-08 15:46:38 [debug    ] detection_signal               entropy=1.311 pid=27000 trigger=entropy
2026-06-08 15:46:38 [debug    ] detection_signal               entropy=1.311 pid=27000 trigger=entropy
2026-06-08 15:46:38 [debug    ] detection_signal               entropy=1.303 pid=27000 trigger=entropy
2026-06-08 15:46:38 [debug    ] detection_signal               entropy=1.268 pid=27000 trigger=entropy
2026-06-08 15:46:38 [debug    ] detection_signal               entropy=1.268 pid=27000 trigger=hard_trigger
2026-06-08 15:46:38 [debug    ] detection_signal               entropy=1.325 pid=27000 trigger=entropy
2026-06-08 15:46:38 [debug    ] detection_signal               entropy=1.406 pid=1234 trigger=entropy
2026-06-08 15:46:38 [debug    ] detection_signal               entropy=1.418 pid=1234 trigger=hard_trigger
2026-06-08 15:46:38 [debug    ] detection_signal               entropy=1.423 pid=1234 trigger=novel_transition
2026-06-08 15:46:38 [debug    ] detection_signal               entropy=1.478 pid=1234 trigger=novel_transition
2026-06-08 15:46:38 [debug    ] detection_signal               entropy=1.459 pid=1234 trigger=novel_transition
2026-06-08 15:46:38 [debug    ] detection_signal               entropy=1.99 pid=2001 trigger=hard_trigger
2026-06-08 15:46:38 [debug    ] detection_signal               entropy=1.458 pid=4000 trigger=entropy
2026-06-08 15:46:38 [debug    ] detection_signal               entropy=1.441 pid=4000 trigger=novel_transition
2026-06-08 15:46:38 [debug    ] detection_signal               entropy=1.423 pid=4000 trigger=novel_transition
2026-06-08 15:46:38 [debug    ] detection_signal               entropy=1.403 pid=4000 trigger=entropy
2026-06-08 15:46:38 [debug    ] detection_signal               entropy=1.459 pid=4000 trigger=novel_transition
2026-06-08 15:46:38 [debug    ] detection_signal               entropy=1.441 pid=5000 trigger=novel_transition
2026-06-08 15:46:38 [debug    ] detection_signal               entropy=1.494 pid=5000 trigger=novel_transition
2026-06-08 15:46:38 [debug    ] detection_signal               entropy=1.473 pid=5000 trigger=novel_transition
2026-06-08 15:46:38 [debug    ] detection_signal               entropy=1.478 pid=5000 trigger=novel_transition
2026-06-08 15:46:38 [debug    ] detection_signal               entropy=1.459 pid=5000 trigger=novel_transition
2026-06-08 15:46:38 [debug    ] detection_signal               entropy=1.825 pid=6000 trigger=hard_trigger
2026-06-08 15:46:38 [debug    ] detection_signal               entropy=1.785 pid=6000 trigger=entropy
2026-06-08 15:46:38 [debug    ] detection_signal               entropy=1.746 pid=6000 trigger=novel_transition
2026-06-08 15:46:38 [debug    ] detection_signal               entropy=1.708 pid=6000 trigger=entropy
2026-06-08 15:46:38 [debug    ] detection_signal               entropy=1.751 pid=6000 trigger=novel_transition
2026-06-08 15:46:38 [debug    ] detection_signal               entropy=1.792 pid=6000 trigger=entropy
2026-06-08 15:46:38 [debug    ] detection_signal               entropy=0.937 pid=7000 trigger=hard_trigger
2026-06-08 15:46:38 [debug    ] detection_signal               entropy=0.918 pid=7000 trigger=hard_trigger
2026-06-08 15:46:38 [debug    ] detection_signal               entropy=0.971 pid=7000 trigger=novel_transition
2026-06-08 15:46:38 [debug    ] detection_signal               entropy=1.53 pid=14000 trigger=hard_trigger
2026-06-08 15:46:38 [debug    ] detection_signal               entropy=1.441 pid=8000 trigger=novel_transition
2026-06-08 15:46:38 [debug    ] detection_signal               entropy=1.418 pid=8000 trigger=novel_transition
2026-06-08 15:46:38 [debug    ] detection_signal               entropy=1.473 pid=8000 trigger=novel_transition
2026-06-08 15:46:38 [debug    ] detection_signal               entropy=1.478 pid=8000 trigger=novel_transition
2026-06-08 15:46:38 [debug    ] detection_signal               entropy=1.459 pid=8000 trigger=entropy
2026-06-08 15:46:38 [debug    ] detection_signal               entropy=1.513 pid=9000 trigger=novel_transition
2026-06-08 15:46:38 [debug    ] detection_signal               entropy=1.494 pid=9000 trigger=novel_transition
2026-06-08 15:46:38 [debug    ] detection_signal               entropy=1.495 pid=9000 trigger=novel_transition
2026-06-08 15:46:38 [debug    ] detection_signal               entropy=1.478 pid=9000 trigger=novel_transition
2026-06-08 15:46:38 [debug    ] detection_signal               entropy=1.459 pid=9000 trigger=novel_transition
2026-06-08 15:46:38 [debug    ] detection_signal               entropy=1.522 pid=10000 trigger=novel_transition
2026-06-08 15:46:38 [debug    ] detection_signal               entropy=1.35 pid=25000 trigger=entropy
2026-06-08 15:46:38 [debug    ] detection_signal               entropy=1.329 pid=25000 trigger=entropy
2026-06-08 15:46:38 [debug    ] detection_signal               entropy=1.309 pid=25000 trigger=entropy
2026-06-08 15:46:38 [debug    ] detection_signal               entropy=1.34 pid=25000 trigger=hard_trigger
2026-06-08 15:46:38 [debug    ] detection_signal               entropy=1.371 pid=25000 trigger=entropy
2026-06-08 15:46:38 [debug    ] detection_signal               entropy=0.918 pid=26000 trigger=hard_trigger
2026-06-08 15:46:38 [debug    ] detection_signal               entropy=1.325 pid=27000 trigger=entropy
2026-06-08 15:46:38 [debug    ] detection_signal               entropy=1.325 pid=27000 trigger=entropy
2026-06-08 15:46:38 [debug    ] detection_signal               entropy=1.369 pid=27000 trigger=entropy
2026-06-08 15:46:38 [debug    ] detection_signal               entropy=1.346 pid=27000 trigger=entropy
2026-06-08 15:46:38 [debug    ] detection_signal               entropy=1.346 pid=27000 trigger=entropy
2026-06-08 15:46:38 [debug    ] detection_signal               entropy=1.346 pid=27000 trigger=entropy
2026-06-08 15:46:38 [debug    ] detection_signal               entropy=1.303 pid=27000 trigger=entropy
2026-06-08 15:46:38 [debug    ] detection_signal               entropy=1.303 pid=27000 trigger=entropy
2026-06-08 15:46:38 [debug    ] detection_signal               entropy=1.303 pid=27000 trigger=entropy
2026-06-08 15:46:38 [debug    ] detection_signal               entropy=1.303 pid=27000 trigger=entropy
2026-06-08 15:46:38 [debug    ] detection_signal               entropy=1.303 pid=27000 trigger=entropy
2026-06-08 15:46:38 [debug    ] detection_signal               entropy=1.303 pid=27000 trigger=entropy
2026-06-08 15:46:38 [debug    ] detection_signal               entropy=1.303 pid=27000 trigger=entropy
2026-06-08 15:46:38 [debug    ] detection_signal               entropy=1.335 pid=27000 trigger=entropy
2026-06-08 15:46:38 [debug    ] detection_signal               entropy=1.303 pid=27000 trigger=entropy
2026-06-08 15:46:38 [debug    ] detection_signal               entropy=1.303 pid=27000 trigger=entropy
2026-06-08 15:46:38 [debug    ] detection_signal               entropy=1.303 pid=27000 trigger=entropy
2026-06-08 15:46:38 [debug    ] detection_signal               entropy=1.303 pid=27000 trigger=entropy
2026-06-08 15:46:38 [debug    ] detection_signal               entropy=1.303 pid=27000 trigger=hard_trigger
2026-06-08 15:46:38 [debug    ] detection_signal               entropy=1.36 pid=27000 trigger=entropy
2026-06-08 15:46:38 [debug    ] detection_signal               entropy=-0.0 pid=20000 trigger=hard_trigger
2026-06-08 15:46:38 [debug    ] detection_signal               entropy=-0.0 pid=20000 trigger=novel_transition
2026-06-08 15:46:38 [debug    ] detection_signal               entropy=-0.0 pid=20000 trigger=hard_trigger
2026-06-08 15:46:38 [debug    ] detection_signal               entropy=-0.0 pid=20000 trigger=hard_trigger
2026-06-08 15:46:38 [debug    ] detection_signal               entropy=-0.0 pid=20000 trigger=hard_trigger
2026-06-08 15:46:38 [debug    ] detection_signal               entropy=-0.0 pid=20000 trigger=hard_trigger
2026-06-08 15:46:38 [debug    ] detection_signal               entropy=1.357 pid=21000 trigger=entropy
2026-06-08 15:46:38 [debug    ] detection_signal               entropy=1.343 pid=21000 trigger=entropy
2026-06-08 15:46:38 [debug    ] detection_signal               entropy=1.364 pid=21000 trigger=entropy
2026-06-08 15:46:38 [debug    ] detection_signal               entropy=1.384 pid=21000 trigger=entropy
2026-06-08 15:46:38 [debug    ] detection_signal               entropy=1.371 pid=21000 trigger=entropy
2026-06-08 15:46:38 [debug    ] detection_signal               entropy=1.358 pid=21000 trigger=entropy
2026-06-08 15:46:38 [debug    ] detection_signal               entropy=1.376 pid=21000 trigger=entropy
2026-06-08 15:46:38 [debug    ] detection_signal               entropy=1.364 pid=21000 trigger=hard_trigger
2026-06-08 15:46:38 [debug    ] detection_signal               entropy=1.352 pid=21000 trigger=entropy
2026-06-08 15:46:38 [debug    ] detection_signal               entropy=1.371 pid=21000 trigger=entropy
2026-06-08 15:46:38 [debug    ] detection_signal               entropy=1.359 pid=21000 trigger=entropy
2026-06-08 15:46:38 [debug    ] detection_signal               entropy=1.348 pid=21000 trigger=entropy
2026-06-08 15:46:38 [debug    ] detection_signal               entropy=1.365 pid=21000 trigger=entropy
2026-06-08 15:46:38 [debug    ] detection_signal               entropy=1.382 pid=21000 trigger=entropy
2026-06-08 15:46:38 [debug    ] detection_signal               entropy=1.371 pid=21000 trigger=entropy
2026-06-08 15:46:38 [debug    ] detection_signal               entropy=1.058 pid=22000 trigger=hard_trigger
2026-06-08 15:46:38 [debug    ] detection_signal               entropy=1.0 pid=23000 trigger=hard_trigger
2026-06-08 15:46:38 [debug    ] detection_signal               entropy=0.997 pid=23000 trigger=hard_trigger
2026-06-08 15:46:38 [debug    ] detection_signal               entropy=1.353 pid=25000 trigger=entropy
2026-06-08 15:46:38 [debug    ] detection_signal               entropy=1.335 pid=25000 trigger=entropy
2026-06-08 15:46:38 [debug    ] detection_signal               entropy=1.318 pid=25000 trigger=entropy
2026-06-08 15:46:38 [debug    ] detection_signal               entropy=1.345 pid=25000 trigger=hard_trigger
2026-06-08 15:46:38 [debug    ] detection_signal               entropy=1.371 pid=25000 trigger=entropy
2026-06-08 15:46:38 [debug    ] detection_signal               entropy=0.918 pid=26000 trigger=hard_trigger
2026-06-08 15:46:38 [debug    ] detection_signal               entropy=2.213 pid=28000 trigger=novel_transition
2026-06-08 15:46:38 [debug    ] detection_signal               entropy=2.234 pid=28000 trigger=novel_transition
2026-06-08 15:46:38 [debug    ] detection_signal               entropy=2.218 pid=28000 trigger=novel_transition
2026-06-08 15:46:38 [debug    ] detection_signal               entropy=2.242 pid=28000 trigger=novel_transition
2026-06-08 15:46:38 [debug    ] detection_signal               entropy=2.223 pid=28000 trigger=hard_trigger
2026-06-08 15:46:38 [debug    ] detection_signal               entropy=2.249 pid=28000 trigger=entropy
2026-06-08 15:46:38 [debug    ] detection_signal               entropy=2.236 pid=28000 trigger=entropy
2026-06-08 15:46:38 [debug    ] detection_signal               entropy=1.414 pid=29000 trigger=entropy
2026-06-08 15:46:38 [debug    ] detection_signal               entropy=1.387 pid=29000 trigger=entropy
2026-06-08 15:46:38 [debug    ] detection_signal               entropy=1.361 pid=29000 trigger=entropy
2026-06-08 15:46:38 [debug    ] detection_signal               entropy=1.336 pid=29000 trigger=hard_trigger
2026-06-08 15:46:38 [debug    ] detection_signal               entropy=1.312 pid=29000 trigger=entropy
2026-06-08 15:46:38 [debug    ] detection_signal               entropy=1.289 pid=29000 trigger=entropy
2026-06-08 15:46:38 [debug    ] detection_signal               entropy=1.266 pid=29000 trigger=entropy
2026-06-08 15:46:38 [debug    ] detection_signal               entropy=1.245 pid=29000 trigger=entropy
2026-06-08 15:46:38 [debug    ] detection_signal               entropy=1.302 pid=29000 trigger=entropy
2026-06-08 15:46:38 [debug    ] detection_signal               entropy=1.357 pid=29000 trigger=entropy
2026-06-08 15:46:38 [debug    ] detection_signal               entropy=1.922 pid=30000 trigger=novel_transition
2026-06-08 15:46:38 [debug    ] detection_signal               entropy=1.325 pid=27000 trigger=entropy
2026-06-08 15:46:38 [debug    ] detection_signal               entropy=1.325 pid=27000 trigger=entropy
2026-06-08 15:46:38 [debug    ] detection_signal               entropy=1.369 pid=27000 trigger=entropy
2026-06-08 15:46:38 [debug    ] detection_signal               entropy=1.311 pid=27000 trigger=entropy
2026-06-08 15:46:38 [debug    ] detection_signal               entropy=1.346 pid=27000 trigger=entropy
2026-06-08 15:46:38 [debug    ] detection_signal               entropy=1.346 pid=27000 trigger=entropy
2026-06-08 15:46:38 [debug    ] detection_signal               entropy=1.303 pid=27000 trigger=entropy
2026-06-08 15:46:38 [debug    ] detection_signal               entropy=1.268 pid=27000 trigger=entropy
2026-06-08 15:46:38 [debug    ] detection_signal               entropy=1.311 pid=27000 trigger=entropy
2026-06-08 15:46:38 [debug    ] detection_signal               entropy=1.311 pid=27000 trigger=entropy
2026-06-08 15:46:38 [debug    ] detection_signal               entropy=1.346 pid=27000 trigger=entropy
2026-06-08 15:46:38 [debug    ] detection_signal               entropy=1.346 pid=27000 trigger=entropy
2026-06-08 15:46:38 [debug    ] detection_signal               entropy=1.311 pid=27000 trigger=entropy
2026-06-08 15:46:38 [debug    ] detection_signal               entropy=1.311 pid=27000 trigger=entropy
2026-06-08 15:46:38 [debug    ] detection_signal               entropy=1.311 pid=27000 trigger=entropy
2026-06-08 15:46:38 [debug    ] detection_signal               entropy=1.311 pid=27000 trigger=entropy
2026-06-08 15:46:38 [debug    ] detection_signal               entropy=1.303 pid=27000 trigger=entropy
2026-06-08 15:46:38 [debug    ] detection_signal               entropy=1.268 pid=27000 trigger=entropy
2026-06-08 15:46:38 [debug    ] detection_signal               entropy=1.268 pid=27000 trigger=hard_trigger
2026-06-08 15:46:38 [debug    ] detection_signal               entropy=1.325 pid=27000 trigger=entropy
2026-06-08 15:46:38 [debug    ] detection_signal               entropy=1.44 pid=1234 trigger=entropy
2026-06-08 15:46:38 [debug    ] detection_signal               entropy=1.42 pid=1234 trigger=entropy
2026-06-08 15:46:38 [debug    ] detection_signal               entropy=1.428 pid=1234 trigger=hard_trigger
2026-06-08 15:46:38 [debug    ] detection_signal               entropy=1.432 pid=1234 trigger=entropy
2026-06-08 15:46:38 [debug    ] detection_signal               entropy=1.474 pid=1234 trigger=entropy
2026-06-08 15:46:38 [debug    ] detection_signal               entropy=1.459 pid=1234 trigger=entropy
2026-06-08 15:46:38 [debug    ] detection_signal               entropy=1.994 pid=2001 trigger=hard_trigger
2026-06-08 15:46:38 [debug    ] detection_signal               entropy=2.0 pid=2001 trigger=novel_transition
2026-06-08 15:46:38 [debug    ] detection_signal               entropy=2.0 pid=3000 trigger=novel_transition
2026-06-08 15:46:38 [debug    ] detection_signal               entropy=1.462 pid=4000 trigger=entropy
2026-06-08 15:46:38 [debug    ] detection_signal               entropy=1.46 pid=4000 trigger=entropy
2026-06-08 15:46:38 [debug    ] detection_signal               entropy=1.447 pid=4000 trigger=entropy
2026-06-08 15:46:38 [debug    ] detection_signal               entropy=1.432 pid=4000 trigger=entropy
2026-06-08 15:46:38 [debug    ] detection_signal               entropy=1.416 pid=4000 trigger=entropy
2026-06-08 15:46:38 [debug    ] detection_signal               entropy=1.459 pid=4000 trigger=entropy
2026-06-08 15:46:38 [debug    ] detection_signal               entropy=1.44 pid=5000 trigger=entropy
2026-06-08 15:46:38 [debug    ] detection_signal               entropy=1.445 pid=5000 trigger=entropy
2026-06-08 15:46:38 [debug    ] detection_signal               entropy=1.487 pid=5000 trigger=entropy
2026-06-08 15:46:38 [debug    ] detection_signal               entropy=1.47 pid=5000 trigger=entropy
2026-06-08 15:46:38 [debug    ] detection_signal               entropy=1.474 pid=5000 trigger=entropy
2026-06-08 15:46:38 [debug    ] detection_signal               entropy=1.459 pid=5000 trigger=entropy
2026-06-08 15:46:38 [debug    ] detection_signal               entropy=1.819 pid=6000 trigger=hard_trigger
2026-06-08 15:46:38 [debug    ] detection_signal               entropy=1.788 pid=6000 trigger=entropy
2026-06-08 15:46:38 [debug    ] detection_signal               entropy=1.758 pid=6000 trigger=entropy
2026-06-08 15:46:38 [debug    ] detection_signal               entropy=1.728 pid=6000 trigger=entropy
2026-06-08 15:46:38 [debug    ] detection_signal               entropy=1.761 pid=6000 trigger=entropy
2026-06-08 15:46:38 [debug    ] detection_signal               entropy=1.792 pid=6000 trigger=entropy
2026-06-08 15:46:38 [debug    ] detection_signal               entropy=0.959 pid=7000 trigger=novel_transition
2026-06-08 15:46:38 [debug    ] detection_signal               entropy=0.946 pid=7000 trigger=hard_trigger
2026-06-08 15:46:38 [debug    ] detection_signal               entropy=0.932 pid=7000 trigger=hard_trigger
2026-06-08 15:46:38 [debug    ] detection_signal               entropy=1.5 pid=11000 trigger=entropy
2026-06-08 15:46:38 [debug    ] detection_signal               entropy=1.5 pid=12000 trigger=novel_transition
2026-06-08 15:46:38 [debug    ] detection_signal               entropy=1.5 pid=13000 trigger=entropy
2026-06-08 15:46:38 [debug    ] detection_signal               entropy=1.524 pid=14000 trigger=hard_trigger
2026-06-08 15:46:38 [debug    ] detection_signal               entropy=1.5 pid=14000 trigger=entropy
2026-06-08 15:46:38 [debug    ] detection_signal               entropy=1.462 pid=8000 trigger=entropy
2026-06-08 15:46:38 [debug    ] detection_signal               entropy=1.445 pid=8000 trigger=entropy
2026-06-08 15:46:38 [debug    ] detection_signal               entropy=1.428 pid=8000 trigger=entropy
2026-06-08 15:46:38 [debug    ] detection_signal               entropy=1.47 pid=8000 trigger=entropy
2026-06-08 15:46:38 [debug    ] detection_signal               entropy=1.474 pid=8000 trigger=entropy
2026-06-08 15:46:38 [debug    ] detection_signal               entropy=1.459 pid=8000 trigger=entropy
2026-06-08 15:46:38 [debug    ] detection_signal               entropy=1.462 pid=9000 trigger=novel_transition
2026-06-08 15:46:38 [debug    ] detection_signal               entropy=1.502 pid=9000 trigger=entropy
2026-06-08 15:46:38 [debug    ] detection_signal               entropy=1.487 pid=9000 trigger=entropy
2026-06-08 15:46:38 [debug    ] detection_signal               entropy=1.488 pid=9000 trigger=entropy
2026-06-08 15:46:38 [debug    ] detection_signal               entropy=1.474 pid=9000 trigger=entropy
2026-06-08 15:46:38 [debug    ] detection_signal               entropy=1.459 pid=9000 trigger=entropy
2026-06-08 15:46:38 [debug    ] detection_signal               entropy=1.554 pid=10000 trigger=novel_transition
2026-06-08 15:46:38 [debug    ] detection_signal               entropy=1.544 pid=10000 trigger=novel_transition
2026-06-08 15:46:38 [debug    ] detection_signal               entropy=1.538 pid=10000 trigger=entropy
2026-06-08 15:46:38 [debug    ] detection_signal               entropy=1.528 pid=10000 trigger=novel_transition
2026-06-08 15:46:38 [debug    ] detection_signal               entropy=1.522 pid=10000 trigger=entropy
2026-06-08 15:46:38 [debug    ] detection_signal               entropy=1.355 pid=25000 trigger=entropy
2026-06-08 15:46:38 [debug    ] detection_signal               entropy=1.34 pid=25000 trigger=entropy
2026-06-08 15:46:38 [debug    ] detection_signal               entropy=1.324 pid=25000 trigger=entropy
2026-06-08 15:46:38 [debug    ] detection_signal               entropy=1.348 pid=25000 trigger=hard_trigger
2026-06-08 15:46:38 [debug    ] detection_signal               entropy=1.371 pid=25000 trigger=entropy
2026-06-08 15:46:38 [debug    ] detection_signal               entropy=0.918 pid=26000 trigger=hard_trigger
2026-06-08 15:46:38 [debug    ] detection_signal               entropy=1.325 pid=27000 trigger=entropy
2026-06-08 15:46:38 [debug    ] detection_signal               entropy=1.325 pid=27000 trigger=entropy
2026-06-08 15:46:38 [debug    ] detection_signal               entropy=1.369 pid=27000 trigger=entropy
2026-06-08 15:46:38 [debug    ] detection_signal               entropy=1.346 pid=27000 trigger=entropy
2026-06-08 15:46:38 [debug    ] detection_signal               entropy=1.346 pid=27000 trigger=entropy
2026-06-08 15:46:38 [debug    ] detection_signal               entropy=1.346 pid=27000 trigger=entropy
2026-06-08 15:46:38 [debug    ] detection_signal               entropy=1.303 pid=27000 trigger=entropy
2026-06-08 15:46:38 [debug    ] detection_signal               entropy=1.303 pid=27000 trigger=entropy
2026-06-08 15:46:38 [debug    ] detection_signal               entropy=1.303 pid=27000 trigger=entropy
2026-06-08 15:46:38 [debug    ] detection_signal               entropy=1.303 pid=27000 trigger=entropy
2026-06-08 15:46:38 [debug    ] detection_signal               entropy=1.303 pid=27000 trigger=entropy
2026-06-08 15:46:38 [debug    ] detection_signal               entropy=1.303 pid=27000 trigger=entropy
2026-06-08 15:46:38 [debug    ] detection_signal               entropy=1.303 pid=27000 trigger=entropy
2026-06-08 15:46:38 [debug    ] detection_signal               entropy=1.335 pid=27000 trigger=entropy
2026-06-08 15:46:38 [debug    ] detection_signal               entropy=1.303 pid=27000 trigger=entropy
2026-06-08 15:46:38 [debug    ] detection_signal               entropy=1.303 pid=27000 trigger=entropy
2026-06-08 15:46:38 [debug    ] detection_signal               entropy=1.303 pid=27000 trigger=entropy
2026-06-08 15:46:38 [debug    ] detection_signal               entropy=1.303 pid=27000 trigger=entropy
2026-06-08 15:46:38 [debug    ] detection_signal               entropy=1.303 pid=27000 trigger=hard_trigger
2026-06-08 15:46:38 [debug    ] detection_signal               entropy=1.36 pid=27000 trigger=entropy
2026-06-08 15:46:38 [debug    ] detection_signal               entropy=-0.0 pid=20000 trigger=hard_trigger
2026-06-08 15:46:38 [debug    ] detection_signal               entropy=-0.0 pid=20000 trigger=hard_trigger
2026-06-08 15:46:38 [debug    ] detection_signal               entropy=-0.0 pid=20000 trigger=hard_trigger
2026-06-08 15:46:38 [debug    ] detection_signal               entropy=-0.0 pid=20000 trigger=hard_trigger
2026-06-08 15:46:38 [debug    ] detection_signal               entropy=-0.0 pid=20000 trigger=hard_trigger
2026-06-08 15:46:38 [debug    ] detection_signal               entropy=1.36 pid=21000 trigger=entropy
2026-06-08 15:46:38 [debug    ] detection_signal               entropy=1.35 pid=21000 trigger=entropy
2026-06-08 15:46:38 [debug    ] detection_signal               entropy=1.365 pid=21000 trigger=entropy
2026-06-08 15:46:38 [debug    ] detection_signal               entropy=1.381 pid=21000 trigger=entropy
2026-06-08 15:46:38 [debug    ] detection_signal               entropy=1.381 pid=21000 trigger=entropy
2026-06-08 15:46:38 [debug    ] detection_signal               entropy=1.381 pid=21000 trigger=entropy
2026-06-08 15:46:38 [debug    ] detection_signal               entropy=1.381 pid=21000 trigger=entropy
2026-06-08 15:46:38 [debug    ] detection_signal               entropy=1.355 pid=21000 trigger=hard_trigger
2026-06-08 15:46:38 [debug    ] detection_signal               entropy=1.355 pid=21000 trigger=entropy
2026-06-08 15:46:38 [debug    ] detection_signal               entropy=1.381 pid=21000 trigger=entropy
2026-06-08 15:46:38 [debug    ] detection_signal               entropy=1.355 pid=21000 trigger=entropy
2026-06-08 15:46:38 [debug    ] detection_signal               entropy=1.355 pid=21000 trigger=entropy
2026-06-08 15:46:38 [debug    ] detection_signal               entropy=1.381 pid=21000 trigger=entropy
2026-06-08 15:46:38 [debug    ] detection_signal               entropy=1.381 pid=21000 trigger=entropy
2026-06-08 15:46:38 [debug    ] detection_signal               entropy=1.381 pid=21000 trigger=entropy
2026-06-08 15:46:38 [debug    ] detection_signal               entropy=1.059 pid=22000 trigger=hard_trigger
2026-06-08 15:46:38 [debug    ] detection_signal               entropy=1.0 pid=23000 trigger=hard_trigger
2026-06-08 15:46:38 [debug    ] detection_signal               entropy=0.998 pid=23000 trigger=hard_trigger
2026-06-08 15:46:38 [debug    ] detection_signal               entropy=1.0 pid=23000 trigger=novel_transition
2026-06-08 15:46:38 [debug    ] detection_signal               entropy=1.357 pid=25000 trigger=entropy
2026-06-08 15:46:38 [debug    ] detection_signal               entropy=1.343 pid=25000 trigger=entropy
2026-06-08 15:46:38 [debug    ] detection_signal               entropy=1.329 pid=25000 trigger=entropy
2026-06-08 15:46:38 [debug    ] detection_signal               entropy=1.35 pid=25000 trigger=hard_trigger
2026-06-08 15:46:38 [debug    ] detection_signal               entropy=1.371 pid=25000 trigger=entropy
2026-06-08 15:46:38 [debug    ] detection_signal               entropy=0.918 pid=26000 trigger=hard_trigger
2026-06-08 15:46:38 [debug    ] detection_signal               entropy=2.219 pid=28000 trigger=entropy
2026-06-08 15:46:38 [debug    ] detection_signal               entropy=2.236 pid=28000 trigger=entropy
2026-06-08 15:46:38 [debug    ] detection_signal               entropy=2.223 pid=28000 trigger=entropy
2026-06-08 15:46:38 [debug    ] detection_signal               entropy=2.241 pid=28000 trigger=entropy
2026-06-08 15:46:38 [debug    ] detection_signal               entropy=2.227 pid=28000 trigger=hard_trigger
2026-06-08 15:46:38 [debug    ] detection_signal               entropy=2.247 pid=28000 trigger=entropy
2026-06-08 15:46:38 [debug    ] detection_signal               entropy=2.236 pid=28000 trigger=entropy
2026-06-08 15:46:38 [debug    ] detection_signal               entropy=1.401 pid=29000 trigger=entropy
2026-06-08 15:46:38 [debug    ] detection_signal               entropy=1.381 pid=29000 trigger=entropy
2026-06-08 15:46:38 [debug    ] detection_signal               entropy=1.361 pid=29000 trigger=entropy
2026-06-08 15:46:38 [debug    ] detection_signal               entropy=1.341 pid=29000 trigger=hard_trigger
2026-06-08 15:46:38 [debug    ] detection_signal               entropy=1.323 pid=29000 trigger=entropy
2026-06-08 15:46:38 [debug    ] detection_signal               entropy=1.305 pid=29000 trigger=entropy
2026-06-08 15:46:38 [debug    ] detection_signal               entropy=1.287 pid=29000 trigger=entropy
2026-06-08 15:46:38 [debug    ] detection_signal               entropy=1.27 pid=29000 trigger=entropy
2026-06-08 15:46:38 [debug    ] detection_signal               entropy=1.314 pid=29000 trigger=entropy
2026-06-08 15:46:38 [debug    ] detection_signal               entropy=1.357 pid=29000 trigger=entropy
2026-06-08 15:46:38 [debug    ] detection_signal               entropy=1.935 pid=30000 trigger=entropy
2026-06-08 15:46:38 [debug    ] detection_signal               entropy=1.908 pid=30000 trigger=entropy
2026-06-08 15:46:38 [debug    ] detection_signal               entropy=1.879 pid=30000 trigger=entropy
2026-06-08 15:46:38 [debug    ] detection_signal               entropy=1.9 pid=30000 trigger=entropy
2026-06-08 15:46:38 [debug    ] detection_signal               entropy=1.922 pid=30000 trigger=entropy
2026-06-08 15:46:38 [debug    ] detection_signal               entropy=1.325 pid=27000 trigger=entropy
2026-06-08 15:46:38 [debug    ] detection_signal               entropy=1.325 pid=27000 trigger=entropy
2026-06-08 15:46:38 [debug    ] detection_signal               entropy=1.369 pid=27000 trigger=entropy
2026-06-08 15:46:38 [debug    ] detection_signal               entropy=1.311 pid=27000 trigger=entropy
2026-06-08 15:46:38 [debug    ] detection_signal               entropy=1.346 pid=27000 trigger=entropy
2026-06-08 15:46:38 [debug    ] detection_signal               entropy=1.346 pid=27000 trigger=entropy
2026-06-08 15:46:38 [debug    ] detection_signal               entropy=1.303 pid=27000 trigger=entropy
2026-06-08 15:46:38 [debug    ] detection_signal               entropy=1.268 pid=27000 trigger=entropy
2026-06-08 15:46:38 [debug    ] detection_signal               entropy=1.311 pid=27000 trigger=entropy
2026-06-08 15:46:38 [debug    ] detection_signal               entropy=1.311 pid=27000 trigger=entropy
2026-06-08 15:46:38 [debug    ] detection_signal               entropy=1.346 pid=27000 trigger=entropy
2026-06-08 15:46:38 [debug    ] detection_signal               entropy=1.346 pid=27000 trigger=entropy
2026-06-08 15:46:38 [debug    ] detection_signal               entropy=1.311 pid=27000 trigger=entropy
2026-06-08 15:46:38 [debug    ] detection_signal               entropy=1.311 pid=27000 trigger=entropy
2026-06-08 15:46:38 [debug    ] detection_signal               entropy=1.311 pid=27000 trigger=entropy
2026-06-08 15:46:38 [debug    ] detection_signal               entropy=1.311 pid=27000 trigger=entropy
2026-06-08 15:46:38 [debug    ] detection_signal               entropy=1.303 pid=27000 trigger=entropy
2026-06-08 15:46:38 [debug    ] detection_signal               entropy=1.268 pid=27000 trigger=entropy
2026-06-08 15:46:38 [debug    ] detection_signal               entropy=1.268 pid=27000 trigger=hard_trigger
2026-06-08 15:46:38 [debug    ] detection_signal               entropy=1.325 pid=27000 trigger=entropy
2026-06-08 15:46:38 [debug    ] detection_signal               entropy=1.444 pid=1234 trigger=entropy
2026-06-08 15:46:38 [debug    ] detection_signal               entropy=1.428 pid=1234 trigger=entropy
2026-06-08 15:46:38 [debug    ] detection_signal               entropy=1.434 pid=1234 trigger=hard_trigger
2026-06-08 15:46:38 [debug    ] detection_signal               entropy=1.437 pid=1234 trigger=entropy
2026-06-08 15:46:38 [debug    ] detection_signal               entropy=1.472 pid=1234 trigger=entropy
2026-06-08 15:46:38 [debug    ] detection_signal               entropy=1.459 pid=1234 trigger=entropy
2026-06-08 15:46:38 [debug    ] detection_signal               entropy=1.995 pid=2001 trigger=novel_transition
2026-06-08 15:46:38 [debug    ] detection_signal               entropy=1.994 pid=2001 trigger=novel_transition
2026-06-08 15:46:38 [debug    ] detection_signal               entropy=1.996 pid=2001 trigger=hard_trigger
2026-06-08 15:46:38 [debug    ] detection_signal               entropy=2.0 pid=2001 trigger=entropy
2026-06-08 15:46:38 [debug    ] detection_signal               entropy=1.995 pid=3000 trigger=novel_transition
2026-06-08 15:46:38 [debug    ] detection_signal               entropy=1.994 pid=3000 trigger=novel_transition
2026-06-08 15:46:38 [debug    ] detection_signal               entropy=1.996 pid=3000 trigger=novel_transition
2026-06-08 15:46:38 [debug    ] detection_signal               entropy=2.0 pid=3000 trigger=entropy
2026-06-08 15:46:38 [debug    ] detection_signal               entropy=1.462 pid=4000 trigger=entropy
2026-06-08 15:46:38 [debug    ] detection_signal               entropy=1.461 pid=4000 trigger=entropy
2026-06-08 15:46:38 [debug    ] detection_signal               entropy=1.45 pid=4000 trigger=entropy
2026-06-08 15:46:38 [debug    ] detection_signal               entropy=1.437 pid=4000 trigger=entropy
2026-06-08 15:46:38 [debug    ] detection_signal               entropy=1.424 pid=4000 trigger=entropy
2026-06-08 15:46:38 [debug    ] detection_signal               entropy=1.459 pid=4000 trigger=entropy
2026-06-08 15:46:38 [debug    ] detection_signal               entropy=1.444 pid=5000 trigger=entropy
2026-06-08 15:46:38 [debug    ] detection_signal               entropy=1.448 pid=5000 trigger=entropy
2026-06-08 15:46:38 [debug    ] detection_signal               entropy=1.482 pid=5000 trigger=entropy
2026-06-08 15:46:38 [debug    ] detection_signal               entropy=1.468 pid=5000 trigger=entropy
2026-06-08 15:46:38 [debug    ] detection_signal               entropy=1.472 pid=5000 trigger=entropy
2026-06-08 15:46:38 [debug    ] detection_signal               entropy=1.459 pid=5000 trigger=entropy
2026-06-08 15:46:38 [debug    ] detection_signal               entropy=1.814 pid=6000 trigger=hard_trigger
2026-06-08 15:46:38 [debug    ] detection_signal               entropy=1.79 pid=6000 trigger=entropy
2026-06-08 15:46:38 [debug    ] detection_signal               entropy=1.765 pid=6000 trigger=entropy
2026-06-08 15:46:38 [debug    ] detection_signal               entropy=1.741 pid=6000 trigger=entropy
2026-06-08 15:46:38 [debug    ] detection_signal               entropy=1.767 pid=6000 trigger=entropy
2026-06-08 15:46:38 [debug    ] detection_signal               entropy=1.792 pid=6000 trigger=entropy
2026-06-08 15:46:38 [debug    ] detection_signal               entropy=0.951 pid=7000 trigger=hard_trigger
2026-06-08 15:46:38 [debug    ] detection_signal               entropy=0.94 pid=7000 trigger=hard_trigger
2026-06-08 15:46:38 [debug    ] detection_signal               entropy=1.475 pid=11000 trigger=entropy
25,665 events/s  (signal_rate=52.9%)
▶  Memory baseline                   ... Δ=0.0MB  (after=48.1MB RSS)
▶  E2E pipeline (100 events)          ... 2026-06-08 15:46:38 [info     ] agent_pipeline_started         tasks=['analyzer', 'auditor']
2026-06-08 15:46:38 [debug    ] detection_signal               entropy=0.918 pid=1234 trigger=hard_trigger
2026-06-08 15:46:38 [debug    ] detection_signal               entropy=1.585 pid=2001 trigger=hard_trigger
2026-06-08 15:46:38 [debug    ] detection_signal               entropy=-0.0 pid=6000 trigger=hard_trigger
2026-06-08 15:46:38 [debug    ] detection_signal               entropy=-0.0 pid=7000 trigger=hard_trigger
2026-06-08 15:46:38 [debug    ] detection_signal               entropy=-0.0 pid=7000 trigger=hard_trigger
2026-06-08 15:46:38 [debug    ] detection_signal               entropy=1.585 pid=14000 trigger=hard_trigger
2026-06-08 15:46:38 [debug    ] detection_signal               entropy=0.811 pid=25000 trigger=hard_trigger
2026-06-08 15:46:38 [debug    ] detection_signal               entropy=0.918 pid=26000 trigger=hard_trigger
2026-06-08 15:46:38 [debug    ] analysis_complete              conf=0.55 label=MALICIOUS llm_ms=0.1 pid=1234 trigger=hard_trigger
2026-06-08 15:46:38 [debug    ] analysis_complete              conf=0.55 label=MALICIOUS llm_ms=0.1 pid=2001 trigger=hard_trigger
2026-06-08 15:46:38 [debug    ] analysis_complete              conf=1.0 label=BENIGN llm_ms=0.0 pid=6000 trigger=hard_trigger
2026-06-08 15:46:38 [debug    ] analysis_complete              conf=1.0 label=BENIGN llm_ms=0.0 pid=7000 trigger=hard_trigger
2026-06-08 15:46:38 [debug    ] analysis_complete              conf=1.0 label=BENIGN llm_ms=0.0 pid=7000 trigger=hard_trigger
2026-06-08 15:46:38 [debug    ] analysis_complete              conf=0.55 label=MALICIOUS llm_ms=0.1 pid=14000 trigger=hard_trigger
2026-06-08 15:46:38 [debug    ] analysis_complete              conf=0.55 label=MALICIOUS llm_ms=0.0 pid=25000 trigger=hard_trigger
2026-06-08 15:46:38 [debug    ] analysis_complete              conf=0.55 label=MALICIOUS llm_ms=0.1 pid=26000 trigger=hard_trigger
2026-06-08 15:46:38 [debug    ] cove_complete                  comm=cat cove_ms=0.31 draft_label=MALICIOUS exp_score=0.0 final_label=MALICIOUS hal_rate=0.0 pid=1234 total=0 verified=0
2026-06-08 15:46:38 [warning  ] enforcement_signal_dryrun      comm=cat pid=1234 signal=<Signals.SIGKILL: 9>
2026-06-08 15:46:38 [info     ] cwae_decision                  comm=cat confidence=0.55 dry_run=True label=MALICIOUS latency_us=269.55 mitre_ttps=['T1003'] pid=1234 tier=KILL
2026-06-08 15:46:38 [info     ] audit_complete                 confidence=0.55 exp_score=0.0 label=MALICIOUS ltl_violations=0 pid=1234 tier=KILL
2026-06-08 15:46:38 [debug    ] cove_complete                  comm=sh cove_ms=0.03 draft_label=MALICIOUS exp_score=0.0 final_label=MALICIOUS hal_rate=0.0 pid=2001 total=0 verified=0
2026-06-08 15:46:38 [warning  ] enforcement_signal_dryrun      comm=sh pid=2001 signal=<Signals.SIGKILL: 9>
2026-06-08 15:46:38 [info     ] cwae_decision                  comm=sh confidence=0.55 dry_run=True label=MALICIOUS latency_us=259.6 mitre_ttps=['T1003'] pid=2001 tier=KILL
2026-06-08 15:46:38 [info     ] audit_complete                 confidence=0.55 exp_score=0.0 label=MALICIOUS ltl_violations=0 pid=2001 tier=KILL
2026-06-08 15:46:38 [debug    ] cove_complete                  comm=bash cove_ms=0.02 draft_label=BENIGN exp_score=0.0 final_label=BENIGN hal_rate=0.0 pid=6000 total=0 verified=0
2026-06-08 15:46:38 [info     ] audit_complete                 confidence=0.0 exp_score=0.0 label=BENIGN ltl_violations=0 pid=6000 tier=LOG_ONLY
2026-06-08 15:46:38 [debug    ] cove_complete                  comm=python3 cove_ms=0.03 draft_label=BENIGN exp_score=0.0 final_label=BENIGN hal_rate=0.0 pid=7000 total=0 verified=0
2026-06-08 15:46:38 [info     ] audit_complete                 confidence=0.0 exp_score=0.0 label=BENIGN ltl_violations=0 pid=7000 tier=LOG_ONLY
2026-06-08 15:46:38 [debug    ] cove_complete                  comm=python3 cove_ms=0.03 draft_label=BENIGN exp_score=0.0 final_label=BENIGN hal_rate=0.0 pid=7000 total=0 verified=0
2026-06-08 15:46:38 [info     ] audit_complete                 confidence=0.0 exp_score=0.0 label=BENIGN ltl_violations=0 pid=7000 tier=LOG_ONLY
2026-06-08 15:46:38 [debug    ] cove_complete                  comm=bash cove_ms=0.03 draft_label=MALICIOUS exp_score=0.0 final_label=MALICIOUS hal_rate=0.0 pid=14000 total=0 verified=0
2026-06-08 15:46:38 [warning  ] enforcement_signal_dryrun      comm=bash pid=14000 signal=<Signals.SIGKILL: 9>
2026-06-08 15:46:38 [info     ] cwae_decision                  comm=bash confidence=0.55 dry_run=True label=MALICIOUS latency_us=312.29 mitre_ttps=['T1003'] pid=14000 tier=KILL
2026-06-08 15:46:38 [info     ] audit_complete                 confidence=0.55 exp_score=0.0 label=MALICIOUS ltl_violations=0 pid=14000 tier=KILL
2026-06-08 15:46:38 [debug    ] cove_complete                  comm=cat cove_ms=0.03 draft_label=MALICIOUS exp_score=0.0 final_label=MALICIOUS hal_rate=0.0 pid=25000 total=0 verified=0
2026-06-08 15:46:38 [warning  ] enforcement_signal_dryrun      comm=cat pid=25000 signal=<Signals.SIGKILL: 9>
2026-06-08 15:46:38 [info     ] cwae_decision                  comm=cat confidence=0.55 dry_run=True label=MALICIOUS latency_us=311.96 mitre_ttps=['T1003'] pid=25000 tier=KILL
2026-06-08 15:46:38 [info     ] audit_complete                 confidence=0.55 exp_score=0.0 label=MALICIOUS ltl_violations=0 pid=25000 tier=KILL
2026-06-08 15:46:38 [debug    ] cove_complete                  comm=cat cove_ms=0.03 draft_label=MALICIOUS exp_score=0.0 final_label=MALICIOUS hal_rate=0.0 pid=26000 total=0 verified=0
2026-06-08 15:46:38 [warning  ] enforcement_signal_dryrun      comm=cat pid=26000 signal=<Signals.SIGKILL: 9>
2026-06-08 15:46:38 [info     ] cwae_decision                  comm=cat confidence=0.55 dry_run=True label=MALICIOUS latency_us=293.48 mitre_ttps=['T1003'] pid=26000 tier=KILL
2026-06-08 15:46:38 [info     ] audit_complete                 confidence=0.55 exp_score=0.0 label=MALICIOUS ltl_violations=0 pid=26000 tier=KILL
2026-06-08 15:46:38 [info     ] agent_pipeline_stopped
push=1.02ms  total=51.65ms  audited=13

============================================================
Summary (for paper Table III: System Overhead)
============================================================
  IPG latency (p50/p99):          0.184 / 0.306 ms
  Mock classifier (p50/p99):      0.013 / 0.021 ms
  CWAE enforce (p50/p99):         0.888 / 0.932 ms
  Detector throughput:            25,665 events/s
  Memory delta:                   0.0 MB

  NOTE: Ollama LLM latency measured separately on Hetzner CAX11 ARM64 hardware.
        Expected: p50≈3.6s (HTTP API for 8B models), p50<100ms (native llama.cpp).
============================================================


Summary JSON (with provenance) written to results/evaluations_gcp/overhead_gcp.json

════════════════════════════════════════
▶ ipg-token-reduction  2026-06-08 15:46:38 UTC
════════════════════════════════════════
Traceback (most recent call last):
  File "/home/sentinel/Paper1_ZeroTrustAgent/src/python/measure_ipg_token_reduction.py", line 24, in <module>
    import tiktoken
ModuleNotFoundError: No module named 'tiktoken'
Tokenizer: tiktoken cl100k_base
Baseline:  raw strace text (what LLM receives without IPG)
Traces:    95 strace-format files (of 105 total)

window=20:
  File                                   Raw    IPG  Reduction
  --------------------------------------------------------------
  attack_T1003_T1071.log                1092    504     53.8%  [ATTACK]
  attack_T1041_exfil.log                1106    504     54.4%  [ATTACK]
  attack_T1055_ptrace.log               1119    485     56.7%  [ATTACK]
  attack_T1059_scripted.log             1105    482     56.4%  [ATTACK]
  attack_T1562_evasion.log              1103    375     66.0%  [ATTACK]
  attack_ext_001.log                    1161    282     75.7%  [ATTACK]
  attack_ext_002.log                    1119    282     74.8%  [ATTACK]
  attack_ext_003.log                    1126    282     75.0%  [ATTACK]
  attack_ext_004.log                    1111    282     74.6%  [ATTACK]
  attack_ext_005.log                    1134    282     75.1%  [ATTACK]
  attack_ext_006.log                    1119    282     74.8%  [ATTACK]
  attack_ext_007.log                    1137    282     75.2%  [ATTACK]
  attack_ext_008.log                    1114    282     74.7%  [ATTACK]
  attack_ext_009.log                    1111    282     74.6%  [ATTACK]
  attack_ext_010.log                    1134    282     75.1%  [ATTACK]
  attack_ext_011.log                    1146    282     75.4%  [ATTACK]
  attack_ext_012.log                    1130    282     75.0%  [ATTACK]
  attack_ext_013.log                    1109    282     74.6%  [ATTACK]
  attack_ext_014.log                    1161    282     75.7%  [ATTACK]
  attack_ext_015.log                    1103    282     74.4%  [ATTACK]
  attack_ext_016.log                    1110    282     74.6%  [ATTACK]
  attack_ext_017.log                    1131    282     75.1%  [ATTACK]
  attack_ext_018.log                    1095    282     74.2%  [ATTACK]
  attack_ext_019.log                    1121    282     74.8%  [ATTACK]
  attack_ext_020.log                    1107    282     74.5%  [ATTACK]
  attack_ext_021.log                    1149    282     75.5%  [ATTACK]
  attack_ext_022.log                    1139    282     75.2%  [ATTACK]
  attack_ext_023.log                    1118    282     74.8%  [ATTACK]
  attack_ext_024.log                    1187    282     76.2%  [ATTACK]
  attack_ext_025.log                    1112    282     74.6%  [ATTACK]
  attack_ext_026.log                    1129    282     75.0%  [ATTACK]
  attack_ext_027.log                    1149    282     75.5%  [ATTACK]
  attack_ext_028.log                    1138    282     75.2%  [ATTACK]
  attack_ext_029.log                    1093    282     74.2%  [ATTACK]
  attack_ext_030.log                    1122    282     74.9%  [ATTACK]
  attack_ext_031.log                    1117    282     74.8%  [ATTACK]
  attack_ext_032.log                    1109    282     74.6%  [ATTACK]
  attack_ext_033.log                    1134    282     75.1%  [ATTACK]
  attack_ext_034.log                    1103    282     74.4%  [ATTACK]
  attack_ext_035.log                    1129    282     75.0%  [ATTACK]
  attack_ext_036.log                    1088    282     74.1%  [ATTACK]
  attack_ext_037.log                    1140    282     75.3%  [ATTACK]
  attack_ext_038.log                    1148    282     75.4%  [ATTACK]
  attack_ext_039.log                    1120    282     74.8%  [ATTACK]
  attack_ext_040.log                    1109    282     74.6%  [ATTACK]
  attack_ext_041.log                    1139    282     75.2%  [ATTACK]
  attack_ext_042.log                    1148    282     75.4%  [ATTACK]
  benign_ext_001.log                    1139    282     75.2%  [BENIGN]
  benign_ext_002.log                    1078    282     73.8%  [BENIGN]
  benign_ext_003.log                    1132    282     75.1%  [BENIGN]
  benign_ext_004.log                    1159    282     75.7%  [BENIGN]
  benign_ext_005.log                    1092    282     74.2%  [BENIGN]
  benign_ext_006.log                    1116    282     74.7%  [BENIGN]
  benign_ext_007.log                    1106    282     74.5%  [BENIGN]
  benign_ext_008.log                    1119    282     74.8%  [BENIGN]
  benign_ext_009.log                    1111    282     74.6%  [BENIGN]
  benign_ext_010.log                    1112    282     74.6%  [BENIGN]
  benign_ext_011.log                    1154    282     75.6%  [BENIGN]
  benign_ext_012.log                    1112    282     74.6%  [BENIGN]
  benign_ext_013.log                    1121    282     74.8%  [BENIGN]
  benign_ext_014.log                    1111    282     74.6%  [BENIGN]
  benign_ext_015.log                    1142    282     75.3%  [BENIGN]
  benign_ext_016.log                    1139    282     75.2%  [BENIGN]
  benign_ext_017.log                    1101    282     74.4%  [BENIGN]
  benign_ext_018.log                    1087    282     74.1%  [BENIGN]
  benign_ext_019.log                    1134    282     75.1%  [BENIGN]
  benign_ext_020.log                    1130    282     75.0%  [BENIGN]
  benign_ext_021.log                    1111    282     74.6%  [BENIGN]
  benign_ext_022.log                    1098    282     74.3%  [BENIGN]
  benign_ext_023.log                    1097    282     74.3%  [BENIGN]
  benign_ext_024.log                    1120    282     74.8%  [BENIGN]
  benign_ext_025.log                    1094    282     74.2%  [BENIGN]
  benign_ext_026.log                    1158    282     75.6%  [BENIGN]
  benign_ext_027.log                    1126    282     75.0%  [BENIGN]
  benign_ext_028.log                    1155    282     75.6%  [BENIGN]
  benign_ext_029.log                    1130    282     75.0%  [BENIGN]
  benign_ext_030.log                    1140    282     75.3%  [BENIGN]
  benign_ext_031.log                    1092    282     74.2%  [BENIGN]
  benign_ext_032.log                    1102    282     74.4%  [BENIGN]
  benign_ext_033.log                    1124    282     74.9%  [BENIGN]
  benign_ext_034.log                    1109    282     74.6%  [BENIGN]
  benign_ext_035.log                    1096    282     74.3%  [BENIGN]
  benign_ext_036.log                    1118    282     74.8%  [BENIGN]
  benign_ext_037.log                    1128    282     75.0%  [BENIGN]
  benign_ext_038.log                    1144    282     75.3%  [BENIGN]
  benign_ext_039.log                    1113    282     74.7%  [BENIGN]
  benign_ext_040.log                    1108    282     74.5%  [BENIGN]
  benign_ext_041.log                    1106    282     74.5%  [BENIGN]
  benign_ext_042.log                    1148    282     75.4%  [BENIGN]
  benign_ext_043.log                    1116    282     74.7%  [BENIGN]
  benign_ext_044.log                    1125    282     74.9%  [BENIGN]
  benign_ext_045.log                    1133    282     75.1%  [BENIGN]
  benign_ext_046.log                    1130    282     75.0%  [BENIGN]
  benign_ext_047.log                    1156    282     75.6%  [BENIGN]
  benign_ext_048.log                    1117    282     74.8%  [BENIGN]
  --------------------------------------------------------------
  OVERALL                             106613  27730     74.0%
  avg raw=1122 tokens  avg IPG=292 tokens

full trace (all parsed events):
  File                                 Events    Raw    IPG  Reduction
  ----------------------------------------------------------------------
  attack_T1003_T1071.log                   60   5836   1030     82.4%
  attack_T1041_exfil.log                   62   5914   1060     82.1%
  attack_T1055_ptrace.log                  87   5256    740     85.9%
  attack_T1059_scripted.log                82   5383    721     86.6%
  attack_T1562_evasion.log                 18   1147    375     67.3%
  attack_ext_001.log                      170  11911   1116     90.6%
  attack_ext_002.log                      502  31066   1142     96.3%
  attack_ext_003.log                      178  11268    767     93.2%
  attack_ext_004.log                       92   6135    343     94.4%
  attack_ext_005.log                      215  14446   1811     87.5%
  attack_ext_006.log                      466  27843    857     96.9%
  attack_ext_007.log                      169  11990   1099     90.8%
  attack_ext_008.log                      170  11931   1116     90.6%
  attack_ext_009.log                      502  30827   1142     96.3%
  attack_ext_010.log                      178  11217    767     93.2%
  attack_ext_011.log                       92   6233    343     94.5%
  attack_ext_012.log                      211  14092   1247     91.2%
  attack_ext_013.log                      466  28132    857     97.0%
  attack_ext_014.log                      169  11976   1099     90.8%
  attack_ext_015.log                      170  11852   1116     90.6%
  attack_ext_016.log                      502  30697   1142     96.3%
  attack_ext_017.log                      178  11238    767     93.2%
  attack_ext_018.log                       92   6124    343     94.4%
  attack_ext_019.log                      229  15392   1786     88.4%
  attack_ext_020.log                      466  27469    857     96.9%
  attack_ext_021.log                      169  11974   1099     90.8%
  attack_ext_022.log                      170  11971   1116     90.7%
  attack_ext_023.log                      502  30747   1142     96.3%
  attack_ext_024.log                      178  11279    767     93.2%
  attack_ext_025.log                       92   6189    343     94.5%
  attack_ext_026.log                      206  14205   1735     87.8%
  attack_ext_027.log                      466  27754    857     96.9%
  attack_ext_028.log                      169  11905   1099     90.8%
  attack_ext_029.log                      170  11816   1116     90.6%
  attack_ext_030.log                      502  30471   1142     96.3%
  attack_ext_031.log                      178  11242    767     93.2%
  attack_ext_032.log                       92   6151    343     94.4%
  attack_ext_033.log                      228  15696   1744     88.9%
  attack_ext_034.log                      466  27659    857     96.9%
  attack_ext_035.log                      169  11983   1099     90.8%
  attack_ext_036.log                      170  11815   1116     90.6%
  attack_ext_037.log                      502  30929   1142     96.3%
  attack_ext_038.log                      178  11210    767     93.2%
  attack_ext_039.log                       92   6204    343     94.5%
  attack_ext_040.log                      227  15404   1822     88.2%
  attack_ext_041.log                      466  27898    857     96.9%
  attack_ext_042.log                      169  11925   1099     90.8%
  benign_ext_001.log                       46   3100    296     90.5%
  benign_ext_002.log                      107   6939    585     91.6%
  benign_ext_003.log                       89   5955    596     90.0%
  benign_ext_004.log                       57   3789    536     85.9%
  benign_ext_005.log                       88   5781    595     89.7%
  benign_ext_006.log                       87   5777    591     89.8%
  benign_ext_007.log                      109   7274   1051     85.6%
  benign_ext_008.log                       89   5854    596     89.8%
  benign_ext_009.log                      135   8776    596     93.2%
  benign_ext_010.log                       87   5803    595     89.7%
  benign_ext_011.log                       88   5899    596     89.9%
  benign_ext_012.log                       88   5819    595     89.8%
  benign_ext_013.log                       96   6257    591     90.6%
  benign_ext_014.log                       97   6149   1156     81.2%
  benign_ext_015.log                      110   7275    613     91.6%
  benign_ext_016.log                      110   7169    605     91.6%
  benign_ext_017.log                       91   5668    595     89.5%
  benign_ext_018.log                       87   5734    600     89.5%
  benign_ext_019.log                      103   6932    590     91.5%
  benign_ext_020.log                      108   7211   1066     85.2%
  benign_ext_021.log                      149   9019   1174     87.0%
  benign_ext_022.log                       88   5772    590     89.8%
  benign_ext_023.log                       89   5842    590     89.9%
  benign_ext_024.log                      103   6909   1147     83.4%
  benign_ext_025.log                      718  47044   1222     97.4%
  benign_ext_026.log                      687  37187   1151     96.9%
  benign_ext_027.log                      171  11771   1226     89.6%
  benign_ext_028.log                      192  13675   1062     92.2%
  benign_ext_029.log                      209  13742    693     95.0%
  benign_ext_030.log                      203  12892    693     94.6%
  benign_ext_031.log                      203  12857    698     94.6%
  benign_ext_032.log                      219  13967    612     95.6%
  benign_ext_033.log                       83   5216    617     88.2%
  benign_ext_034.log                      110   7022   1174     83.3%
  benign_ext_035.log                      104   6688   1264     81.1%
  benign_ext_036.log                      103   6753    693     89.7%
  benign_ext_037.log                      175  11425   1583     86.1%
  benign_ext_038.log                      377  23394   1845     92.1%
  benign_ext_039.log                      112   7038    595     91.5%
  benign_ext_040.log                      128   8022    595     92.6%
  benign_ext_041.log                      126   7750    595     92.3%
  benign_ext_042.log                      190  12072    935     92.3%
  benign_ext_043.log                      171  10403    620     94.0%
  benign_ext_044.log                       71   4559    618     86.4%
  benign_ext_045.log                       72   4634    652     85.9%
  benign_ext_046.log                       81   5139   1108     78.4%
  benign_ext_047.log                       88   5890    620     89.5%
  benign_ext_048.log                       89   5902    646     89.1%
  ----------------------------------------------------------------------
  OVERALL                                    1157547  84077     92.7%
  avg raw=12185 tokens  avg IPG=885 tokens

Summary:
  window=20 reduction: 74.0%  (range 53.9–76.2%)
  full-trace reduction: 92.7%  (range 67.3–97.4%)
  prior paper claim: 73.2%  → replace with measured 74.0% (window=20)

  Results → results/evaluations/ipg_token_reduction.json


▶ ltl-fpr-real Mon Jun  8 15:47:10 UTC 2026
▶ ltl-fpr-real Mon Jun  8 15:47:10 UTC 2026

LTL FPR on real benign traces (n_traces=55, n_windows=387):
  FPR              = 0.0  (95% CI [0.0, 0.0])
  False positives  = 0
  Axiom hits       = {}
  → results/evaluations_gcp/ltl_fpr_real_gcp.json

LTL FPR on real benign traces (n_traces=55, n_windows=387):
  FPR              = 0.0  (95% CI [0.0, 0.0])
  False positives  = 0
  Axiom hits       = {}
  → results/evaluations_gcp/ltl_fpr_real_gcp.json


▶ pcabp-real-nginx Mon Jun  8 15:47:11 UTC 2026
▶ pcabp-real-nginx Mon Jun  8 15:47:11 UTC 2026
ERROR: missing src/python/sentinel/pcabp/nginx_callsites_x86_64_gcp.pkl — run scripts/rebuild_pcabp_x86.py first
ERROR: missing src/python/sentinel/pcabp/nginx_callsites_x86_64_gcp.pkl — run scripts/rebuild_pcabp_x86.py first


▶ pcabp-real-nginx Mon Jun  8 15:47:27 UTC 2026
▶ pcabp-real-nginx Mon Jun  8 15:47:27 UTC 2026
Failed to start nginx.service: Interactive authentication required.
See system logs and 'systemctl status nginx.service' for details.
Failed to start nginx.service: Interactive authentication required.
See system logs and 'systemctl status nginx.service' for details.
Loading bloom filter: src/python/sentinel/pcabp/nginx_callsites_x86_64_gcp.pkl
  bloom built from 663 ELF-derived call-site offsets across 9 sensitive symbols

Starting nginx (if not already running) ...
Generating HTTP traffic to exercise nginx call paths ...
  nginx worker PID = 1172
Traceback (most recent call last):
Loading bloom filter: src/python/sentinel/pcabp/nginx_callsites_x86_64_gcp.pkl
  bloom built from 663 ELF-derived call-site offsets across 9 sensitive symbols

Starting nginx (if not already running) ...
Generating HTTP traffic to exercise nginx call paths ...
  nginx worker PID = 1172
Traceback (most recent call last):
  File "/home/sentinel/Paper1_ZeroTrustAgent/scripts/pcabp_real_nginx.py", line 305, in <module>
  File "/home/sentinel/Paper1_ZeroTrustAgent/scripts/pcabp_real_nginx.py", line 305, in <module>
    sys.exit(main())
    sys.exit(main())
             ^^^^^^
             ^^^^^^
  File "/home/sentinel/Paper1_ZeroTrustAgent/scripts/pcabp_real_nginx.py", line 186, in main
  File "/home/sentinel/Paper1_ZeroTrustAgent/scripts/pcabp_real_nginx.py", line 186, in main
    maps = read_maps(pid)
    maps = read_maps(pid)
           ^^^^^^^^^^^^^^
  File "/home/sentinel/Paper1_ZeroTrustAgent/scripts/pcabp_real_nginx.py", line 62, in read_maps
           ^^^^^^^^^^^^^^
  File "/home/sentinel/Paper1_ZeroTrustAgent/scripts/pcabp_real_nginx.py", line 62, in read_maps
    with open(f"/proc/{pid}/maps") as f:
    with open(f"/proc/{pid}/maps") as f:
         ^^^^^^^^^^^^^^^^^^^^^^^^^
         ^^^^^^^^^^^^^^^^^^^^^^^^^
PermissionError: [Errno 13] Permission denied: '/proc/1172/maps'
PermissionError: [Errno 13] Permission denied: '/proc/1172/maps'


▶ eval-scenarios Mon Jun  8 15:48:02 UTC 2026
▶ eval-scenarios Mon Jun  8 15:48:02 UTC 2026
Model: llama3.1:8b  URL: http://localhost:11434
--------------------------------------------------------------------------------
2026-06-08 15:48:45 [debug    ] ollama_inference               latency_ms=43125.1 model=llama3.1:8b
Model: llama3.1:8b  URL: http://localhost:11434
--------------------------------------------------------------------------------
2026-06-08 15:48:45 [debug    ] ollama_inference               latency_ms=43125.1 model=llama3.1:8b
[OK] Credential Dumping (T1003)
       Expected : MALICIOUS
       Got      : MALICIOUS  confidence=0.9800  latency=43126ms
       Reasoning: bash reads sensitive credentials (T1003), connects to external IP on unusual port (T1071 T1095), then executes /tmp/sh (T1059) — a complete credential-dump-to-C2 kill-chain.
       TTPs     : ['T1003', 'T1071', 'T1059']
       Entropy  : 1.522

2026-06-08 15:48:52 [debug    ] ollama_inference               latency_ms=6500.9 model=llama3.1:8b
[OK] Credential Dumping (T1003)
       Expected : MALICIOUS
       Got      : MALICIOUS  confidence=0.9800  latency=43126ms
       Reasoning: bash reads sensitive credentials (T1003), connects to external IP on unusual port (T1071 T1095), then executes /tmp/sh (T1059) — a complete credential-dump-to-C2 kill-chain.
       TTPs     : ['T1003', 'T1071', 'T1059']
       Entropy  : 1.522

2026-06-08 15:48:52 [debug    ] ollama_inference               latency_ms=6500.9 model=llama3.1:8b
[OK] Privilege Escalation (T1068)
       Expected : MALICIOUS
       Got      : MALICIOUS  confidence=0.9300  latency=6501ms
       Reasoning: exploit uses setuid to escalate privileges and read /etc/sudoers (T1068), then executes /bin/sh as root (T1059) and writes to cron/init script (/etc/cron.d/backdoor) for persistence.
       TTPs     : ['T1003', 'T1068', 'T1059', 'T1562']
       Entropy  : 2.322

2026-06-08 15:48:59 [debug    ] ollama_inference               latency_ms=7610.4 model=llama3.1:8b
[OK] Privilege Escalation (T1068)
       Expected : MALICIOUS
       Got      : MALICIOUS  confidence=0.9300  latency=6501ms
       Reasoning: exploit uses setuid to escalate privileges and read /etc/sudoers (T1068), then executes /bin/sh as root (T1059) and writes to cron/init script (/etc/cron.d/backdoor) for persistence.
       TTPs     : ['T1003', 'T1068', 'T1059', 'T1562']
       Entropy  : 2.322

2026-06-08 15:48:59 [debug    ] ollama_inference               latency_ms=7610.4 model=llama3.1:8b
[OK] Process Injection (T1055)
       Expected : MALICIOUS
       Got      : MALICIOUS  confidence=0.9800  latency=7611ms
       Reasoning: malware uses ptrace to inject into another process, allocates RWX memory, and connects to suspicious IP 185.220.101.1:443 — a classic malware C2 kill-chain.
       TTPs     : ['T1055', 'T1620', 'T1071']
       Entropy  : 1.585

2026-06-08 15:49:07 [debug    ] ollama_inference               latency_ms=7805.6 model=llama3.1:8b
[OK] Process Injection (T1055)
       Expected : MALICIOUS
       Got      : MALICIOUS  confidence=0.9800  latency=7611ms
       Reasoning: malware uses ptrace to inject into another process, allocates RWX memory, and connects to suspicious IP 185.220.101.1:443 — a classic malware C2 kill-chain.
       TTPs     : ['T1055', 'T1620', 'T1071']
       Entropy  : 1.585

2026-06-08 15:49:07 [debug    ] ollama_inference               latency_ms=7805.6 model=llama3.1:8b
[OK] Defense Evasion (T1562)
       Expected : MALICIOUS
       Got      : MALICIOUS  confidence=0.8500  latency=7806ms
       Reasoning: bash executes systemctl (T1059), overwrites security logs (T1562/T1070), and connects to internal IP (T1021/T1210) — a combination of suspicious system calls.
       TTPs     : ['T1059', 'T1562', 'T1070', 'T1021', 'T1210']
       Entropy  : 1.500

2026-06-08 15:49:16 [debug    ] ollama_inference               latency_ms=8352.7 model=llama3.1:8b
[OK] Defense Evasion (T1562)
       Expected : MALICIOUS
       Got      : MALICIOUS  confidence=0.8500  latency=7806ms
       Reasoning: bash executes systemctl (T1059), overwrites security logs (T1562/T1070), and connects to internal IP (T1021/T1210) — a combination of suspicious system calls.
       TTPs     : ['T1059', 'T1562', 'T1070', 'T1021', 'T1210']
       Entropy  : 1.500

2026-06-08 15:49:16 [debug    ] ollama_inference               latency_ms=8352.7 model=llama3.1:8b
[OK] C2 over HTTP (T1071)
       Expected : MALICIOUS
       Got      : MALICIOUS  confidence=0.9300  latency=8353ms
       Reasoning: bash connects to external IP on port 80 (T1071) and then executes /tmp/update.sh; update.sh also connects to same IP on unusual port 4443 (T1095/T1071), indicating probable C2 beacon activity.
       TTPs     : ['T1071', 'T1059', 'T1105']
       Entropy  : 1.522

2026-06-08 15:49:23 [debug    ] ollama_inference               latency_ms=7172.0 model=llama3.1:8b
[OK] C2 over HTTP (T1071)
       Expected : MALICIOUS
       Got      : MALICIOUS  confidence=0.9300  latency=8353ms
       Reasoning: bash connects to external IP on port 80 (T1071) and then executes /tmp/update.sh; update.sh also connects to same IP on unusual port 4443 (T1095/T1071), indicating probable C2 beacon activity.
       TTPs     : ['T1071', 'T1059', 'T1105']
       Entropy  : 1.522

2026-06-08 15:49:23 [debug    ] ollama_inference               latency_ms=7172.0 model=llama3.1:8b
[OK] Lateral Movement (T1210)
       Expected : MALICIOUS
       Got      : MALICIOUS  confidence=0.8500  latency=7173ms
       Reasoning: bash connects to internal IPs, then executes /tmp/lateral_tool (possible staged payload) and writes to it — indicative of lateral movement and data staging.
       TTPs     : ['T1021', 'T1059', 'T1074']
       Entropy  : 1.371

2026-06-08 15:49:30 [debug    ] ollama_inference               latency_ms=7050.7 model=llama3.1:8b
[OK] Lateral Movement (T1210)
       Expected : MALICIOUS
       Got      : MALICIOUS  confidence=0.8500  latency=7173ms
       Reasoning: bash connects to internal IPs, then executes /tmp/lateral_tool (possible staged payload) and writes to it — indicative of lateral movement and data staging.
       TTPs     : ['T1021', 'T1059', 'T1074']
       Entropy  : 1.371

2026-06-08 15:49:30 [debug    ] ollama_inference               latency_ms=7050.7 model=llama3.1:8b
[OK] Data Exfiltration (T1041)
       Expected : MALICIOUS
       Got      : MALICIOUS  confidence=0.9500  latency=7051ms
       Reasoning: python3 reads TLS private key (T1003) and connects to external IP twice (T1071 C2), indicating potential credential-dump-to-C2 activity.
       TTPs     : ['T1003', 'T1071']
       Entropy  : 0.918

2026-06-08 15:49:36 [debug    ] ollama_inference               latency_ms=5878.1 model=llama3.1:8b
[OK] Data Exfiltration (T1041)
       Expected : MALICIOUS
       Got      : MALICIOUS  confidence=0.9500  latency=7051ms
       Reasoning: python3 reads TLS private key (T1003) and connects to external IP twice (T1071 C2), indicating potential credential-dump-to-C2 activity.
       TTPs     : ['T1003', 'T1071']
       Entropy  : 0.918

2026-06-08 15:49:36 [debug    ] ollama_inference               latency_ms=5878.1 model=llama3.1:8b
[OK] Scripted Execution (T1059)
       Expected : MALICIOUS
       Got      : MALICIOUS  confidence=0.8500  latency=5879ms
       Reasoning: bash executes python3 which connects to unusual port 31337 (T1071 C2 beacon), then reads /etc/hostname — a probable C2 communication chain.
       TTPs     : ['T1071']
       Entropy  : 1.585

2026-06-08 15:49:43 [debug    ] ollama_inference               latency_ms=7723.7 model=llama3.1:8b
[OK] Scripted Execution (T1059)
       Expected : MALICIOUS
       Got      : MALICIOUS  confidence=0.8500  latency=5879ms
       Reasoning: bash executes python3 which connects to unusual port 31337 (T1071 C2 beacon), then reads /etc/hostname — a probable C2 communication chain.
       TTPs     : ['T1071']
       Entropy  : 1.585

2026-06-08 15:49:43 [debug    ] ollama_inference               latency_ms=7723.7 model=llama3.1:8b
[OK] Valid Accounts (T1078)
       Expected : MALICIOUS
       Got      : MALICIOUS  confidence=0.8500  latency=7724ms
       Reasoning: sshd spawns bash which connects to two external IPs on non-standard ports (probable C2 beacons) — a probable APT kill-chain with T1059 and T1071/T1095 indicators.
       TTPs     : ['T1059', 'T1071', 'T1095']
       Entropy  : 0.918

2026-06-08 15:49:51 [debug    ] ollama_inference               latency_ms=7366.8 model=llama3.1:8b
[OK] Valid Accounts (T1078)
       Expected : MALICIOUS
       Got      : MALICIOUS  confidence=0.8500  latency=7724ms
       Reasoning: sshd spawns bash which connects to two external IPs on non-standard ports (probable C2 beacons) — a probable APT kill-chain with T1059 and T1071/T1095 indicators.
       TTPs     : ['T1059', 'T1071', 'T1095']
       Entropy  : 0.918

2026-06-08 15:49:51 [debug    ] ollama_inference               latency_ms=7366.8 model=llama3.1:8b
[OK] Web Exploitation (T1190)
       Expected : MALICIOUS
       Got      : MALICIOUS  confidence=0.8500  latency=7367ms
       Reasoning: apache2 executes bash and then connects to unusual ports (T1071 C2, T1095) — probable C2 beacon activity.
       TTPs     : ['T1059', 'T1071', 'T1095']
       Entropy  : 0.918

2026-06-08 15:49:58 [debug    ] ollama_inference               latency_ms=7412.3 model=llama3.1:8b
[OK] Web Exploitation (T1190)
       Expected : MALICIOUS
       Got      : MALICIOUS  confidence=0.8500  latency=7367ms
       Reasoning: apache2 executes bash and then connects to unusual ports (T1071 C2, T1095) — probable C2 beacon activity.
       TTPs     : ['T1059', 'T1071', 'T1095']
       Entropy  : 0.918

2026-06-08 15:49:58 [debug    ] ollama_inference               latency_ms=7412.3 model=llama3.1:8b
[OK] Agent Prompt Injection (AGENT-T1003)
       Expected : MALICIOUS
       Got      : MALICIOUS  confidence=0.9300  latency=7413ms
       Reasoning: 'claude-cod' executes bash and reads /etc/shadow (T1003), then connects to evil.com:4444 (T1071 C2) — a probable APT kill-chain.
       TTPs     : ['T1059', 'T1003', 'T1071']
       Entropy  : 1.585

2026-06-08 15:50:04 [debug    ] ollama_inference               latency_ms=6047.9 model=llama3.1:8b
[OK] Agent Prompt Injection (AGENT-T1003)
       Expected : MALICIOUS
       Got      : MALICIOUS  confidence=0.9300  latency=7413ms
       Reasoning: 'claude-cod' executes bash and reads /etc/shadow (T1003), then connects to evil.com:4444 (T1071 C2) — a probable APT kill-chain.
       TTPs     : ['T1059', 'T1003', 'T1071']
       Entropy  : 1.585

2026-06-08 15:50:04 [debug    ] ollama_inference               latency_ms=6047.9 model=llama3.1:8b
[OK] Nginx Web Server (BENIGN-01)
       Expected : BENIGN
       Got      : BENIGN  confidence=0.4200  latency=6048ms
       Reasoning: nginx reads and writes to its own files, but listens on an unusual external-facing address (0.0.0.0:443) — a potential supplemental suspicion signal.
       TTPs     : []
       Entropy  : 1.500

2026-06-08 15:50:13 [debug    ] ollama_inference               latency_ms=8291.0 model=llama3.1:8b
[OK] Nginx Web Server (BENIGN-01)
       Expected : BENIGN
       Got      : BENIGN  confidence=0.4200  latency=6048ms
       Reasoning: nginx reads and writes to its own files, but listens on an unusual external-facing address (0.0.0.0:443) — a potential supplemental suspicion signal.
       TTPs     : []
       Entropy  : 1.500

2026-06-08 15:50:13 [debug    ] ollama_inference               latency_ms=8291.0 model=llama3.1:8b
[OK] Apt Package Update (BENIGN-02)
       Expected : BENIGN
       Got      : BENIGN  confidence=0.9300  latency=8292ms
       Reasoning: apt connects to deb.debian.org (T1071 C2), writes packages and system libraries (T1218), then dpkg executes and updates its status file — a normal package update process.
       TTPs     : ['T1071', 'T1218']
       Entropy  : 1.371

2026-06-08 15:50:17 [debug    ] ollama_inference               latency_ms=4866.0 model=llama3.1:8b
[OK] Apt Package Update (BENIGN-02)
       Expected : BENIGN
       Got      : BENIGN  confidence=0.9300  latency=8292ms
       Reasoning: apt connects to deb.debian.org (T1071 C2), writes packages and system libraries (T1218), then dpkg executes and updates its status file — a normal package update process.
       TTPs     : ['T1071', 'T1218']
       Entropy  : 1.371

2026-06-08 15:50:17 [debug    ] ollama_inference               latency_ms=4866.0 model=llama3.1:8b
[OK] PostgreSQL Normal Op (BENIGN-03)
       Expected : BENIGN
       Got      : BENIGN  confidence=0.0400  latency=4867ms
       Reasoning: postgres reads only from its own data directory and writes to WAL segment — normal database behaviour with no suspicious edges.
       TTPs     : []
       Entropy  : 0.918

--------------------------------------------------------------------------------
Accuracy: 14/14 scenarios correct

=== LaTeX Table 1 rows (copy into paper) ===
Credential Dumping   & T1003,T1071     & MALICIOUS  & 0.98 & ISOLATE      \\
Privilege Escalation & T1003,T1068     & MALICIOUS  & 0.93 & ISOLATE      \\
Process Injection    & T1055,T1620     & MALICIOUS  & 0.98 & ISOLATE      \\
Defense Evasion      & T1059,T1562     & MALICIOUS  & 0.85 & ISOLATE      \\
C2 over HTTP         & T1071,T1059     & MALICIOUS  & 0.93 & ISOLATE      \\
Lateral Movement     & T1021,T1059     & MALICIOUS  & 0.85 & ISOLATE      \\
Data Exfiltration    & T1003,T1071     & MALICIOUS  & 0.95 & ISOLATE      \\
Scripted Execution   & T1071           & MALICIOUS  & 0.85 & ISOLATE      \\
Valid Accounts       & T1059,T1071     & MALICIOUS  & 0.85 & ISOLATE      \\
Web Exploitation     & T1059,T1071     & MALICIOUS  & 0.85 & ISOLATE      \\
Agent Prompt Injection & T1059,T1003     & MALICIOUS  & 0.93 & ISOLATE      \\
Nginx Web Server     & ---             & BENIGN     & 0.42 & LOG\_ONLY    \\
Apt Package Update   & T1071,T1218     & BENIGN     & 0.93 & LOG\_ONLY    \\
PostgreSQL Normal Op & ---             & BENIGN     & 0.04 & LOG\_ONLY    \\

Full results written to results/evaluations/scenario_results.json
[OK] PostgreSQL Normal Op (BENIGN-03)
       Expected : BENIGN
       Got      : BENIGN  confidence=0.0400  latency=4867ms
       Reasoning: postgres reads only from its own data directory and writes to WAL segment — normal database behaviour with no suspicious edges.
       TTPs     : []
       Entropy  : 0.918

--------------------------------------------------------------------------------
Accuracy: 14/14 scenarios correct

=== LaTeX Table 1 rows (copy into paper) ===
Credential Dumping   & T1003,T1071     & MALICIOUS  & 0.98 & ISOLATE      \\
Privilege Escalation & T1003,T1068     & MALICIOUS  & 0.93 & ISOLATE      \\
Process Injection    & T1055,T1620     & MALICIOUS  & 0.98 & ISOLATE      \\
Defense Evasion      & T1059,T1562     & MALICIOUS  & 0.85 & ISOLATE      \\
C2 over HTTP         & T1071,T1059     & MALICIOUS  & 0.93 & ISOLATE      \\
Lateral Movement     & T1021,T1059     & MALICIOUS  & 0.85 & ISOLATE      \\
Data Exfiltration    & T1003,T1071     & MALICIOUS  & 0.95 & ISOLATE      \\
Scripted Execution   & T1071           & MALICIOUS  & 0.85 & ISOLATE      \\
Valid Accounts       & T1059,T1071     & MALICIOUS  & 0.85 & ISOLATE      \\
Web Exploitation     & T1059,T1071     & MALICIOUS  & 0.85 & ISOLATE      \\
Agent Prompt Injection & T1059,T1003     & MALICIOUS  & 0.93 & ISOLATE      \\
Nginx Web Server     & ---             & BENIGN     & 0.42 & LOG\_ONLY    \\
Apt Package Update   & T1071,T1218     & BENIGN     & 0.93 & LOG\_ONLY    \\
PostgreSQL Normal Op & ---             & BENIGN     & 0.04 & LOG\_ONLY    \\

Full results written to results/evaluations/scenario_results.json
wrote results/evaluations_gcp/scenario_results_gcp.json (7353 bytes)


▶ dual-tier-reduction Mon Jun  8 15:50:18 UTC 2026
▶ dual-tier-reduction Mon Jun  8 15:50:18 UTC 2026
Traceback (most recent call last):
  File "/home/sentinel/Paper1_ZeroTrustAgent/src/python/measure_dual_tier_reduction.py", line 110, in <module>
Traceback (most recent call last):
  File "/home/sentinel/Paper1_ZeroTrustAgent/src/python/measure_dual_tier_reduction.py", line 110, in <module>
    asyncio.run(main())
    asyncio.run(main())
  File "/usr/lib/python3.12/asyncio/runners.py", line 194, in run
  File "/usr/lib/python3.12/asyncio/runners.py", line 194, in run
    return runner.run(main)
    return runner.run(main)
           ^^^^^^^^^^^^^^^^
           ^^^^^^^^^^^^^^^^
  File "/usr/lib/python3.12/asyncio/runners.py", line 118, in run
  File "/usr/lib/python3.12/asyncio/runners.py", line 118, in run
    return self._loop.run_until_complete(task)
    return self._loop.run_until_complete(task)
           ^^^^^^^^^^^^^^^^^^^^^^^^^^^^^^^^^^^
           ^^^^^^^^^^^^^^^^^^^^^^^^^^^^^^^^^^^
  File "/usr/lib/python3.12/asyncio/base_events.py", line 687, in run_until_complete
  File "/usr/lib/python3.12/asyncio/base_events.py", line 687, in run_until_complete
    return future.result()
    return future.result()
           ^^^^^^^^^^^^^^^
           ^^^^^^^^^^^^^^^
  File "/home/sentinel/Paper1_ZeroTrustAgent/src/python/measure_dual_tier_reduction.py", line 58, in main
  File "/home/sentinel/Paper1_ZeroTrustAgent/src/python/measure_dual_tier_reduction.py", line 58, in main
    b = await full_only.classify(ipg, H)
    b = await full_only.classify(ipg, H)
              ^^^^^^^^^^^^^^^^^^^^^^^^^^
              ^^^^^^^^^^^^^^^^^^^^^^^^^^
TypeError: OllamaClassifier.classify() takes 2 positional arguments but 3 were given
TypeError: OllamaClassifier.classify() takes 2 positional arguments but 3 were given


▶ dual-tier-reduction Mon Jun  8 15:53:29 UTC 2026
▶ dual-tier-reduction Mon Jun  8 15:53:29 UTC 2026
2026-06-08 15:53:38 [debug    ] ollama_inference               latency_ms=7944.0 model=llama3.1:8b
2026-06-08 15:53:38 [debug    ] ollama_inference               latency_ms=7944.0 model=llama3.1:8b
  Credential Dumping: dual=MALICIOUS@0.99 (mock/full)  8b=MALICIOUS@0.99
2026-06-08 15:53:46 [debug    ] ollama_inference               latency_ms=7960.4 model=llama3.1:8b
  Credential Dumping: dual=MALICIOUS@0.99 (mock/full)  8b=MALICIOUS@0.99
2026-06-08 15:53:46 [debug    ] ollama_inference               latency_ms=7960.4 model=llama3.1:8b
  Privilege Escalation: dual=MALICIOUS@0.99 (mock/full)  8b=MALICIOUS@0.93
2026-06-08 15:53:53 [debug    ] ollama_inference               latency_ms=7684.3 model=llama3.1:8b
  Privilege Escalation: dual=MALICIOUS@0.99 (mock/full)  8b=MALICIOUS@0.93
2026-06-08 15:53:53 [debug    ] ollama_inference               latency_ms=7684.3 model=llama3.1:8b
  Process Injection: dual=MALICIOUS@0.99 (mock/full)  8b=MALICIOUS@0.98
2026-06-08 15:54:00 [debug    ] ollama_inference               latency_ms=6922.9 model=llama3.1:8b
  Process Injection: dual=MALICIOUS@0.99 (mock/full)  8b=MALICIOUS@0.98
2026-06-08 15:54:00 [debug    ] ollama_inference               latency_ms=6922.9 model=llama3.1:8b
  Defense Evasion: dual=MALICIOUS@0.99 (mock/full)  8b=MALICIOUS@0.93
2026-06-08 15:54:09 [debug    ] ollama_inference               latency_ms=8411.6 model=llama3.1:8b
  Defense Evasion: dual=MALICIOUS@0.99 (mock/full)  8b=MALICIOUS@0.93
2026-06-08 15:54:09 [debug    ] ollama_inference               latency_ms=8411.6 model=llama3.1:8b
  C2 over HTTP: dual=MALICIOUS@0.99 (mock/full)  8b=MALICIOUS@0.93
2026-06-08 15:54:16 [debug    ] ollama_inference               latency_ms=7221.2 model=llama3.1:8b
  C2 over HTTP: dual=MALICIOUS@0.99 (mock/full)  8b=MALICIOUS@0.93
2026-06-08 15:54:16 [debug    ] ollama_inference               latency_ms=7221.2 model=llama3.1:8b
  Lateral Movement: dual=MALICIOUS@0.99 (mock/full)  8b=MALICIOUS@0.85
2026-06-08 15:54:23 [debug    ] ollama_inference               latency_ms=7081.2 model=llama3.1:8b
  Lateral Movement: dual=MALICIOUS@0.99 (mock/full)  8b=MALICIOUS@0.85
2026-06-08 15:54:23 [debug    ] ollama_inference               latency_ms=7081.2 model=llama3.1:8b
  Data Exfiltration: dual=MALICIOUS@0.80 (mock/full)  8b=MALICIOUS@0.95
2026-06-08 15:54:29 [debug    ] ollama_inference               latency_ms=5884.3 model=llama3.1:8b
  Data Exfiltration: dual=MALICIOUS@0.80 (mock/full)  8b=MALICIOUS@0.95
2026-06-08 15:54:29 [debug    ] ollama_inference               latency_ms=5884.3 model=llama3.1:8b
  Scripted Execution: dual=MALICIOUS@0.50 (mock/full)  8b=MALICIOUS@0.85
2026-06-08 15:54:37 [debug    ] ollama_inference               latency_ms=7744.3 model=llama3.1:8b
  Scripted Execution: dual=MALICIOUS@0.50 (mock/full)  8b=MALICIOUS@0.85
2026-06-08 15:54:37 [debug    ] ollama_inference               latency_ms=7744.3 model=llama3.1:8b
  Valid Accounts: dual=MALICIOUS@0.75 (mock/full)  8b=MALICIOUS@0.85
2026-06-08 15:54:44 [debug    ] ollama_inference               latency_ms=7372.2 model=llama3.1:8b
  Valid Accounts: dual=MALICIOUS@0.75 (mock/full)  8b=MALICIOUS@0.85
2026-06-08 15:54:44 [debug    ] ollama_inference               latency_ms=7372.2 model=llama3.1:8b
  Web Exploitation: dual=MALICIOUS@0.75 (mock/full)  8b=MALICIOUS@0.85
2026-06-08 15:54:51 [debug    ] ollama_inference               latency_ms=7407.3 model=llama3.1:8b
  Web Exploitation: dual=MALICIOUS@0.75 (mock/full)  8b=MALICIOUS@0.85
2026-06-08 15:54:51 [debug    ] ollama_inference               latency_ms=7407.3 model=llama3.1:8b
  Agent Prompt Injection: dual=MALICIOUS@0.99 (mock/full)  8b=MALICIOUS@0.93
2026-06-08 15:54:57 [debug    ] ollama_inference               latency_ms=6039.0 model=llama3.1:8b
  Agent Prompt Injection: dual=MALICIOUS@0.99 (mock/full)  8b=MALICIOUS@0.93
2026-06-08 15:54:57 [debug    ] ollama_inference               latency_ms=6039.0 model=llama3.1:8b
  Nginx Web Server: dual=BENIGN@0.08 (mock/full)  8b=BENIGN@0.42
2026-06-08 15:55:06 [debug    ] ollama_inference               latency_ms=8278.4 model=llama3.1:8b
  Nginx Web Server: dual=BENIGN@0.08 (mock/full)  8b=BENIGN@0.42
2026-06-08 15:55:06 [debug    ] ollama_inference               latency_ms=8278.4 model=llama3.1:8b
  Apt Package Update: dual=BENIGN@0.08 (mock/full)  8b=BENIGN@0.93
2026-06-08 15:55:11 [debug    ] ollama_inference               latency_ms=4837.6 model=llama3.1:8b
  Apt Package Update: dual=BENIGN@0.08 (mock/full)  8b=BENIGN@0.93
2026-06-08 15:55:11 [debug    ] ollama_inference               latency_ms=4837.6 model=llama3.1:8b
  PostgreSQL Normal Op: dual=BENIGN@0.08 (mock/full)  8b=BENIGN@0.04

Reduction: 0.0% (0/14 draft hits)
Accuracy: dual 14/14  8b-only 14/14
→ results/evaluations/dual_tier_reduction.json
  PostgreSQL Normal Op: dual=BENIGN@0.08 (mock/full)  8b=BENIGN@0.04

Reduction: 0.0% (0/14 draft hits)
Accuracy: dual 14/14  8b-only 14/14
→ results/evaluations/dual_tier_reduction.json
wrote results/evaluations_gcp/dual_tier_reduction_gcp.json (5634 bytes)
  model_draft: llama3.2:1b
  model_full: llama3.1:8b
  draft_conf_threshold: 0.9
  fast_path: BENIGN-only
  n_scenarios: 14
  draft_hits: 0
  full_hits: 14
  invocation_reduction_pct: 0.0
  accuracy_dual_tier: 14
  accuracy_8b_only: 14


▶ eval-real Mon Jun  8 15:55:11 UTC 2026
▶ eval-real Mon Jun  8 15:55:11 UTC 2026
======================================================================
SENTINEL — Real Kernel Syscall Trace Evaluation
Model: llama3.1:8b  Traces: 105
Source: GCP g2-standard-4 NVIDIA L4 Ubuntu 6.17.0-1018-gcp
Capture tool: strace -f -tt -T (actual kernel calls, not simulated)
======================================================================
Traceback (most recent call last):
======================================================================
SENTINEL — Real Kernel Syscall Trace Evaluation
Model: llama3.1:8b  Traces: 105
Source: GCP g2-standard-4 NVIDIA L4 Ubuntu 6.17.0-1018-gcp
Capture tool: strace -f -tt -T (actual kernel calls, not simulated)
======================================================================
Traceback (most recent call last):
  File "/home/sentinel/Paper1_ZeroTrustAgent/src/python/evaluate_real_data.py", line 314, in <module>
  File "/home/sentinel/Paper1_ZeroTrustAgent/src/python/evaluate_real_data.py", line 314, in <module>
    asyncio.run(main())
    asyncio.run(main())
  File "/usr/lib/python3.12/asyncio/runners.py", line 194, in run
  File "/usr/lib/python3.12/asyncio/runners.py", line 194, in run
    return runner.run(main)
    return runner.run(main)
           ^^^^^^^^^^^^^^^^
           ^^^^^^^^^^^^^^^^
  File "/usr/lib/python3.12/asyncio/runners.py", line 118, in run
  File "/usr/lib/python3.12/asyncio/runners.py", line 118, in run
    return self._loop.run_until_complete(task)
    return self._loop.run_until_complete(task)
           ^^^^^^^^^^^^^^^^^^^^^^^^^^^^^^^^^^^
           ^^^^^^^^^^^^^^^^^^^^^^^^^^^^^^^^^^^
  File "/usr/lib/python3.12/asyncio/base_events.py", line 687, in run_until_complete
  File "/usr/lib/python3.12/asyncio/base_events.py", line 687, in run_until_complete
    return future.result()
    return future.result()
           ^^^^^^^^^^^^^^^
           ^^^^^^^^^^^^^^^
  File "/home/sentinel/Paper1_ZeroTrustAgent/src/python/evaluate_real_data.py", line 203, in main
  File "/home/sentinel/Paper1_ZeroTrustAgent/src/python/evaluate_real_data.py", line 203, in main
    gt = _ground_truth_for(scenario)
    gt = _ground_truth_for(scenario)
         ^^^^^^^^^^^^^^^^^^^^^^^^^^^
         ^^^^^^^^^^^^^^^^^^^^^^^^^^^
  File "/home/sentinel/Paper1_ZeroTrustAgent/src/python/evaluate_real_data.py", line 90, in _ground_truth_for
  File "/home/sentinel/Paper1_ZeroTrustAgent/src/python/evaluate_real_data.py", line 90, in _ground_truth_for
    sidecar = _load_label_sidecar(scenario)
    sidecar = _load_label_sidecar(scenario)
              ^^^^^^^^^^^^^^^^^^^^^^^^^^^^^
              ^^^^^^^^^^^^^^^^^^^^^^^^^^^^^
  File "/home/sentinel/Paper1_ZeroTrustAgent/src/python/evaluate_real_data.py", line 86, in _load_label_sidecar
  File "/home/sentinel/Paper1_ZeroTrustAgent/src/python/evaluate_real_data.py", line 86, in _load_label_sidecar
    return json.load(f)
    return json.load(f)
           ^^^^^^^^^^^^
           ^^^^^^^^^^^^
  File "/usr/lib/python3.12/json/__init__.py", line 293, in load
  File "/usr/lib/python3.12/json/__init__.py", line 293, in load
    return loads(fp.read(),
    return loads(fp.read(),
           ^^^^^^^^^^^^^^^^
           ^^^^^^^^^^^^^^^^
  File "/usr/lib/python3.12/json/__init__.py", line 346, in loads
  File "/usr/lib/python3.12/json/__init__.py", line 346, in loads
    return _default_decoder.decode(s)
    return _default_decoder.decode(s)
           ^^^^^^^^^^^^^^^^^^^^^^^^^^
           ^^^^^^^^^^^^^^^^^^^^^^^^^^
  File "/usr/lib/python3.12/json/decoder.py", line 337, in decode
  File "/usr/lib/python3.12/json/decoder.py", line 337, in decode
    obj, end = self.raw_decode(s, idx=_w(s, 0).end())
    obj, end = self.raw_decode(s, idx=_w(s, 0).end())
               ^^^^^^^^^^^^^^^^^^^^^^^^^^^^^^^^^^^^^^
               ^^^^^^^^^^^^^^^^^^^^^^^^^^^^^^^^^^^^^^
  File "/usr/lib/python3.12/json/decoder.py", line 355, in raw_decode
  File "/usr/lib/python3.12/json/decoder.py", line 355, in raw_decode
    raise JSONDecodeError("Expecting value", s, err.value) from None
    raise JSONDecodeError("Expecting value", s, err.value) from None
json.decoder.JSONDecodeError: Expecting value: line 5 column 14 (char 113)
json.decoder.JSONDecodeError: Expecting value: line 5 column 14 (char 113)


▶ eval-real Mon Jun  8 15:59:15 UTC 2026
▶ eval-real Mon Jun  8 15:59:15 UTC 2026
======================================================================
SENTINEL — Real Kernel Syscall Trace Evaluation
Model: llama3.1:8b  Traces: 105
Source: GCP g2-standard-4 NVIDIA L4 Ubuntu 6.17.0-1018-gcp
Capture tool: strace -f -tt -T (actual kernel calls, not simulated)
======================================================================
2026-06-08 15:59:25 [debug    ] ollama_inference               latency_ms=9769.7 model=llama3.1:8b
======================================================================
SENTINEL — Real Kernel Syscall Trace Evaluation
Model: llama3.1:8b  Traces: 105
Source: GCP g2-standard-4 NVIDIA L4 Ubuntu 6.17.0-1018-gcp
Capture tool: strace -f -tt -T (actual kernel calls, not simulated)
======================================================================
2026-06-08 15:59:25 [debug    ] ollama_inference               latency_ms=9769.7 model=llama3.1:8b

  ✓ [attack_T1003_T1071]
    Ground truth: MALICIOUS  →  Got: MALICIOUS (conf=0.930)  latency=9770ms
    Events: 60  IPG: 10n/20e
    Reasoning: bash writes to temp dir, reads user database, and executes cat; then multiple processes interact with /etc/ld.so.cache; finally nc connects to external IP :4444 — a probable C2 beacon.
2026-06-08 15:59:32 [debug    ] ollama_inference               latency_ms=6592.9 model=llama3.1:8b

  ✓ [attack_T1003_T1071]
    Ground truth: MALICIOUS  →  Got: MALICIOUS (conf=0.930)  latency=9770ms
    Events: 60  IPG: 10n/20e
    Reasoning: bash writes to temp dir, reads user database, and executes cat; then multiple processes interact with /etc/ld.so.cache; finally nc connects to external IP :4444 — a probable C2 beacon.
2026-06-08 15:59:32 [debug    ] ollama_inference               latency_ms=6592.9 model=llama3.1:8b

  ✓ [attack_T1003_shadow]
    Ground truth: MALICIOUS  →  Got: MALICIOUS (conf=0.850)  latency=6593ms
    Events: 40  IPG: 6n/13e
    Reasoning: bash reads sensitive user database file /etc/passwd (T1003) and then executes cat from /usr/bin/cat (T1059) — a suspicious sequence of syscalls.
2026-06-08 15:59:41 [debug    ] ollama_inference               latency_ms=8813.1 model=llama3.1:8b

  ✓ [attack_T1003_shadow]
    Ground truth: MALICIOUS  →  Got: MALICIOUS (conf=0.850)  latency=6593ms
    Events: 40  IPG: 6n/13e
    Reasoning: bash reads sensitive user database file /etc/passwd (T1003) and then executes cat from /usr/bin/cat (T1059) — a suspicious sequence of syscalls.
2026-06-08 15:59:41 [debug    ] ollama_inference               latency_ms=8813.1 model=llama3.1:8b

  ✓ [attack_T1041_exfil]
    Ground truth: MALICIOUS  →  Got: MALICIOUS (conf=0.850)  latency=8814ms
    Events: 62  IPG: 10n/21e
    Reasoning: bash writes to /tmp and reads sensitive user database; then cat execs and connects to external IP :443, indicating a potential C2 channel.
2026-06-08 15:59:47 [debug    ] ollama_inference               latency_ms=6481.0 model=llama3.1:8b

  ✓ [attack_T1041_exfil]
    Ground truth: MALICIOUS  →  Got: MALICIOUS (conf=0.850)  latency=8814ms
    Events: 62  IPG: 10n/21e
    Reasoning: bash writes to /tmp and reads sensitive user database; then cat execs and connects to external IP :443, indicating a potential C2 channel.
2026-06-08 15:59:47 [debug    ] ollama_inference               latency_ms=6481.0 model=llama3.1:8b

  ✓ [attack_T1055_ptrace]
    Ground truth: MALICIOUS  →  Got: MALICIOUS (conf=0.930)  latency=6481ms
    Events: 87  IPG: 6n/14e
    Reasoning: bash reads sensitive /etc/passwd (T1003), then executes python3 which is ptraced by another python3 instance (T1055) — a clear indication of process injection and credential access.
2026-06-08 15:59:54 [debug    ] ollama_inference               latency_ms=6631.5 model=llama3.1:8b

  ✓ [attack_T1055_ptrace]
    Ground truth: MALICIOUS  →  Got: MALICIOUS (conf=0.930)  latency=6481ms
    Events: 87  IPG: 6n/14e
    Reasoning: bash reads sensitive /etc/passwd (T1003), then executes python3 which is ptraced by another python3 instance (T1055) — a clear indication of process injection and credential access.
2026-06-08 15:59:54 [debug    ] ollama_inference               latency_ms=6631.5 model=llama3.1:8b

  ✓ [attack_T1059_scripted]
    Ground truth: MALICIOUS  →  Got: MALICIOUS (conf=0.930)  latency=6632ms
    Events: 82  IPG: 7n/13e
    Reasoning: bash reads /etc/passwd (T1003) and python3 connects to unusual port 31337 (probable T1071 C2 beacon), indicating a likely APT kill-chain.
2026-06-08 16:00:01 [debug    ] ollama_inference               latency_ms=7368.4 model=llama3.1:8b

  ✓ [attack_T1059_scripted]
    Ground truth: MALICIOUS  →  Got: MALICIOUS (conf=0.930)  latency=6632ms
    Events: 82  IPG: 7n/13e
    Reasoning: bash reads /etc/passwd (T1003) and python3 connects to unusual port 31337 (probable T1071 C2 beacon), indicating a likely APT kill-chain.
2026-06-08 16:00:01 [debug    ] ollama_inference               latency_ms=7368.4 model=llama3.1:8b

  ✓ [attack_T1068_setuid]
    Ground truth: MALICIOUS  →  Got: MALICIOUS (conf=0.830)  latency=7369ms
    Events: 97  IPG: 10n/20e
    Reasoning: bash reads /etc/passwd (T1003) and python3 makes setuid call (T1068), but these are part of a larger process that includes legitimate syscalls like mmap and openat; the presence of multiple processes with similar syscall patterns suggests a possible web-shell or reverse shell scenario.
2026-06-08 16:00:07 [debug    ] ollama_inference               latency_ms=6084.2 model=llama3.1:8b

  ✓ [attack_T1068_setuid]
    Ground truth: MALICIOUS  →  Got: MALICIOUS (conf=0.830)  latency=7369ms
    Events: 97  IPG: 10n/20e
    Reasoning: bash reads /etc/passwd (T1003) and python3 makes setuid call (T1068), but these are part of a larger process that includes legitimate syscalls like mmap and openat; the presence of multiple processes with similar syscall patterns suggests a possible web-shell or reverse shell scenario.
2026-06-08 16:00:07 [debug    ] ollama_inference               latency_ms=6084.2 model=llama3.1:8b

  ✓ [attack_T1562_evasion]
    Ground truth: MALICIOUS  →  Got: MALICIOUS (conf=0.930)  latency=6085ms
    Events: 18  IPG: 3n/6e
    Reasoning: bash reads sensitive /etc/passwd (T1003) and overwrites security log /var/log/syslog (T1562), indicating account enumeration and log tampering.
2026-06-08 16:00:15 [debug    ] ollama_inference               latency_ms=7587.6 model=llama3.1:8b

  ✓ [attack_T1562_evasion]
    Ground truth: MALICIOUS  →  Got: MALICIOUS (conf=0.930)  latency=6085ms
    Events: 18  IPG: 3n/6e
    Reasoning: bash reads sensitive /etc/passwd (T1003) and overwrites security log /var/log/syslog (T1562), indicating account enumeration and log tampering.
2026-06-08 16:00:15 [debug    ] ollama_inference               latency_ms=7587.6 model=llama3.1:8b

  ✓ [attack_ext_001]
    Ground truth: MALICIOUS  →  Got: MALICIOUS (conf=0.630)  latency=7588ms
    Events: 170  IPG: 10n/22e
    Reasoning: bash writes to /tmp/.cache1 (T1074) and then connects to external :443 (T1047 C2), but the presence of multiple self-cloning processes makes it unclear whether this is a staged payload or normal system activity.
2026-06-08 16:00:22 [debug    ] ollama_inference               latency_ms=7356.1 model=llama3.1:8b

  ✓ [attack_ext_001]
    Ground truth: MALICIOUS  →  Got: MALICIOUS (conf=0.630)  latency=7588ms
    Events: 170  IPG: 10n/22e
    Reasoning: bash writes to /tmp/.cache1 (T1074) and then connects to external :443 (T1047 C2), but the presence of multiple self-cloning processes makes it unclear whether this is a staged payload or normal system activity.
2026-06-08 16:00:22 [debug    ] ollama_inference               latency_ms=7356.1 model=llama3.1:8b

  ✗ [attack_ext_002]
    Ground truth: MALICIOUS  →  Got: BENIGN (conf=0.420)  latency=7357ms
    Events: 502  IPG: 10n/23e
    Reasoning: python3's setuid call [T1068/HIGH] is isolated and does not directly lead to sensitive file access or execution of malicious payloads; the overall pattern appears complex but benign.
2026-06-08 16:00:29 [debug    ] ollama_inference               latency_ms=6661.7 model=llama3.1:8b

  ✗ [attack_ext_002]
    Ground truth: MALICIOUS  →  Got: BENIGN (conf=0.420)  latency=7357ms
    Events: 502  IPG: 10n/23e
    Reasoning: python3's setuid call [T1068/HIGH] is isolated and does not directly lead to sensitive file access or execution of malicious payloads; the overall pattern appears complex but benign.
2026-06-08 16:00:29 [debug    ] ollama_inference               latency_ms=6661.7 model=llama3.1:8b

  ✓ [attack_ext_003]
    Ground truth: MALICIOUS  →  Got: MALICIOUS (conf=0.930)  latency=6662ms
    Events: 178  IPG: 6n/15e
    Reasoning: python3 injects into another process via ptrace (T1055), while multiple bash processes engage in suspicious memory interactions — indicative of a sophisticated APT attack.
2026-06-08 16:00:36 [debug    ] ollama_inference               latency_ms=6802.6 model=llama3.1:8b

  ✓ [attack_ext_003]
    Ground truth: MALICIOUS  →  Got: MALICIOUS (conf=0.930)  latency=6662ms
    Events: 178  IPG: 6n/15e
    Reasoning: python3 injects into another process via ptrace (T1055), while multiple bash processes engage in suspicious memory interactions — indicative of a sophisticated APT attack.
2026-06-08 16:00:36 [debug    ] ollama_inference               latency_ms=6802.6 model=llama3.1:8b

  ✓ [attack_ext_004]
    Ground truth: MALICIOUS  →  Got: MALICIOUS (conf=0.850)  latency=6803ms
    Events: 92  IPG: 3n/6e
    Reasoning: bash maps /etc/ld.so.cache (T1027), reads locale files (T1210), then executes itself after a long delay — suspicious behaviour indicative of a malicious library load and execution.
2026-06-08 16:00:44 [debug    ] ollama_inference               latency_ms=7948.6 model=llama3.1:8b

  ✓ [attack_ext_004]
    Ground truth: MALICIOUS  →  Got: MALICIOUS (conf=0.850)  latency=6803ms
    Events: 92  IPG: 3n/6e
    Reasoning: bash maps /etc/ld.so.cache (T1027), reads locale files (T1210), then executes itself after a long delay — suspicious behaviour indicative of a malicious library load and execution.
2026-06-08 16:00:44 [debug    ] ollama_inference               latency_ms=7948.6 model=llama3.1:8b

  ✓ [attack_ext_005]
    Ground truth: MALICIOUS  →  Got: MALICIOUS (conf=0.830)  latency=7949ms
    Events: 215  IPG: 10n/34e
    Reasoning: bash processes exhibit unusual memory mapping patterns and interact with sensitive files; nc connects to external IP 10.6.5.5:8080 — a potential C2 channel (T1041).
2026-06-08 16:00:51 [debug    ] ollama_inference               latency_ms=7681.6 model=llama3.1:8b

  ✓ [attack_ext_005]
    Ground truth: MALICIOUS  →  Got: MALICIOUS (conf=0.830)  latency=7949ms
    Events: 215  IPG: 10n/34e
    Reasoning: bash processes exhibit unusual memory mapping patterns and interact with sensitive files; nc connects to external IP 10.6.5.5:8080 — a potential C2 channel (T1041).
2026-06-08 16:00:51 [debug    ] ollama_inference               latency_ms=7681.6 model=llama3.1:8b

  ✓ [attack_ext_006]
    Ground truth: MALICIOUS  →  Got: MALICIOUS (conf=0.830)  latency=7682ms
    Events: 466  IPG: 7n/16e
    Reasoning: python3 reads from ld.so.cache and locale files, then connects to port 31337 on IP 10.0.7.6 (T1071 C2 beacon) — a probable APT communication channel.
2026-06-08 16:00:58 [debug    ] ollama_inference               latency_ms=6637.0 model=llama3.1:8b

  ✓ [attack_ext_006]
    Ground truth: MALICIOUS  →  Got: MALICIOUS (conf=0.830)  latency=7682ms
    Events: 466  IPG: 7n/16e
    Reasoning: python3 reads from ld.so.cache and locale files, then connects to port 31337 on IP 10.0.7.6 (T1071 C2 beacon) — a probable APT communication channel.
2026-06-08 16:00:58 [debug    ] ollama_inference               latency_ms=6637.0 model=llama3.1:8b

  ✗ [attack_ext_007]
    Ground truth: MALICIOUS  →  Got: BENIGN (conf=0.420)  latency=6637ms
    Events: 169  IPG: 10n/22e
    Reasoning: multiple bash and cat processes interact with system resources, but only internal lateral connections (RFC-1918) are made by nc, which does not raise immediate suspicion.
2026-06-08 16:01:05 [debug    ] ollama_inference               latency_ms=7447.9 model=llama3.1:8b

  ✗ [attack_ext_007]
    Ground truth: MALICIOUS  →  Got: BENIGN (conf=0.420)  latency=6637ms
    Events: 169  IPG: 10n/22e
    Reasoning: multiple bash and cat processes interact with system resources, but only internal lateral connections (RFC-1918) are made by nc, which does not raise immediate suspicion.
2026-06-08 16:01:05 [debug    ] ollama_inference               latency_ms=7447.9 model=llama3.1:8b

  ✗ [attack_ext_008]
    Ground truth: MALICIOUS  →  Got: BENIGN (conf=0.620)  latency=7448ms
    Events: 170  IPG: 10n/22e
    Reasoning: bash writes to /tmp/.cache8 (T1074) and executes from temp dir (T1059); nc connects externally (anomaly: ext_outbound), but this is a common pattern for legitimate reverse proxies.
2026-06-08 16:01:13 [debug    ] ollama_inference               latency_ms=7671.7 model=llama3.1:8b

  ✗ [attack_ext_008]
    Ground truth: MALICIOUS  →  Got: BENIGN (conf=0.620)  latency=7448ms
    Events: 170  IPG: 10n/22e
    Reasoning: bash writes to /tmp/.cache8 (T1074) and executes from temp dir (T1059); nc connects externally (anomaly: ext_outbound), but this is a common pattern for legitimate reverse proxies.
2026-06-08 16:01:13 [debug    ] ollama_inference               latency_ms=7671.7 model=llama3.1:8b

  ✗ [attack_ext_009]
    Ground truth: MALICIOUS  →  Got: BENIGN (conf=0.420)  latency=7672ms
    Events: 502  IPG: 10n/23e
    Reasoning: python3's setuid call [T1068/HIGH] is isolated and does not directly lead to sensitive file access or network activity; however, the unusual process names (unusual_comm=true) and recursive mmap/openat patterns warrant further investigation.
2026-06-08 16:01:19 [debug    ] ollama_inference               latency_ms=5538.6 model=llama3.1:8b

  ✗ [attack_ext_009]
    Ground truth: MALICIOUS  →  Got: BENIGN (conf=0.420)  latency=7672ms
    Events: 502  IPG: 10n/23e
    Reasoning: python3's setuid call [T1068/HIGH] is isolated and does not directly lead to sensitive file access or network activity; however, the unusual process names (unusual_comm=true) and recursive mmap/openat patterns warrant further investigation.
2026-06-08 16:01:19 [debug    ] ollama_inference               latency_ms=5538.6 model=llama3.1:8b

  ✓ [attack_ext_010]
    Ground truth: MALICIOUS  →  Got: MALICIOUS (conf=0.930)  latency=5539ms
    Events: 178  IPG: 6n/15e
    Reasoning: python3 process n5 injects into python3 process n4 via ptrace attach (T1055), indicating a malicious intent to execute arbitrary code within another process.
2026-06-08 16:01:26 [debug    ] ollama_inference               latency_ms=7679.4 model=llama3.1:8b

  ✓ [attack_ext_010]
    Ground truth: MALICIOUS  →  Got: MALICIOUS (conf=0.930)  latency=5539ms
    Events: 178  IPG: 6n/15e
    Reasoning: python3 process n5 injects into python3 process n4 via ptrace attach (T1055), indicating a malicious intent to execute arbitrary code within another process.
2026-06-08 16:01:26 [debug    ] ollama_inference               latency_ms=7679.4 model=llama3.1:8b

  ✗ [attack_ext_011]
    Ground truth: MALICIOUS  →  Got: BENIGN (conf=0.620)  latency=7680ms
    Events: 92  IPG: 3n/6e
    Reasoning: bash loads /etc/ld.so.cache (T1210), reads locale file (T1087), then executes itself — a normal process lifecycle with some potentially suspicious library loading and discovery.
2026-06-08 16:01:34 [debug    ] ollama_inference               latency_ms=8002.7 model=llama3.1:8b

  ✗ [attack_ext_011]
    Ground truth: MALICIOUS  →  Got: BENIGN (conf=0.620)  latency=7680ms
    Events: 92  IPG: 3n/6e
    Reasoning: bash loads /etc/ld.so.cache (T1210), reads locale file (T1087), then executes itself — a normal process lifecycle with some potentially suspicious library loading and discovery.
2026-06-08 16:01:34 [debug    ] ollama_inference               latency_ms=8002.7 model=llama3.1:8b

  ✓ [attack_ext_012]
    Ground truth: MALICIOUS  →  Got: MALICIOUS (conf=0.830)  latency=8003ms
    Events: 211  IPG: 7n/21e
    Reasoning: unusual_comm=true indicates non-standard process names; multiple execve calls from /usr/local/sbin/nc and /usr/bin/bash; connect to external IP 10.13.12.5:8080 (T1071 C2) — a combination of suspicious indicators.
2026-06-08 16:01:43 [debug    ] ollama_inference               latency_ms=8331.8 model=llama3.1:8b

  ✓ [attack_ext_012]
    Ground truth: MALICIOUS  →  Got: MALICIOUS (conf=0.830)  latency=8003ms
    Events: 211  IPG: 7n/21e
    Reasoning: unusual_comm=true indicates non-standard process names; multiple execve calls from /usr/local/sbin/nc and /usr/bin/bash; connect to external IP 10.13.12.5:8080 (T1071 C2) — a combination of suspicious indicators.
2026-06-08 16:01:43 [debug    ] ollama_inference               latency_ms=8331.8 model=llama3.1:8b

  ✓ [attack_ext_013]
    Ground truth: MALICIOUS  →  Got: MALICIOUS (conf=0.830)  latency=8332ms
    Events: 466  IPG: 7n/16e
    Reasoning: python3 reads from ld.so.cache and locale files, then connects to unusual port 31337 on IP 10.0.14.13 (probable C2 beacon), while bash executes /usr/bin/bash after a chain of mmap syscalls.
2026-06-08 16:01:51 [debug    ] ollama_inference               latency_ms=8094.2 model=llama3.1:8b

  ✓ [attack_ext_013]
    Ground truth: MALICIOUS  →  Got: MALICIOUS (conf=0.830)  latency=8332ms
    Events: 466  IPG: 7n/16e
    Reasoning: python3 reads from ld.so.cache and locale files, then connects to unusual port 31337 on IP 10.0.14.13 (probable C2 beacon), while bash executes /usr/bin/bash after a chain of mmap syscalls.
2026-06-08 16:01:51 [debug    ] ollama_inference               latency_ms=8094.2 model=llama3.1:8b

  ✓ [attack_ext_014]
    Ground truth: MALICIOUS  →  Got: MALICIOUS (conf=0.630)  latency=8095ms
    Events: 169  IPG: 10n/22e
    Reasoning: nc connects to internal IP 10.0.15.14:4014 (T1021/T1210), while cat and bash processes exhibit unusual behavior with mmap on /etc/ld.so.cache and execve from /usr/bin/bash/cat/nc.
2026-06-08 16:01:59 [debug    ] ollama_inference               latency_ms=8017.4 model=llama3.1:8b

  ✓ [attack_ext_014]
    Ground truth: MALICIOUS  →  Got: MALICIOUS (conf=0.630)  latency=8095ms
    Events: 169  IPG: 10n/22e
    Reasoning: nc connects to internal IP 10.0.15.14:4014 (T1021/T1210), while cat and bash processes exhibit unusual behavior with mmap on /etc/ld.so.cache and execve from /usr/bin/bash/cat/nc.
2026-06-08 16:01:59 [debug    ] ollama_inference               latency_ms=8017.4 model=llama3.1:8b

  ✓ [attack_ext_015]
    Ground truth: MALICIOUS  →  Got: MALICIOUS (conf=0.630)  latency=8018ms
    Events: 170  IPG: 10n/22e
    Reasoning: bash writes to temp dir /tmp/.cache15 (T1074/MEDIUM), then executes nc and cat with execve from their respective binaries (T1059) — a staged payload kill-chain.
2026-06-08 16:02:06 [debug    ] ollama_inference               latency_ms=7355.9 model=llama3.1:8b

  ✓ [attack_ext_015]
    Ground truth: MALICIOUS  →  Got: MALICIOUS (conf=0.630)  latency=8018ms
    Events: 170  IPG: 10n/22e
    Reasoning: bash writes to temp dir /tmp/.cache15 (T1074/MEDIUM), then executes nc and cat with execve from their respective binaries (T1059) — a staged payload kill-chain.
2026-06-08 16:02:06 [debug    ] ollama_inference               latency_ms=7355.9 model=llama3.1:8b

  ✗ [attack_ext_016]
    Ground truth: MALICIOUS  →  Got: BENIGN (conf=0.420)  latency=7356ms
    Events: 502  IPG: 10n/23e
    Reasoning: python3's setuid call [T1068/HIGH] is isolated and does not directly lead to sensitive file access or execution of malicious payloads; the overall pattern appears complex but benign.
2026-06-08 16:02:12 [debug    ] ollama_inference               latency_ms=5391.9 model=llama3.1:8b

  ✗ [attack_ext_016]
    Ground truth: MALICIOUS  →  Got: BENIGN (conf=0.420)  latency=7356ms
    Events: 502  IPG: 10n/23e
    Reasoning: python3's setuid call [T1068/HIGH] is isolated and does not directly lead to sensitive file access or execution of malicious payloads; the overall pattern appears complex but benign.
2026-06-08 16:02:12 [debug    ] ollama_inference               latency_ms=5391.9 model=llama3.1:8b

  ✓ [attack_ext_017]
    Ground truth: MALICIOUS  →  Got: MALICIOUS (conf=0.930)  latency=5392ms
    Events: 178  IPG: 6n/15e
    Reasoning: bash reads /etc/ld.so.cache and executes bash via execve from mmap'd memory (T1055 process injection via ptrace attach)
2026-06-08 16:02:18 [debug    ] ollama_inference               latency_ms=6270.1 model=llama3.1:8b

  ✓ [attack_ext_017]
    Ground truth: MALICIOUS  →  Got: MALICIOUS (conf=0.930)  latency=5392ms
    Events: 178  IPG: 6n/15e
    Reasoning: bash reads /etc/ld.so.cache and executes bash via execve from mmap'd memory (T1055 process injection via ptrace attach)
2026-06-08 16:02:18 [debug    ] ollama_inference               latency_ms=6270.1 model=llama3.1:8b

  ✗ [attack_ext_018]
    Ground truth: MALICIOUS  →  Got: BENIGN (conf=0.850)  latency=6271ms
    Events: 92  IPG: 3n/6e
    Reasoning: bash maps memory, reads locale data, and executes new instance of itself — a normal process restart sequence.
2026-06-08 16:02:26 [debug    ] ollama_inference               latency_ms=7914.5 model=llama3.1:8b

  ✗ [attack_ext_018]
    Ground truth: MALICIOUS  →  Got: BENIGN (conf=0.850)  latency=6271ms
    Events: 92  IPG: 3n/6e
    Reasoning: bash maps memory, reads locale data, and executes new instance of itself — a normal process restart sequence.
2026-06-08 16:02:26 [debug    ] ollama_inference               latency_ms=7914.5 model=llama3.1:8b

  ✗ [attack_ext_019]
    Ground truth: MALICIOUS  →  Got: BENIGN (conf=0.420)  latency=7915ms
    Events: 229  IPG: 10n/35e
    Reasoning: multiple nc processes interact with system resources, but no clear malicious pattern emerges; unusual_comm signal is present due to non-standard process names (nc instead of netcat).
2026-06-08 16:02:33 [debug    ] ollama_inference               latency_ms=6739.1 model=llama3.1:8b

  ✗ [attack_ext_019]
    Ground truth: MALICIOUS  →  Got: BENIGN (conf=0.420)  latency=7915ms
    Events: 229  IPG: 10n/35e
    Reasoning: multiple nc processes interact with system resources, but no clear malicious pattern emerges; unusual_comm signal is present due to non-standard process names (nc instead of netcat).
2026-06-08 16:02:33 [debug    ] ollama_inference               latency_ms=6739.1 model=llama3.1:8b

  ✓ [attack_ext_020]
    Ground truth: MALICIOUS  →  Got: MALICIOUS (conf=0.830)  latency=6740ms
    Events: 466  IPG: 7n/16e
    Reasoning: python3 connects to port 31337 on IP 10.0.21.20 (T1071 C2 beacon), which is a probable indicator of command and control activity.
2026-06-08 16:02:39 [debug    ] ollama_inference               latency_ms=6680.7 model=llama3.1:8b

  ✓ [attack_ext_020]
    Ground truth: MALICIOUS  →  Got: MALICIOUS (conf=0.830)  latency=6740ms
    Events: 466  IPG: 7n/16e
    Reasoning: python3 connects to port 31337 on IP 10.0.21.20 (T1071 C2 beacon), which is a probable indicator of command and control activity.
2026-06-08 16:02:39 [debug    ] ollama_inference               latency_ms=6680.7 model=llama3.1:8b

  ✗ [attack_ext_021]
    Ground truth: MALICIOUS  →  Got: BENIGN (conf=0.420)  latency=6681ms
    Events: 169  IPG: 10n/22e
    Reasoning: multiple bash and cat processes interact with system resources; nc connects to internal IP 10.0.22.21:4021 — no sensitive files accessed or external connections made.
2026-06-08 16:02:47 [debug    ] ollama_inference               latency_ms=7889.5 model=llama3.1:8b

  ✗ [attack_ext_021]
    Ground truth: MALICIOUS  →  Got: BENIGN (conf=0.420)  latency=6681ms
    Events: 169  IPG: 10n/22e
    Reasoning: multiple bash and cat processes interact with system resources; nc connects to internal IP 10.0.22.21:4021 — no sensitive files accessed or external connections made.
2026-06-08 16:02:47 [debug    ] ollama_inference               latency_ms=7889.5 model=llama3.1:8b

  ✓ [attack_ext_022]
    Ground truth: MALICIOUS  →  Got: MALICIOUS (conf=0.630)  latency=7890ms
    Events: 170  IPG: 10n/22e
    Reasoning: bash writes to temp dir /tmp/.cache22 (T1074/MEDIUM), then executes nc and cat with execve from their respective binaries (T1059) — a staged payload kill-chain.
2026-06-08 16:02:55 [debug    ] ollama_inference               latency_ms=7729.6 model=llama3.1:8b

  ✓ [attack_ext_022]
    Ground truth: MALICIOUS  →  Got: MALICIOUS (conf=0.630)  latency=7890ms
    Events: 170  IPG: 10n/22e
    Reasoning: bash writes to temp dir /tmp/.cache22 (T1074/MEDIUM), then executes nc and cat with execve from their respective binaries (T1059) — a staged payload kill-chain.
2026-06-08 16:02:55 [debug    ] ollama_inference               latency_ms=7729.6 model=llama3.1:8b

  ✗ [attack_ext_023]
    Ground truth: MALICIOUS  →  Got: BENIGN (conf=0.420)  latency=7730ms
    Events: 502  IPG: 10n/23e
    Reasoning: python3's setuid call is concerning, but no clear malicious pattern emerges; multiple mmap calls to ld.so.cache may be legitimate caching operations.
2026-06-08 16:03:01 [debug    ] ollama_inference               latency_ms=6406.6 model=llama3.1:8b

  ✗ [attack_ext_023]
    Ground truth: MALICIOUS  →  Got: BENIGN (conf=0.420)  latency=7730ms
    Events: 502  IPG: 10n/23e
    Reasoning: python3's setuid call is concerning, but no clear malicious pattern emerges; multiple mmap calls to ld.so.cache may be legitimate caching operations.
2026-06-08 16:03:01 [debug    ] ollama_inference               latency_ms=6406.6 model=llama3.1:8b

  ✓ [attack_ext_024]
    Ground truth: MALICIOUS  →  Got: MALICIOUS (conf=0.830)  latency=6407ms
    Events: 178  IPG: 6n/15e
    Reasoning: bash reads /etc/ld.so.cache (T1055) and then executes itself; python3 is ptraced by bash (T1055), indicating potential malicious activity.
2026-06-08 16:03:08 [debug    ] ollama_inference               latency_ms=7138.8 model=llama3.1:8b

  ✓ [attack_ext_024]
    Ground truth: MALICIOUS  →  Got: MALICIOUS (conf=0.830)  latency=6407ms
    Events: 178  IPG: 6n/15e
    Reasoning: bash reads /etc/ld.so.cache (T1055) and then executes itself; python3 is ptraced by bash (T1055), indicating potential malicious activity.
2026-06-08 16:03:08 [debug    ] ollama_inference               latency_ms=7138.8 model=llama3.1:8b

  ✓ [attack_ext_025]
    Ground truth: MALICIOUS  →  Got: MALICIOUS (conf=0.930)  latency=7139ms
    Events: 92  IPG: 3n/6e
    Reasoning: bash executes itself via mmap → execve from /usr/bin/bash, accessing ld.so.cache and locale files (T1216) before executing the payload (T1059).
2026-06-08 16:03:17 [debug    ] ollama_inference               latency_ms=8272.2 model=llama3.1:8b

  ✓ [attack_ext_025]
    Ground truth: MALICIOUS  →  Got: MALICIOUS (conf=0.930)  latency=7139ms
    Events: 92  IPG: 3n/6e
    Reasoning: bash executes itself via mmap → execve from /usr/bin/bash, accessing ld.so.cache and locale files (T1216) before executing the payload (T1059).
2026-06-08 16:03:17 [debug    ] ollama_inference               latency_ms=8272.2 model=llama3.1:8b

  ✓ [attack_ext_026]
    Ground truth: MALICIOUS  →  Got: MALICIOUS (conf=0.850)  latency=8273ms
    Events: 206  IPG: 10n/36e
    Reasoning: bash executes nc and timeout commands, accessing sensitive files like /etc/ld.so.cache and connecting to external IP 10.27.26.5:8080 (T1071 C2) — a suspicious network scanning or exploitation attempt.
2026-06-08 16:03:25 [debug    ] ollama_inference               latency_ms=8740.7 model=llama3.1:8b

  ✓ [attack_ext_026]
    Ground truth: MALICIOUS  →  Got: MALICIOUS (conf=0.850)  latency=8273ms
    Events: 206  IPG: 10n/36e
    Reasoning: bash executes nc and timeout commands, accessing sensitive files like /etc/ld.so.cache and connecting to external IP 10.27.26.5:8080 (T1071 C2) — a suspicious network scanning or exploitation attempt.
2026-06-08 16:03:25 [debug    ] ollama_inference               latency_ms=8740.7 model=llama3.1:8b

  ✓ [attack_ext_027]
    Ground truth: MALICIOUS  →  Got: MALICIOUS (conf=0.830)  latency=8741ms
    Events: 466  IPG: 7n/16e
    Reasoning: python3 connects to unusual port 31337 on IP 10.0.28.27 (probable C2 beacon [T1071,T1095/HIGH]), while multiple mmap syscalls and execve to bash suggest a web-shell dropper.
2026-06-08 16:03:33 [debug    ] ollama_inference               latency_ms=7558.8 model=llama3.1:8b

  ✓ [attack_ext_027]
    Ground truth: MALICIOUS  →  Got: MALICIOUS (conf=0.830)  latency=8741ms
    Events: 466  IPG: 7n/16e
    Reasoning: python3 connects to unusual port 31337 on IP 10.0.28.27 (probable C2 beacon [T1071,T1095/HIGH]), while multiple mmap syscalls and execve to bash suggest a web-shell dropper.
2026-06-08 16:03:33 [debug    ] ollama_inference               latency_ms=7558.8 model=llama3.1:8b

  ✗ [attack_ext_028]
    Ground truth: MALICIOUS  →  Got: BENIGN (conf=0.420)  latency=7559ms
    Events: 169  IPG: 10n/22e
    Reasoning: multiple non-standard process names (bash/cat/nc) interact with system resources, but no sensitive files are accessed and network communication is internal (RFC-1918), reducing suspicion.
2026-06-08 16:03:41 [debug    ] ollama_inference               latency_ms=7919.1 model=llama3.1:8b

  ✗ [attack_ext_028]
    Ground truth: MALICIOUS  →  Got: BENIGN (conf=0.420)  latency=7559ms
    Events: 169  IPG: 10n/22e
    Reasoning: multiple non-standard process names (bash/cat/nc) interact with system resources, but no sensitive files are accessed and network communication is internal (RFC-1918), reducing suspicion.
2026-06-08 16:03:41 [debug    ] ollama_inference               latency_ms=7919.1 model=llama3.1:8b

  ✓ [attack_ext_029]
    Ground truth: MALICIOUS  →  Got: MALICIOUS (conf=0.830)  latency=7920ms
    Events: 170  IPG: 10n/22e
    Reasoning: bash writes sensitive data to /tmp/.cache29 (T1074), then executes nc which connects to external IP 34.30.29.1:443 (T1047 C2) — a possible web-shell or reverse proxy scenario.
2026-06-08 16:03:48 [debug    ] ollama_inference               latency_ms=7394.6 model=llama3.1:8b

  ✓ [attack_ext_029]
    Ground truth: MALICIOUS  →  Got: MALICIOUS (conf=0.830)  latency=7920ms
    Events: 170  IPG: 10n/22e
    Reasoning: bash writes sensitive data to /tmp/.cache29 (T1074), then executes nc which connects to external IP 34.30.29.1:443 (T1047 C2) — a possible web-shell or reverse proxy scenario.
2026-06-08 16:03:48 [debug    ] ollama_inference               latency_ms=7394.6 model=llama3.1:8b

  ✗ [attack_ext_030]
    Ground truth: MALICIOUS  →  Got: BENIGN (conf=0.420)  latency=7395ms
    Events: 502  IPG: 10n/23e
    Reasoning: python3's setuid call [T1068/HIGH] is concerning, but the presence of multiple bash and python3 processes interacting with various system resources suggests a complex system configuration rather than a malicious attack.
2026-06-08 16:03:53 [debug    ] ollama_inference               latency_ms=4969.6 model=llama3.1:8b

  ✗ [attack_ext_030]
    Ground truth: MALICIOUS  →  Got: BENIGN (conf=0.420)  latency=7395ms
    Events: 502  IPG: 10n/23e
    Reasoning: python3's setuid call [T1068/HIGH] is concerning, but the presence of multiple bash and python3 processes interacting with various system resources suggests a complex system configuration rather than a malicious attack.
2026-06-08 16:03:53 [debug    ] ollama_inference               latency_ms=4969.6 model=llama3.1:8b

  ✓ [attack_ext_031]
    Ground truth: MALICIOUS  →  Got: MALICIOUS (conf=0.830)  latency=4970ms
    Events: 178  IPG: 6n/15e
    Reasoning: python3 uses ptrace to attach to another process (T1055), indicating possible process injection or control.
2026-06-08 16:04:00 [debug    ] ollama_inference               latency_ms=6650.9 model=llama3.1:8b

  ✓ [attack_ext_031]
    Ground truth: MALICIOUS  →  Got: MALICIOUS (conf=0.830)  latency=4970ms
    Events: 178  IPG: 6n/15e
    Reasoning: python3 uses ptrace to attach to another process (T1055), indicating possible process injection or control.
2026-06-08 16:04:00 [debug    ] ollama_inference               latency_ms=6650.9 model=llama3.1:8b

  ✓ [attack_ext_032]
    Ground truth: MALICIOUS  →  Got: MALICIOUS (conf=0.930)  latency=6651ms
    Events: 92  IPG: 3n/6e
    Reasoning: bash reads /etc/ld.so.cache (T1027) then executes bash from memory (T1059), indicating a command and control flow.
2026-06-08 16:04:08 [debug    ] ollama_inference               latency_ms=7720.3 model=llama3.1:8b

  ✓ [attack_ext_032]
    Ground truth: MALICIOUS  →  Got: MALICIOUS (conf=0.930)  latency=6651ms
    Events: 92  IPG: 3n/6e
    Reasoning: bash reads /etc/ld.so.cache (T1027) then executes bash from memory (T1059), indicating a command and control flow.
2026-06-08 16:04:08 [debug    ] ollama_inference               latency_ms=7720.3 model=llama3.1:8b

  ✓ [attack_ext_033]
    Ground truth: MALICIOUS  →  Got: MALICIOUS (conf=0.630)  latency=7721ms
    Events: 228  IPG: 10n/32e
    Reasoning: nc connects to external IP (T1071 C2) and performs mmap on /dev/null (T1055), which may indicate a malicious netcat usage or a legitimate use case gone wrong.
2026-06-08 16:04:15 [debug    ] ollama_inference               latency_ms=7697.3 model=llama3.1:8b

  ✓ [attack_ext_033]
    Ground truth: MALICIOUS  →  Got: MALICIOUS (conf=0.630)  latency=7721ms
    Events: 228  IPG: 10n/32e
    Reasoning: nc connects to external IP (T1071 C2) and performs mmap on /dev/null (T1055), which may indicate a malicious netcat usage or a legitimate use case gone wrong.
2026-06-08 16:04:15 [debug    ] ollama_inference               latency_ms=7697.3 model=llama3.1:8b

  ✓ [attack_ext_034]
    Ground truth: MALICIOUS  →  Got: MALICIOUS (conf=0.830)  latency=7698ms
    Events: 466  IPG: 7n/16e
    Reasoning: python3 connects to unusual port 31337 (T1071 C2), but no sensitive files are accessed; however, the presence of clone and multiple mmap syscalls suggests a possible process creation or memory mapping anomaly.
2026-06-08 16:04:23 [debug    ] ollama_inference               latency_ms=7223.1 model=llama3.1:8b

  ✓ [attack_ext_034]
    Ground truth: MALICIOUS  →  Got: MALICIOUS (conf=0.830)  latency=7698ms
    Events: 466  IPG: 7n/16e
    Reasoning: python3 connects to unusual port 31337 (T1071 C2), but no sensitive files are accessed; however, the presence of clone and multiple mmap syscalls suggests a possible process creation or memory mapping anomaly.
2026-06-08 16:04:23 [debug    ] ollama_inference               latency_ms=7223.1 model=llama3.1:8b

  ✗ [attack_ext_035]
    Ground truth: MALICIOUS  →  Got: BENIGN (conf=0.420)  latency=7224ms
    Events: 169  IPG: 10n/22e
    Reasoning: multiple bash processes interact with system resources in a complex manner, but no sensitive files are accessed and network communication is internal (RFC-1918).
2026-06-08 16:04:30 [debug    ] ollama_inference               latency_ms=7287.6 model=llama3.1:8b

  ✗ [attack_ext_035]
    Ground truth: MALICIOUS  →  Got: BENIGN (conf=0.420)  latency=7224ms
    Events: 169  IPG: 10n/22e
    Reasoning: multiple bash processes interact with system resources in a complex manner, but no sensitive files are accessed and network communication is internal (RFC-1918).
2026-06-08 16:04:30 [debug    ] ollama_inference               latency_ms=7287.6 model=llama3.1:8b

  ✓ [attack_ext_036]
    Ground truth: MALICIOUS  →  Got: MALICIOUS (conf=0.930)  latency=7288ms
    Events: 170  IPG: 10n/22e
    Reasoning: bash writes to sensitive /tmp/.cache36 (T1003), then executes nc which connects to external IP (T1071 C2) — a web-shell dropper kill-chain.
2026-06-08 16:04:36 [debug    ] ollama_inference               latency_ms=6499.4 model=llama3.1:8b

  ✓ [attack_ext_036]
    Ground truth: MALICIOUS  →  Got: MALICIOUS (conf=0.930)  latency=7288ms
    Events: 170  IPG: 10n/22e
    Reasoning: bash writes to sensitive /tmp/.cache36 (T1003), then executes nc which connects to external IP (T1071 C2) — a web-shell dropper kill-chain.
2026-06-08 16:04:36 [debug    ] ollama_inference               latency_ms=6499.4 model=llama3.1:8b

  ✓ [attack_ext_037]
    Ground truth: MALICIOUS  →  Got: MALICIOUS (conf=0.830)  latency=6500ms
    Events: 502  IPG: 10n/23e
    Reasoning: python3's setuid call to /home/sentinel/Paper1_ZeroTrustAgent (T1068) and multiple instances of bash and python3 interacting with system files suggest a malicious intent.
2026-06-08 16:04:43 [debug    ] ollama_inference               latency_ms=6838.8 model=llama3.1:8b

  ✓ [attack_ext_037]
    Ground truth: MALICIOUS  →  Got: MALICIOUS (conf=0.830)  latency=6500ms
    Events: 502  IPG: 10n/23e
    Reasoning: python3's setuid call to /home/sentinel/Paper1_ZeroTrustAgent (T1068) and multiple instances of bash and python3 interacting with system files suggest a malicious intent.
2026-06-08 16:04:43 [debug    ] ollama_inference               latency_ms=6838.8 model=llama3.1:8b

  ✓ [attack_ext_038]
    Ground truth: MALICIOUS  →  Got: MALICIOUS (conf=0.930)  latency=6839ms
    Events: 178  IPG: 6n/15e
    Reasoning: bash reads /etc/ld.so.cache (T1055) and then executes bash again; python3 also reads ld.so.cache and attempts to inject code via ptrace attach on n4 — a clear indication of process injection.
2026-06-08 16:04:50 [debug    ] ollama_inference               latency_ms=6414.1 model=llama3.1:8b

  ✓ [attack_ext_038]
    Ground truth: MALICIOUS  →  Got: MALICIOUS (conf=0.930)  latency=6839ms
    Events: 178  IPG: 6n/15e
    Reasoning: bash reads /etc/ld.so.cache (T1055) and then executes bash again; python3 also reads ld.so.cache and attempts to inject code via ptrace attach on n4 — a clear indication of process injection.
2026-06-08 16:04:50 [debug    ] ollama_inference               latency_ms=6414.1 model=llama3.1:8b

  ✓ [attack_ext_039]
    Ground truth: MALICIOUS  →  Got: MALICIOUS (conf=0.830)  latency=6415ms
    Events: 92  IPG: 3n/6e
    Reasoning: bash reads /etc/ld.so.cache (T1016), maps memory, then executes new bash instance with mmap-ed memory (T1134 Code Injection).
2026-06-08 16:05:00 [debug    ] ollama_inference               latency_ms=10163.1 model=llama3.1:8b

  ✓ [attack_ext_039]
    Ground truth: MALICIOUS  →  Got: MALICIOUS (conf=0.830)  latency=6415ms
    Events: 92  IPG: 3n/6e
    Reasoning: bash reads /etc/ld.so.cache (T1016), maps memory, then executes new bash instance with mmap-ed memory (T1134 Code Injection).
2026-06-08 16:05:00 [debug    ] ollama_inference               latency_ms=10163.1 model=llama3.1:8b

  ✓ [attack_ext_040]
    Ground truth: MALICIOUS  →  Got: MALICIOUS (conf=0.630)  latency=10164ms
    Events: 227  IPG: 10n/33e
    Reasoning: multiple bash and nc processes interact with system resources in a complex way; while some edges match known TTPs (T1010, T1021, T1055, T1047), the overall pattern is not immediately malicious.
2026-06-08 16:05:08 [debug    ] ollama_inference               latency_ms=8613.6 model=llama3.1:8b

  ✓ [attack_ext_040]
    Ground truth: MALICIOUS  →  Got: MALICIOUS (conf=0.630)  latency=10164ms
    Events: 227  IPG: 10n/33e
    Reasoning: multiple bash and nc processes interact with system resources in a complex way; while some edges match known TTPs (T1010, T1021, T1055, T1047), the overall pattern is not immediately malicious.
2026-06-08 16:05:08 [debug    ] ollama_inference               latency_ms=8613.6 model=llama3.1:8b

  ✓ [attack_ext_041]
    Ground truth: MALICIOUS  →  Got: MALICIOUS (conf=0.830)  latency=8614ms
    Events: 466  IPG: 7n/16e
    Reasoning: python3 reads from /etc/ld.so.cache and executes itself; bash is executed via mmap-execve, then clones itself; however, connect to port 31337 (T1071, T1095) indicates probable C2 beaconing.
2026-06-08 16:05:15 [debug    ] ollama_inference               latency_ms=6811.6 model=llama3.1:8b

  ✓ [attack_ext_041]
    Ground truth: MALICIOUS  →  Got: MALICIOUS (conf=0.830)  latency=8614ms
    Events: 466  IPG: 7n/16e
    Reasoning: python3 reads from /etc/ld.so.cache and executes itself; bash is executed via mmap-execve, then clones itself; however, connect to port 31337 (T1071, T1095) indicates probable C2 beaconing.
2026-06-08 16:05:15 [debug    ] ollama_inference               latency_ms=6811.6 model=llama3.1:8b

  ✗ [attack_ext_042]
    Ground truth: MALICIOUS  →  Got: BENIGN (conf=0.420)  latency=6812ms
    Events: 169  IPG: 10n/22e
    Reasoning: multiple bash and cat processes interact with system resources, but no sensitive files are accessed; nc connects to internal IP address 10.0.43.42:4042 — likely a legitimate internal lateral movement.
2026-06-08 16:05:20 [debug    ] ollama_inference               latency_ms=5184.6 model=llama3.1:8b

  ✗ [attack_ext_042]
    Ground truth: MALICIOUS  →  Got: BENIGN (conf=0.420)  latency=6812ms
    Events: 169  IPG: 10n/22e
    Reasoning: multiple bash and cat processes interact with system resources, but no sensitive files are accessed; nc connects to internal IP address 10.0.43.42:4042 — likely a legitimate internal lateral movement.
2026-06-08 16:05:20 [debug    ] ollama_inference               latency_ms=5184.6 model=llama3.1:8b

  ✓ [benign_cat_hostname]
    Ground truth: BENIGN  →  Got: BENIGN (conf=0.010)  latency=5185ms
    Events: 11  IPG: 3n/4e
    Reasoning: cat reads /etc/ld.so.cache (T1055) but lacks staged payload execution; likely just loading shared libs for its own use.
2026-06-08 16:05:26 [debug    ] ollama_inference               latency_ms=5646.8 model=llama3.1:8b

  ✓ [benign_cat_hostname]
    Ground truth: BENIGN  →  Got: BENIGN (conf=0.010)  latency=5185ms
    Events: 11  IPG: 3n/4e
    Reasoning: cat reads /etc/ld.so.cache (T1055) but lacks staged payload execution; likely just loading shared libs for its own use.
2026-06-08 16:05:26 [debug    ] ollama_inference               latency_ms=5646.8 model=llama3.1:8b

  ✗ [benign_cat_os_release]
    Ground truth: BENIGN  →  Got: MALICIOUS (conf=0.850)  latency=5647ms
    Events: 11  IPG: 3n/4e
    Reasoning: cat reads /etc/ld.so.cache and maps it into memory via mmap — a classic technique for directory traversal (T1055.001).
2026-06-08 16:05:31 [debug    ] ollama_inference               latency_ms=4740.1 model=llama3.1:8b

  ✗ [benign_cat_os_release]
    Ground truth: BENIGN  →  Got: MALICIOUS (conf=0.850)  latency=5647ms
    Events: 11  IPG: 3n/4e
    Reasoning: cat reads /etc/ld.so.cache and maps it into memory via mmap — a classic technique for directory traversal (T1055.001).
2026-06-08 16:05:31 [debug    ] ollama_inference               latency_ms=4740.1 model=llama3.1:8b

  ✓ [benign_ext_001]
    Ground truth: BENIGN  →  Got: BENIGN (conf=0.850)  latency=4741ms
    Events: 46  IPG: 3n/5e
    Reasoning: bash reads ld.so.cache and locale data — normal dynamic linking behaviour matching T1003.
2026-06-08 16:05:37 [debug    ] ollama_inference               latency_ms=6357.3 model=llama3.1:8b

  ✓ [benign_ext_001]
    Ground truth: BENIGN  →  Got: BENIGN (conf=0.850)  latency=4741ms
    Events: 46  IPG: 3n/5e
    Reasoning: bash reads ld.so.cache and locale data — normal dynamic linking behaviour matching T1003.
2026-06-08 16:05:37 [debug    ] ollama_inference               latency_ms=6357.3 model=llama3.1:8b

  ✓ [benign_ext_002]
    Ground truth: BENIGN  →  Got: BENIGN (conf=0.620)  latency=6358ms
    Events: 107  IPG: 6n/11e
    Reasoning: bash processes access system files and memory mappings in a complex sequence; however, this is likely due to dynamic linking and locale setup rather than a malicious intent.
2026-06-08 16:05:44 [debug    ] ollama_inference               latency_ms=6696.0 model=llama3.1:8b

  ✓ [benign_ext_002]
    Ground truth: BENIGN  →  Got: BENIGN (conf=0.620)  latency=6358ms
    Events: 107  IPG: 6n/11e
    Reasoning: bash processes access system files and memory mappings in a complex sequence; however, this is likely due to dynamic linking and locale setup rather than a malicious intent.
2026-06-08 16:05:44 [debug    ] ollama_inference               latency_ms=6696.0 model=llama3.1:8b

  ✓ [benign_ext_003]
    Ground truth: BENIGN  →  Got: BENIGN (conf=0.320)  latency=6697ms
    Events: 89  IPG: 6n/11e
    Reasoning: multiple mmaps and openat(R)s on /etc/ld.so.cache and locale directories suggest memory-intensive operations; execve of whoami is likely legitimate access to its own binary or locale data.
2026-06-08 16:05:50 [debug    ] ollama_inference               latency_ms=5974.1 model=llama3.1:8b

  ✓ [benign_ext_003]
    Ground truth: BENIGN  →  Got: BENIGN (conf=0.320)  latency=6697ms
    Events: 89  IPG: 6n/11e
    Reasoning: multiple mmaps and openat(R)s on /etc/ld.so.cache and locale directories suggest memory-intensive operations; execve of whoami is likely legitimate access to its own binary or locale data.
2026-06-08 16:05:50 [debug    ] ollama_inference               latency_ms=5974.1 model=llama3.1:8b

  ✓ [benign_ext_004]
    Ground truth: BENIGN  →  Got: BENIGN (conf=0.010)  latency=5975ms
    Events: 57  IPG: 6n/10e
    Reasoning: multiple bash processes execute normally (mmap → openat(R) → execve), and a separate hostname process also executes without issue.
2026-06-08 16:05:56 [debug    ] ollama_inference               latency_ms=6548.7 model=llama3.1:8b

  ✓ [benign_ext_004]
    Ground truth: BENIGN  →  Got: BENIGN (conf=0.010)  latency=5975ms
    Events: 57  IPG: 6n/10e
    Reasoning: multiple bash processes execute normally (mmap → openat(R) → execve), and a separate hostname process also executes without issue.
2026-06-08 16:05:56 [debug    ] ollama_inference               latency_ms=6548.7 model=llama3.1:8b

  ✓ [benign_ext_005]
    Ground truth: BENIGN  →  Got: BENIGN (conf=0.420)  latency=6549ms
    Events: 88  IPG: 6n/11e
    Reasoning: multiple bash and date processes interact with system libraries and locale data; while unusual_comm=true indicates non-standard process names (T1036), the pattern does not match any known APT kill-chains.
2026-06-08 16:06:03 [debug    ] ollama_inference               latency_ms=7004.8 model=llama3.1:8b

  ✓ [benign_ext_005]
    Ground truth: BENIGN  →  Got: BENIGN (conf=0.420)  latency=6549ms
    Events: 88  IPG: 6n/11e
    Reasoning: multiple bash and date processes interact with system libraries and locale data; while unusual_comm=true indicates non-standard process names (T1036), the pattern does not match any known APT kill-chains.
2026-06-08 16:06:03 [debug    ] ollama_inference               latency_ms=7004.8 model=llama3.1:8b

  ✓ [benign_ext_006]
    Ground truth: BENIGN  →  Got: BENIGN (conf=0.420)  latency=7005ms
    Events: 87  IPG: 6n/11e
    Reasoning: bash processes interact with system files and memory mappings via mmap and openat(R), but no clear evidence of malicious intent; uname processes appear normal.
2026-06-08 16:06:10 [debug    ] ollama_inference               latency_ms=6527.7 model=llama3.1:8b

  ✓ [benign_ext_006]
    Ground truth: BENIGN  →  Got: BENIGN (conf=0.420)  latency=7005ms
    Events: 87  IPG: 6n/11e
    Reasoning: bash processes interact with system files and memory mappings via mmap and openat(R), but no clear evidence of malicious intent; uname processes appear normal.
2026-06-08 16:06:10 [debug    ] ollama_inference               latency_ms=6527.7 model=llama3.1:8b

  ✓ [benign_ext_007]
    Ground truth: BENIGN  →  Got: BENIGN (conf=0.010)  latency=6528ms
    Events: 109  IPG: 8n/22e
    Reasoning: multiple bash and head processes access system files with mmap() and openat(R) calls — normal system initialization or maintenance activity.
2026-06-08 16:06:16 [debug    ] ollama_inference               latency_ms=6358.2 model=llama3.1:8b

  ✓ [benign_ext_007]
    Ground truth: BENIGN  →  Got: BENIGN (conf=0.010)  latency=6528ms
    Events: 109  IPG: 8n/22e
    Reasoning: multiple bash and head processes access system files with mmap() and openat(R) calls — normal system initialization or maintenance activity.
2026-06-08 16:06:16 [debug    ] ollama_inference               latency_ms=6358.2 model=llama3.1:8b

  ✓ [benign_ext_008]
    Ground truth: BENIGN  →  Got: BENIGN (conf=0.850)  latency=6359ms
    Events: 89  IPG: 6n/11e
    Reasoning: multiple bash processes interact with system libraries and config files — likely system initialization or configuration steps, despite unusual_comm=true due to multiple non-standard bash names.
2026-06-08 16:06:23 [debug    ] ollama_inference               latency_ms=6568.3 model=llama3.1:8b

  ✓ [benign_ext_008]
    Ground truth: BENIGN  →  Got: BENIGN (conf=0.850)  latency=6359ms
    Events: 89  IPG: 6n/11e
    Reasoning: multiple bash processes interact with system libraries and config files — likely system initialization or configuration steps, despite unusual_comm=true due to multiple non-standard bash names.
2026-06-08 16:06:23 [debug    ] ollama_inference               latency_ms=6568.3 model=llama3.1:8b

  ✓ [benign_ext_009]
    Ground truth: BENIGN  →  Got: BENIGN (conf=0.850)  latency=6569ms
    Events: 135  IPG: 6n/11e
    Reasoning: bash processes interact with various system files (T1036), but all edges are consistent with normal system calls for locale file access and uptime execution — no suspicious causal chains or sensitive file access.
2026-06-08 16:06:30 [debug    ] ollama_inference               latency_ms=6641.9 model=llama3.1:8b

  ✓ [benign_ext_009]
    Ground truth: BENIGN  →  Got: BENIGN (conf=0.850)  latency=6569ms
    Events: 135  IPG: 6n/11e
    Reasoning: bash processes interact with various system files (T1036), but all edges are consistent with normal system calls for locale file access and uptime execution — no suspicious causal chains or sensitive file access.
2026-06-08 16:06:30 [debug    ] ollama_inference               latency_ms=6641.9 model=llama3.1:8b

  ✗ [benign_ext_010]
    Ground truth: BENIGN  →  Got: MALICIOUS (conf=0.850)  latency=6642ms
    Events: 87  IPG: 6n/11e
    Reasoning: locale processes masquerade as bash by executing /usr/bin/locale and reading from /etc/ld.so.cache and /usr/lib/locale (T1036 Masquerading), with unusual_comm signal confirming non-standard process name.
2026-06-08 16:06:35 [debug    ] ollama_inference               latency_ms=5795.9 model=llama3.1:8b

  ✗ [benign_ext_010]
    Ground truth: BENIGN  →  Got: MALICIOUS (conf=0.850)  latency=6642ms
    Events: 87  IPG: 6n/11e
    Reasoning: locale processes masquerade as bash by executing /usr/bin/locale and reading from /etc/ld.so.cache and /usr/lib/locale (T1036 Masquerading), with unusual_comm signal confirming non-standard process name.
2026-06-08 16:06:35 [debug    ] ollama_inference               latency_ms=5795.9 model=llama3.1:8b

  ✓ [benign_ext_011]
    Ground truth: BENIGN  →  Got: BENIGN (conf=0.060)  latency=5796ms
    Events: 88  IPG: 6n/11e
    Reasoning: bash memory-maps /etc/ld.so.cache and locale files, then executes wc — normal system library loading and locale initialization.
2026-06-08 16:06:42 [debug    ] ollama_inference               latency_ms=6341.7 model=llama3.1:8b

  ✓ [benign_ext_011]
    Ground truth: BENIGN  →  Got: BENIGN (conf=0.060)  latency=5796ms
    Events: 88  IPG: 6n/11e
    Reasoning: bash memory-maps /etc/ld.so.cache and locale files, then executes wc — normal system library loading and locale initialization.
2026-06-08 16:06:42 [debug    ] ollama_inference               latency_ms=6341.7 model=llama3.1:8b

  ✓ [benign_ext_012]
    Ground truth: BENIGN  →  Got: BENIGN (conf=0.060)  latency=6342ms
    Events: 88  IPG: 6n/11e
    Reasoning: bash repeatedly maps /etc/ld.so.cache and locale files; head does the same — consistent with system library loading and locale initialization.
2026-06-08 16:06:48 [debug    ] ollama_inference               latency_ms=5908.5 model=llama3.1:8b

  ✓ [benign_ext_012]
    Ground truth: BENIGN  →  Got: BENIGN (conf=0.060)  latency=6342ms
    Events: 88  IPG: 6n/11e
    Reasoning: bash repeatedly maps /etc/ld.so.cache and locale files; head does the same — consistent with system library loading and locale initialization.
2026-06-08 16:06:48 [debug    ] ollama_inference               latency_ms=5908.5 model=llama3.1:8b

  ✓ [benign_ext_013]
    Ground truth: BENIGN  →  Got: BENIGN (conf=0.010)  latency=5909ms
    Events: 96  IPG: 6n/11e
    Reasoning: bash and grep processes map shared libraries and locale data — normal system initialization behaviour with no suspicious edges.
2026-06-08 16:06:55 [debug    ] ollama_inference               latency_ms=7142.1 model=llama3.1:8b

  ✓ [benign_ext_013]
    Ground truth: BENIGN  →  Got: BENIGN (conf=0.010)  latency=5909ms
    Events: 96  IPG: 6n/11e
    Reasoning: bash and grep processes map shared libraries and locale data — normal system initialization behaviour with no suspicious edges.
2026-06-08 16:06:55 [debug    ] ollama_inference               latency_ms=7142.1 model=llama3.1:8b

  ✓ [benign_ext_014]
    Ground truth: BENIGN  →  Got: BENIGN (conf=0.420)  latency=7143ms
    Events: 97  IPG: 6n/13e
    Reasoning: bash processes exhibit complex memory management and cloning, but no malicious file access or execution; sort process is spawned normally, with mmap on common library cache and locale files.
2026-06-08 16:07:01 [debug    ] ollama_inference               latency_ms=6018.6 model=llama3.1:8b

  ✓ [benign_ext_014]
    Ground truth: BENIGN  →  Got: BENIGN (conf=0.420)  latency=7143ms
    Events: 97  IPG: 6n/13e
    Reasoning: bash processes exhibit complex memory management and cloning, but no malicious file access or execution; sort process is spawned normally, with mmap on common library cache and locale files.
2026-06-08 16:07:01 [debug    ] ollama_inference               latency_ms=6018.6 model=llama3.1:8b

  ✓ [benign_ext_015]
    Ground truth: BENIGN  →  Got: BENIGN (conf=0.060)  latency=6019ms
    Events: 110  IPG: 5n/12e
    Reasoning: bash processes load system libraries and locale files via mmap and openat(R) — a common pattern for dynamic linking.
2026-06-08 16:07:06 [debug    ] ollama_inference               latency_ms=5528.6 model=llama3.1:8b

  ✓ [benign_ext_015]
    Ground truth: BENIGN  →  Got: BENIGN (conf=0.060)  latency=6019ms
    Events: 110  IPG: 5n/12e
    Reasoning: bash processes load system libraries and locale files via mmap and openat(R) — a common pattern for dynamic linking.
2026-06-08 16:07:06 [debug    ] ollama_inference               latency_ms=5528.6 model=llama3.1:8b

  ✗ [benign_ext_016]
    Ground truth: BENIGN  →  Got: MALICIOUS (conf=0.830)  latency=5529ms
    Events: 110  IPG: 5n/12e
    Reasoning: bash reads sensitive /proc/filesystems (T1089) and engages in complex memory mapping operations — indicative of potential malicious activity.
2026-06-08 16:07:13 [debug    ] ollama_inference               latency_ms=6569.8 model=llama3.1:8b

  ✗ [benign_ext_016]
    Ground truth: BENIGN  →  Got: MALICIOUS (conf=0.830)  latency=5529ms
    Events: 110  IPG: 5n/12e
    Reasoning: bash reads sensitive /proc/filesystems (T1089) and engages in complex memory mapping operations — indicative of potential malicious activity.
2026-06-08 16:07:13 [debug    ] ollama_inference               latency_ms=6569.8 model=llama3.1:8b

  ✗ [benign_ext_017]
    Ground truth: BENIGN  →  Got: MALICIOUS (conf=0.830)  latency=6570ms
    Events: 91  IPG: 6n/11e
    Reasoning: bash executes /usr/bin/file with execve, which injects into file processes that mmap various system files (T1055) and access locale data (T1021).
2026-06-08 16:07:20 [debug    ] ollama_inference               latency_ms=6947.5 model=llama3.1:8b

  ✗ [benign_ext_017]
    Ground truth: BENIGN  →  Got: MALICIOUS (conf=0.830)  latency=6570ms
    Events: 91  IPG: 6n/11e
    Reasoning: bash executes /usr/bin/file with execve, which injects into file processes that mmap various system files (T1055) and access locale data (T1021).
2026-06-08 16:07:20 [debug    ] ollama_inference               latency_ms=6947.5 model=llama3.1:8b

  ✓ [benign_ext_018]
    Ground truth: BENIGN  →  Got: BENIGN (conf=0.420)  latency=6948ms
    Events: 87  IPG: 6n/11e
    Reasoning: multiple bash processes with mmap → openat(R) chains accessing /etc/ld.so.cache and locale directories; while unusual_comm=true indicates non-standard process name (T1036), the pattern does not match any known malicious patterns.
2026-06-08 16:07:26 [debug    ] ollama_inference               latency_ms=6237.6 model=llama3.1:8b

  ✓ [benign_ext_018]
    Ground truth: BENIGN  →  Got: BENIGN (conf=0.420)  latency=6948ms
    Events: 87  IPG: 6n/11e
    Reasoning: multiple bash processes with mmap → openat(R) chains accessing /etc/ld.so.cache and locale directories; while unusual_comm=true indicates non-standard process name (T1036), the pattern does not match any known malicious patterns.
2026-06-08 16:07:26 [debug    ] ollama_inference               latency_ms=6237.6 model=llama3.1:8b

  ✓ [benign_ext_019]
    Ground truth: BENIGN  →  Got: BENIGN (conf=0.080)  latency=6238ms
    Events: 103  IPG: 6n/11e
    Reasoning: bash processes load libraries and set locales using stat and mmap syscalls — normal system initialization behaviour with no suspicious edges.
2026-06-08 16:07:33 [debug    ] ollama_inference               latency_ms=6674.9 model=llama3.1:8b

  ✓ [benign_ext_019]
    Ground truth: BENIGN  →  Got: BENIGN (conf=0.080)  latency=6238ms
    Events: 103  IPG: 6n/11e
    Reasoning: bash processes load libraries and set locales using stat and mmap syscalls — normal system initialization behaviour with no suspicious edges.
2026-06-08 16:07:33 [debug    ] ollama_inference               latency_ms=6674.9 model=llama3.1:8b

  ✓ [benign_ext_020]
    Ground truth: BENIGN  →  Got: BENIGN (conf=0.620)  latency=6675ms
    Events: 108  IPG: 6n/13e
    Reasoning: bash and find processes interact with system libraries via mmap and openat(R), but the sequence does not clearly indicate a malicious intent (e.g., no sensitive file access, no execve from temp dirs).
2026-06-08 16:07:40 [debug    ] ollama_inference               latency_ms=7177.8 model=llama3.1:8b

  ✓ [benign_ext_020]
    Ground truth: BENIGN  →  Got: BENIGN (conf=0.620)  latency=6675ms
    Events: 108  IPG: 6n/13e
    Reasoning: bash and find processes interact with system libraries via mmap and openat(R), but the sequence does not clearly indicate a malicious intent (e.g., no sensitive file access, no execve from temp dirs).
2026-06-08 16:07:40 [debug    ] ollama_inference               latency_ms=7177.8 model=llama3.1:8b

  ✓ [benign_ext_021]
    Ground truth: BENIGN  →  Got: BENIGN (conf=0.420)  latency=7178ms
    Events: 149  IPG: 6n/13e
    Reasoning: bash reads various system files and maps memory for system libraries; getent processes read locale data and libc.so.6 — normal system behaviour with some unusual process names.
2026-06-08 16:07:48 [debug    ] ollama_inference               latency_ms=7782.8 model=llama3.1:8b

  ✓ [benign_ext_021]
    Ground truth: BENIGN  →  Got: BENIGN (conf=0.420)  latency=7178ms
    Events: 149  IPG: 6n/13e
    Reasoning: bash reads various system files and maps memory for system libraries; getent processes read locale data and libc.so.6 — normal system behaviour with some unusual process names.
2026-06-08 16:07:48 [debug    ] ollama_inference               latency_ms=7782.8 model=llama3.1:8b

  ✓ [benign_ext_022]
    Ground truth: BENIGN  →  Got: BENIGN (conf=0.420)  latency=7783ms
    Events: 88  IPG: 6n/11e
    Reasoning: multiple openat(R) calls to /etc/ld.so.cache and /usr/lib/locale/C.utf8/LC_IDENTIFICATION suggest file discovery (T1055), but the lack of clear causal chain or malicious intent keeps confidence low.
2026-06-08 16:07:55 [debug    ] ollama_inference               latency_ms=7237.2 model=llama3.1:8b

  ✓ [benign_ext_022]
    Ground truth: BENIGN  →  Got: BENIGN (conf=0.420)  latency=7783ms
    Events: 88  IPG: 6n/11e
    Reasoning: multiple openat(R) calls to /etc/ld.so.cache and /usr/lib/locale/C.utf8/LC_IDENTIFICATION suggest file discovery (T1055), but the lack of clear causal chain or malicious intent keeps confidence low.
2026-06-08 16:07:55 [debug    ] ollama_inference               latency_ms=7237.2 model=llama3.1:8b

  ✗ [benign_ext_023]
    Ground truth: BENIGN  →  Got: MALICIOUS (conf=0.830)  latency=7238ms
    Events: 89  IPG: 6n/11e
    Reasoning: bash and cat processes engage in complex memory mapping and file access patterns, including T1055 (file discovery) and possible data exfiltration via mmap syscalls.
2026-06-08 16:08:03 [debug    ] ollama_inference               latency_ms=8076.1 model=llama3.1:8b

  ✗ [benign_ext_023]
    Ground truth: BENIGN  →  Got: MALICIOUS (conf=0.830)  latency=7238ms
    Events: 89  IPG: 6n/11e
    Reasoning: bash and cat processes engage in complex memory mapping and file access patterns, including T1055 (file discovery) and possible data exfiltration via mmap syscalls.
2026-06-08 16:08:03 [debug    ] ollama_inference               latency_ms=8076.1 model=llama3.1:8b

  ✗ [benign_ext_024]
    Ground truth: BENIGN  →  Got: MALICIOUS (conf=0.630)  latency=8077ms
    Events: 103  IPG: 8n/23e
    Reasoning: bash reads sensitive files like /proc/filesystems and /usr/lib/locale/C.utf8/LC_IDENTIFICATION (T1003), while also creating memory mappings on ld.so.cache (T1016) — a complex pattern that warrants further investigation.
2026-06-08 16:08:09 [debug    ] ollama_inference               latency_ms=6304.7 model=llama3.1:8b

  ✗ [benign_ext_024]
    Ground truth: BENIGN  →  Got: MALICIOUS (conf=0.630)  latency=8077ms
    Events: 103  IPG: 8n/23e
    Reasoning: bash reads sensitive files like /proc/filesystems and /usr/lib/locale/C.utf8/LC_IDENTIFICATION (T1003), while also creating memory mappings on ld.so.cache (T1016) — a complex pattern that warrants further investigation.
2026-06-08 16:08:09 [debug    ] ollama_inference               latency_ms=6304.7 model=llama3.1:8b

  ✓ [benign_ext_025]
    Ground truth: BENIGN  →  Got: BENIGN (conf=0.010)  latency=6305ms
    Events: 718  IPG: 9n/26e
    Reasoning: multiple bash processes interact with various system files and memory mappings in a complex sequence, but no sensitive files are accessed and no malicious patterns emerge.
2026-06-08 16:08:17 [debug    ] ollama_inference               latency_ms=7362.0 model=llama3.1:8b

  ✓ [benign_ext_025]
    Ground truth: BENIGN  →  Got: BENIGN (conf=0.010)  latency=6305ms
    Events: 718  IPG: 9n/26e
    Reasoning: multiple bash processes interact with various system files and memory mappings in a complex sequence, but no sensitive files are accessed and no malicious patterns emerge.
2026-06-08 16:08:17 [debug    ] ollama_inference               latency_ms=7362.0 model=llama3.1:8b

  ✓ [benign_ext_026]
    Ground truth: BENIGN  →  Got: BENIGN (conf=0.420)  latency=7363ms
    Events: 687  IPG: 9n/24e
    Reasoning: bash processes interact with various system files and memory regions in a complex pattern; however, the presence of head and ps as unusual_comm=true suggests possible T1036 (Masquerading) activity.
2026-06-08 16:08:23 [debug    ] ollama_inference               latency_ms=5790.6 model=llama3.1:8b

  ✓ [benign_ext_026]
    Ground truth: BENIGN  →  Got: BENIGN (conf=0.420)  latency=7363ms
    Events: 687  IPG: 9n/24e
    Reasoning: bash processes interact with various system files and memory regions in a complex pattern; however, the presence of head and ps as unusual_comm=true suggests possible T1036 (Masquerading) activity.
2026-06-08 16:08:23 [debug    ] ollama_inference               latency_ms=5790.6 model=llama3.1:8b

  ✓ [benign_ext_027]
    Ground truth: BENIGN  →  Got: BENIGN (conf=0.010)  latency=5791ms
    Events: 171  IPG: 8n/26e
    Reasoning: multiple bash and head processes with non-standard names (T1036) perform mmap() and openat() on system files — likely a benign process scanning system libraries.
2026-06-08 16:08:30 [debug    ] ollama_inference               latency_ms=7503.8 model=llama3.1:8b

  ✓ [benign_ext_027]
    Ground truth: BENIGN  →  Got: BENIGN (conf=0.010)  latency=5791ms
    Events: 171  IPG: 8n/26e
    Reasoning: multiple bash and head processes with non-standard names (T1036) perform mmap() and openat() on system files — likely a benign process scanning system libraries.
2026-06-08 16:08:30 [debug    ] ollama_inference               latency_ms=7503.8 model=llama3.1:8b

  ✓ [benign_ext_028]
    Ground truth: BENIGN  →  Got: BENIGN (conf=0.420)  latency=7504ms
    Events: 192  IPG: 6n/14e
    Reasoning: bash processes interact with various system files and memory mappings in a complex sequence; while unusual_comm=true raises suspicion, the syscalls are consistent with normal system file access and memory allocation for system maintenance or debugging.
2026-06-08 16:08:37 [debug    ] ollama_inference               latency_ms=7050.7 model=llama3.1:8b

  ✓ [benign_ext_028]
    Ground truth: BENIGN  →  Got: BENIGN (conf=0.420)  latency=7504ms
    Events: 192  IPG: 6n/14e
    Reasoning: bash processes interact with various system files and memory mappings in a complex sequence; while unusual_comm=true raises suspicion, the syscalls are consistent with normal system file access and memory allocation for system maintenance or debugging.
2026-06-08 16:08:37 [debug    ] ollama_inference               latency_ms=7050.7 model=llama3.1:8b

  ✓ [benign_ext_029]
    Ground truth: BENIGN  →  Got: BENIGN (conf=0.420)  latency=7051ms
    Events: 209  IPG: 6n/13e
    Reasoning: bash processes interact with various system files and memory regions via mmap syscalls; journalctl reads systemd libraries — while unusual_comm is present, no malicious patterns emerge from the graph.
2026-06-08 16:08:43 [debug    ] ollama_inference               latency_ms=6127.7 model=llama3.1:8b

  ✓ [benign_ext_029]
    Ground truth: BENIGN  →  Got: BENIGN (conf=0.420)  latency=7051ms
    Events: 209  IPG: 6n/13e
    Reasoning: bash processes interact with various system files and memory regions via mmap syscalls; journalctl reads systemd libraries — while unusual_comm is present, no malicious patterns emerge from the graph.
2026-06-08 16:08:43 [debug    ] ollama_inference               latency_ms=6127.7 model=llama3.1:8b

  ✓ [benign_ext_030]
    Ground truth: BENIGN  →  Got: BENIGN (conf=0.620)  latency=6128ms
    Events: 203  IPG: 6n/13e
    Reasoning: bash reads sensitive /proc/filesystems (T1082), but this is part of a larger process creation and file access chain; no clear malicious intent.
2026-06-08 16:08:50 [debug    ] ollama_inference               latency_ms=6682.8 model=llama3.1:8b

  ✓ [benign_ext_030]
    Ground truth: BENIGN  →  Got: BENIGN (conf=0.620)  latency=6128ms
    Events: 203  IPG: 6n/13e
    Reasoning: bash reads sensitive /proc/filesystems (T1082), but this is part of a larger process creation and file access chain; no clear malicious intent.
2026-06-08 16:08:50 [debug    ] ollama_inference               latency_ms=6682.8 model=llama3.1:8b

  ✗ [benign_ext_031]
    Ground truth: BENIGN  →  Got: MALICIOUS (conf=0.630)  latency=6683ms
    Events: 203  IPG: 6n/13e
    Reasoning: bash reads sensitive /proc/filesystems (T1089) and executes /usr/bin/timedatectl (T1055), which may be a lateral movement vector or privilege escalation attempt.
2026-06-08 16:08:58 [debug    ] ollama_inference               latency_ms=8213.2 model=llama3.1:8b

  ✗ [benign_ext_031]
    Ground truth: BENIGN  →  Got: MALICIOUS (conf=0.630)  latency=6683ms
    Events: 203  IPG: 6n/13e
    Reasoning: bash reads sensitive /proc/filesystems (T1089) and executes /usr/bin/timedatectl (T1055), which may be a lateral movement vector or privilege escalation attempt.
2026-06-08 16:08:58 [debug    ] ollama_inference               latency_ms=8213.2 model=llama3.1:8b

  ✓ [benign_ext_032]
    Ground truth: BENIGN  →  Got: BENIGN (conf=0.420)  latency=8214ms
    Events: 219  IPG: 5n/12e
    Reasoning: multiple bash processes interact with system resources in a complex way, but this could be normal system maintenance or cleanup; one loginctl process interacts with libc and its own memory in a way that is unusual but not necessarily malicious.
2026-06-08 16:09:05 [debug    ] ollama_inference               latency_ms=6563.2 model=llama3.1:8b

  ✓ [benign_ext_032]
    Ground truth: BENIGN  →  Got: BENIGN (conf=0.420)  latency=8214ms
    Events: 219  IPG: 5n/12e
    Reasoning: multiple bash processes interact with system resources in a complex way, but this could be normal system maintenance or cleanup; one loginctl process interacts with libc and its own memory in a way that is unusual but not necessarily malicious.
2026-06-08 16:09:05 [debug    ] ollama_inference               latency_ms=6563.2 model=llama3.1:8b

  ✓ [benign_ext_033]
    Ground truth: BENIGN  →  Got: BENIGN (conf=0.680)  latency=6564ms
    Events: 83  IPG: 6n/12e
    Reasoning: bash uses mmap and clone extensively, but this is likely due to memory-intensive operations or process forking; ss executes normally from /usr/bin/ss.
2026-06-08 16:09:13 [debug    ] ollama_inference               latency_ms=7948.0 model=llama3.1:8b

  ✓ [benign_ext_033]
    Ground truth: BENIGN  →  Got: BENIGN (conf=0.680)  latency=6564ms
    Events: 83  IPG: 6n/12e
    Reasoning: bash uses mmap and clone extensively, but this is likely due to memory-intensive operations or process forking; ss executes normally from /usr/bin/ss.
2026-06-08 16:09:13 [debug    ] ollama_inference               latency_ms=7948.0 model=llama3.1:8b

  ✗ [benign_ext_034]
    Ground truth: BENIGN  →  Got: MALICIOUS (conf=0.630)  latency=7949ms
    Events: 110  IPG: 9n/24e
    Reasoning: bash processes interact with system files like /dev/null and /etc/ld.so.cache (T1059), but also read from other system files like /usr/lib/locale/C.utf8/LC_IDENTIFICATION; the unusual_comm signal is present.
2026-06-08 16:09:18 [debug    ] ollama_inference               latency_ms=5598.0 model=llama3.1:8b

  ✗ [benign_ext_034]
    Ground truth: BENIGN  →  Got: MALICIOUS (conf=0.630)  latency=7949ms
    Events: 110  IPG: 9n/24e
    Reasoning: bash processes interact with system files like /dev/null and /etc/ld.so.cache (T1059), but also read from other system files like /usr/lib/locale/C.utf8/LC_IDENTIFICATION; the unusual_comm signal is present.
2026-06-08 16:09:18 [debug    ] ollama_inference               latency_ms=5598.0 model=llama3.1:8b

  ✓ [benign_ext_035]
    Ground truth: BENIGN  →  Got: BENIGN (conf=0.010)  latency=5599ms
    Events: 104  IPG: 9n/26e
    Reasoning: multiple bash processes interact with system libraries and configuration files via mmap() and openat(), but no sensitive file access or malicious edge patterns are observed.
2026-06-08 16:09:25 [debug    ] ollama_inference               latency_ms=6249.6 model=llama3.1:8b

  ✓ [benign_ext_035]
    Ground truth: BENIGN  →  Got: BENIGN (conf=0.010)  latency=5599ms
    Events: 104  IPG: 9n/26e
    Reasoning: multiple bash processes interact with system libraries and configuration files via mmap() and openat(), but no sensitive file access or malicious edge patterns are observed.
2026-06-08 16:09:25 [debug    ] ollama_inference               latency_ms=6249.6 model=llama3.1:8b

  ✗ [benign_ext_036]
    Ground truth: BENIGN  →  Got: MALICIOUS (conf=0.830)  latency=6250ms
    Events: 103  IPG: 7n/13e
    Reasoning: setuid call from ping process (T1068) and complex memory mapping pattern with mmap calls between different nodes indicate potential privilege escalation and malicious activity.
2026-06-08 16:09:31 [debug    ] ollama_inference               latency_ms=6057.0 model=llama3.1:8b

  ✗ [benign_ext_036]
    Ground truth: BENIGN  →  Got: MALICIOUS (conf=0.830)  latency=6250ms
    Events: 103  IPG: 7n/13e
    Reasoning: setuid call from ping process (T1068) and complex memory mapping pattern with mmap calls between different nodes indicate potential privilege escalation and malicious activity.
2026-06-08 16:09:31 [debug    ] ollama_inference               latency_ms=6057.0 model=llama3.1:8b

  ✓ [benign_ext_037]
    Ground truth: BENIGN  →  Got: BENIGN (conf=0.850)  latency=6057ms
    Events: 175  IPG: 9n/21e
    Reasoning: multiple dpkg processes execute legitimate binaries and access expected files — likely a package manager operation.
2026-06-08 16:09:38 [debug    ] ollama_inference               latency_ms=7092.3 model=llama3.1:8b

  ✓ [benign_ext_037]
    Ground truth: BENIGN  →  Got: BENIGN (conf=0.850)  latency=6057ms
    Events: 175  IPG: 9n/21e
    Reasoning: multiple dpkg processes execute legitimate binaries and access expected files — likely a package manager operation.
2026-06-08 16:09:38 [debug    ] ollama_inference               latency_ms=7092.3 model=llama3.1:8b

  ✓ [benign_ext_038]
    Ground truth: BENIGN  →  Got: BENIGN (conf=0.620)  latency=7093ms
    Events: 377  IPG: 12n/39e
    Reasoning: bash reads sensitive /proc/self/fd (T1003), but this is part of a larger apt-cache/dpkg interaction that appears to be normal package management activity.
2026-06-08 16:09:45 [debug    ] ollama_inference               latency_ms=7332.5 model=llama3.1:8b

  ✓ [benign_ext_038]
    Ground truth: BENIGN  →  Got: BENIGN (conf=0.620)  latency=7093ms
    Events: 377  IPG: 12n/39e
    Reasoning: bash reads sensitive /proc/self/fd (T1003), but this is part of a larger apt-cache/dpkg interaction that appears to be normal package management activity.
2026-06-08 16:09:45 [debug    ] ollama_inference               latency_ms=7332.5 model=llama3.1:8b

  ✗ [benign_ext_039]
    Ground truth: BENIGN  →  Got: MALICIOUS (conf=0.630)  latency=7333ms
    Events: 112  IPG: 6n/11e
    Reasoning: execve from /usr/bin/python3 (T1055) and multiple large-dt_max-ms mmap syscalls suggest potential process injection or memory corruption — however, the context is unclear without further investigation.
2026-06-08 16:09:52 [debug    ] ollama_inference               latency_ms=7436.9 model=llama3.1:8b

  ✗ [benign_ext_039]
    Ground truth: BENIGN  →  Got: MALICIOUS (conf=0.630)  latency=7333ms
    Events: 112  IPG: 6n/11e
    Reasoning: execve from /usr/bin/python3 (T1055) and multiple large-dt_max-ms mmap syscalls suggest potential process injection or memory corruption — however, the context is unclear without further investigation.
2026-06-08 16:09:52 [debug    ] ollama_inference               latency_ms=7436.9 model=llama3.1:8b

  ✓ [benign_ext_040]
    Ground truth: BENIGN  →  Got: BENIGN (conf=0.420)  latency=7437ms
    Events: 128  IPG: 6n/11e
    Reasoning: multiple bash and python3 processes interact with various files and memory regions, but the edge sequence does not clearly indicate malicious intent; T1055 process injection is possible via execve from /usr/bin/python3, but this is a common system file.
2026-06-08 16:10:00 [debug    ] ollama_inference               latency_ms=7810.5 model=llama3.1:8b

  ✓ [benign_ext_040]
    Ground truth: BENIGN  →  Got: BENIGN (conf=0.420)  latency=7437ms
    Events: 128  IPG: 6n/11e
    Reasoning: multiple bash and python3 processes interact with various files and memory regions, but the edge sequence does not clearly indicate malicious intent; T1055 process injection is possible via execve from /usr/bin/python3, but this is a common system file.
2026-06-08 16:10:00 [debug    ] ollama_inference               latency_ms=7810.5 model=llama3.1:8b

  ✓ [benign_ext_041]
    Ground truth: BENIGN  →  Got: BENIGN (conf=0.560)  latency=7811ms
    Events: 126  IPG: 6n/11e
    Reasoning: execve from /usr/bin/python3 (T1055) is present, but the complex interplay between mmap and openat(R) syscalls across multiple nodes suggests a legitimate process injection or memory mapping scenario rather than a malicious one.
2026-06-08 16:10:08 [debug    ] ollama_inference               latency_ms=7226.1 model=llama3.1:8b

  ✓ [benign_ext_041]
    Ground truth: BENIGN  →  Got: BENIGN (conf=0.560)  latency=7811ms
    Events: 126  IPG: 6n/11e
    Reasoning: execve from /usr/bin/python3 (T1055) is present, but the complex interplay between mmap and openat(R) syscalls across multiple nodes suggests a legitimate process injection or memory mapping scenario rather than a malicious one.
2026-06-08 16:10:08 [debug    ] ollama_inference               latency_ms=7226.1 model=llama3.1:8b

  ✗ [benign_ext_042]
    Ground truth: BENIGN  →  Got: MALICIOUS (conf=0.830)  latency=7227ms
    Events: 190  IPG: 9n/18e
    Reasoning: execve from /usr/local/sbin/ls to /usr/local/bin/ls (T1059) is suspicious; combined with complex memory mapping and file access patterns in python3 processes, this suggests a potential payload execution.
2026-06-08 16:10:15 [debug    ] ollama_inference               latency_ms=7697.5 model=llama3.1:8b

  ✗ [benign_ext_042]
    Ground truth: BENIGN  →  Got: MALICIOUS (conf=0.830)  latency=7227ms
    Events: 190  IPG: 9n/18e
    Reasoning: execve from /usr/local/sbin/ls to /usr/local/bin/ls (T1059) is suspicious; combined with complex memory mapping and file access patterns in python3 processes, this suggests a potential payload execution.
2026-06-08 16:10:15 [debug    ] ollama_inference               latency_ms=7697.5 model=llama3.1:8b

  ✗ [benign_ext_043]
    Ground truth: BENIGN  →  Got: MALICIOUS (conf=0.930)  latency=7698ms
    Events: 171  IPG: 6n/12e
    Reasoning: bash executes python3 with execve (T1055), which then maps various files (T1003) and injects into bash's memory space (clone syscall).
2026-06-08 16:10:22 [debug    ] ollama_inference               latency_ms=6310.3 model=llama3.1:8b

  ✗ [benign_ext_043]
    Ground truth: BENIGN  →  Got: MALICIOUS (conf=0.930)  latency=7698ms
    Events: 171  IPG: 6n/12e
    Reasoning: bash executes python3 with execve (T1055), which then maps various files (T1003) and injects into bash's memory space (clone syscall).
2026-06-08 16:10:22 [debug    ] ollama_inference               latency_ms=6310.3 model=llama3.1:8b

  ✓ [benign_ext_044]
    Ground truth: BENIGN  →  Got: BENIGN (conf=0.320)  latency=6311ms
    Events: 71  IPG: 6n/12e
    Reasoning: bash and openssl processes engage in complex memory management and library loading — some edges match normal system behaviour (e.g., openat(R) on ld.so.cache), but the overall pattern is unusual and warrants further investigation.
2026-06-08 16:10:28 [debug    ] ollama_inference               latency_ms=6309.8 model=llama3.1:8b

  ✓ [benign_ext_044]
    Ground truth: BENIGN  →  Got: BENIGN (conf=0.320)  latency=6311ms
    Events: 71  IPG: 6n/12e
    Reasoning: bash and openssl processes engage in complex memory management and library loading — some edges match normal system behaviour (e.g., openat(R) on ld.so.cache), but the overall pattern is unusual and warrants further investigation.
2026-06-08 16:10:28 [debug    ] ollama_inference               latency_ms=6309.8 model=llama3.1:8b

  ✗ [benign_ext_045]
    Ground truth: BENIGN  →  Got: MALICIOUS (conf=0.830)  latency=6310ms
    Events: 72  IPG: 6n/13e
    Reasoning: bash uses clone to inject into itself and then executes openssl from /dev/null (T1027), which suggests process injection and command and control activity.
2026-06-08 16:10:34 [debug    ] ollama_inference               latency_ms=5895.7 model=llama3.1:8b

  ✗ [benign_ext_045]
    Ground truth: BENIGN  →  Got: MALICIOUS (conf=0.830)  latency=6310ms
    Events: 72  IPG: 6n/13e
    Reasoning: bash uses clone to inject into itself and then executes openssl from /dev/null (T1027), which suggests process injection and command and control activity.
2026-06-08 16:10:34 [debug    ] ollama_inference               latency_ms=5895.7 model=llama3.1:8b

  ✓ [benign_ext_046]
    Ground truth: BENIGN  →  Got: BENIGN (conf=0.010)  latency=5896ms
    Events: 81  IPG: 11n/23e
    Reasoning: gunzip and gzip processes read and write various files, including /etc/ld.so.cache; echo appears to be a benign utility; no suspicious edges or file accesses.
2026-06-08 16:10:41 [debug    ] ollama_inference               latency_ms=7594.7 model=llama3.1:8b

  ✓ [benign_ext_046]
    Ground truth: BENIGN  →  Got: BENIGN (conf=0.010)  latency=5896ms
    Events: 81  IPG: 11n/23e
    Reasoning: gunzip and gzip processes read and write various files, including /etc/ld.so.cache; echo appears to be a benign utility; no suspicious edges or file accesses.
2026-06-08 16:10:41 [debug    ] ollama_inference               latency_ms=7594.7 model=llama3.1:8b

  ✗ [benign_ext_047]
    Ground truth: BENIGN  →  Got: MALICIOUS (conf=0.830)  latency=7595ms
    Events: 88  IPG: 6n/12e
    Reasoning: bash executes /usr/bin/tr via execve, which then performs mmap and openat operations — a pattern consistent with process injection (T1055) and web-shell activity.
2026-06-08 16:10:47 [debug    ] ollama_inference               latency_ms=6005.9 model=llama3.1:8b

  ✗ [benign_ext_047]
    Ground truth: BENIGN  →  Got: MALICIOUS (conf=0.830)  latency=7595ms
    Events: 88  IPG: 6n/12e
    Reasoning: bash executes /usr/bin/tr via execve, which then performs mmap and openat operations — a pattern consistent with process injection (T1055) and web-shell activity.
2026-06-08 16:10:47 [debug    ] ollama_inference               latency_ms=6005.9 model=llama3.1:8b

  ✓ [benign_ext_048]
    Ground truth: BENIGN  →  Got: BENIGN (conf=0.620)  latency=6006ms
    Events: 89  IPG: 6n/13e
    Reasoning: bash reads system configuration files and maps memory regions for system configuration; wc processes likely involved in text analysis or processing of system files.
2026-06-08 16:10:53 [debug    ] ollama_inference               latency_ms=5937.6 model=llama3.1:8b

  ✓ [benign_ext_048]
    Ground truth: BENIGN  →  Got: BENIGN (conf=0.620)  latency=6006ms
    Events: 89  IPG: 6n/13e
    Reasoning: bash reads system configuration files and maps memory regions for system configuration; wc processes likely involved in text analysis or processing of system files.
2026-06-08 16:10:53 [debug    ] ollama_inference               latency_ms=5937.6 model=llama3.1:8b

  ✗ [benign_find_libs]
    Ground truth: BENIGN  →  Got: MALICIOUS (conf=0.630)  latency=5938ms
    Events: 41  IPG: 3n/5e
    Reasoning: find repeatedly opens /etc/ld.so.cache (T1055 process discovery), which could indicate an attempt to load a malicious shared library via mmap.
2026-06-08 16:11:00 [debug    ] ollama_inference               latency_ms=6194.4 model=llama3.1:8b

  ✗ [benign_find_libs]
    Ground truth: BENIGN  →  Got: MALICIOUS (conf=0.630)  latency=5938ms
    Events: 41  IPG: 3n/5e
    Reasoning: find repeatedly opens /etc/ld.so.cache (T1055 process discovery), which could indicate an attempt to load a malicious shared library via mmap.
2026-06-08 16:11:00 [debug    ] ollama_inference               latency_ms=6194.4 model=llama3.1:8b

  ✓ [benign_ls_usr]
    Ground truth: BENIGN  →  Got: BENIGN (conf=0.620)  latency=6195ms
    Events: 21  IPG: 3n/5e
    Reasoning: ls processes load libraries via mmap (T1003) but this is common for dynamic linking; the sequence is still benign given the context.
2026-06-08 16:11:06 [debug    ] ollama_inference               latency_ms=6130.2 model=llama3.1:8b

  ✓ [benign_ls_usr]
    Ground truth: BENIGN  →  Got: BENIGN (conf=0.620)  latency=6195ms
    Events: 21  IPG: 3n/5e
    Reasoning: ls processes load libraries via mmap (T1003) but this is common for dynamic linking; the sequence is still benign given the context.
2026-06-08 16:11:06 [debug    ] ollama_inference               latency_ms=6130.2 model=llama3.1:8b

  ✓ [benign_python_json]
    Ground truth: BENIGN  →  Got: BENIGN (conf=0.930)  latency=6131ms
    Events: 75  IPG: 3n/5e
    Reasoning: python3 maps shared libraries (T1003) and loads Python modules from /usr/lib/python3.10/encodings/__pycache__/ — typical Python process initialization.
2026-06-08 16:11:12 [debug    ] ollama_inference               latency_ms=6272.9 model=llama3.1:8b

  ✓ [benign_python_json]
    Ground truth: BENIGN  →  Got: BENIGN (conf=0.930)  latency=6131ms
    Events: 75  IPG: 3n/5e
    Reasoning: python3 maps shared libraries (T1003) and loads Python modules from /usr/lib/python3.10/encodings/__pycache__/ — typical Python process initialization.
2026-06-08 16:11:12 [debug    ] ollama_inference               latency_ms=6272.9 model=llama3.1:8b

  ✓ [benign_python_math]
    Ground truth: BENIGN  →  Got: BENIGN (conf=0.980)  latency=6273ms
    Events: 52  IPG: 3n/5e
    Reasoning: python3 maps shared libraries (T1003) and loads its own modules from /usr/lib/python3.10/encodings/__pycache__/__init__.cpython-310.p — normal process startup.
2026-06-08 16:11:18 [debug    ] ollama_inference               latency_ms=5822.1 model=llama3.1:8b

  ✓ [benign_python_math]
    Ground truth: BENIGN  →  Got: BENIGN (conf=0.980)  latency=6273ms
    Events: 52  IPG: 3n/5e
    Reasoning: python3 maps shared libraries (T1003) and loads its own modules from /usr/lib/python3.10/encodings/__pycache__/__init__.cpython-310.p — normal process startup.
2026-06-08 16:11:18 [debug    ] ollama_inference               latency_ms=5822.1 model=llama3.1:8b

  ✗ [benign_which_bash]
    Ground truth: BENIGN  →  Got: MALICIOUS (conf=0.850)  latency=5823ms
    Events: 10  IPG: 3n/4e
    Reasoning: which reads /etc/ld.so.cache and then mmaps it multiple times — indicative of T1216 Dynamic Linker Hijacking.

======================================================================
RESULTS SUMMARY
======================================================================

  Evaluated: 105 traces  (55 benign, 49 attack)  Skipped (empty trace): 1

  Confusion matrix:
    True  Positives (attack→MALICIOUS): 35/49
    False Negatives (attack→BENIGN):    14/49
    True  Negatives (benign→BENIGN):    39/55
    False Positives (benign→MALICIOUS): 16/55

  TPR (Recall):  0.714  [95% CI: 0.585–0.840]
  FPR:           0.291  [95% CI: 0.179–0.404]
  Accuracy:      0.712  [95% CI: 0.625–0.798]
  Note: Wide CIs reflect small sample size — expand dataset for tighter bounds.

  Skipped (no parseable events):
    attack_T1078_valid_accts: No parseable events in trace

  Per-scenario:
  Scenario                            GT         Label        Conf  OK
  ──────────────────────────────────────────────────────────────────────
  attack_T1003_T1071                  MALICIOUS  MALICIOUS   0.930  ✓
  attack_T1003_shadow                 MALICIOUS  MALICIOUS   0.850  ✓
  attack_T1041_exfil                  MALICIOUS  MALICIOUS   0.850  ✓
  attack_T1055_ptrace                 MALICIOUS  MALICIOUS   0.930  ✓
  attack_T1059_scripted               MALICIOUS  MALICIOUS   0.930  ✓
  attack_T1068_setuid                 MALICIOUS  MALICIOUS   0.830  ✓
  attack_T1078_valid_accts            MALICIOUS  SKIP        0.000  ✗
  attack_T1562_evasion                MALICIOUS  MALICIOUS   0.930  ✓
  attack_ext_001                      MALICIOUS  MALICIOUS   0.630  ✓
  attack_ext_002                      MALICIOUS  BENIGN      0.420  ✗
  attack_ext_003                      MALICIOUS  MALICIOUS   0.930  ✓
  attack_ext_004                      MALICIOUS  MALICIOUS   0.850  ✓
  attack_ext_005                      MALICIOUS  MALICIOUS   0.830  ✓
  attack_ext_006                      MALICIOUS  MALICIOUS   0.830  ✓
  attack_ext_007                      MALICIOUS  BENIGN      0.420  ✗
  attack_ext_008                      MALICIOUS  BENIGN      0.620  ✗
  attack_ext_009                      MALICIOUS  BENIGN      0.420  ✗
  attack_ext_010                      MALICIOUS  MALICIOUS   0.930  ✓
  attack_ext_011                      MALICIOUS  BENIGN      0.620  ✗
  attack_ext_012                      MALICIOUS  MALICIOUS   0.830  ✓
  attack_ext_013                      MALICIOUS  MALICIOUS   0.830  ✓
  attack_ext_014                      MALICIOUS  MALICIOUS   0.630  ✓
  attack_ext_015                      MALICIOUS  MALICIOUS   0.630  ✓
  attack_ext_016                      MALICIOUS  BENIGN      0.420  ✗
  attack_ext_017                      MALICIOUS  MALICIOUS   0.930  ✓
  attack_ext_018                      MALICIOUS  BENIGN      0.850  ✗
  attack_ext_019                      MALICIOUS  BENIGN      0.420  ✗
  attack_ext_020                      MALICIOUS  MALICIOUS   0.830  ✓
  attack_ext_021                      MALICIOUS  BENIGN      0.420  ✗
  attack_ext_022                      MALICIOUS  MALICIOUS   0.630  ✓
  attack_ext_023                      MALICIOUS  BENIGN      0.420  ✗
  attack_ext_024                      MALICIOUS  MALICIOUS   0.830  ✓
  attack_ext_025                      MALICIOUS  MALICIOUS   0.930  ✓
  attack_ext_026                      MALICIOUS  MALICIOUS   0.850  ✓
  attack_ext_027                      MALICIOUS  MALICIOUS   0.830  ✓
  attack_ext_028                      MALICIOUS  BENIGN      0.420  ✗
  attack_ext_029                      MALICIOUS  MALICIOUS   0.830  ✓
  attack_ext_030                      MALICIOUS  BENIGN      0.420  ✗
  attack_ext_031                      MALICIOUS  MALICIOUS   0.830  ✓
  attack_ext_032                      MALICIOUS  MALICIOUS   0.930  ✓
  attack_ext_033                      MALICIOUS  MALICIOUS   0.630  ✓
  attack_ext_034                      MALICIOUS  MALICIOUS   0.830  ✓
  attack_ext_035                      MALICIOUS  BENIGN      0.420  ✗
  attack_ext_036                      MALICIOUS  MALICIOUS   0.930  ✓
  attack_ext_037                      MALICIOUS  MALICIOUS   0.830  ✓
  attack_ext_038                      MALICIOUS  MALICIOUS   0.930  ✓
  attack_ext_039                      MALICIOUS  MALICIOUS   0.830  ✓
  attack_ext_040                      MALICIOUS  MALICIOUS   0.630  ✓
  attack_ext_041                      MALICIOUS  MALICIOUS   0.830  ✓
  attack_ext_042                      MALICIOUS  BENIGN      0.420  ✗
  benign_cat_hostname                 BENIGN     BENIGN      0.010  ✓
  benign_cat_os_release               BENIGN     MALICIOUS   0.850  ✗
  benign_ext_001                      BENIGN     BENIGN      0.850  ✓
  benign_ext_002                      BENIGN     BENIGN      0.620  ✓
  benign_ext_003                      BENIGN     BENIGN      0.320  ✓
  benign_ext_004                      BENIGN     BENIGN      0.010  ✓
  benign_ext_005                      BENIGN     BENIGN      0.420  ✓
  benign_ext_006                      BENIGN     BENIGN      0.420  ✓
  benign_ext_007                      BENIGN     BENIGN      0.010  ✓
  benign_ext_008                      BENIGN     BENIGN      0.850  ✓
  benign_ext_009                      BENIGN     BENIGN      0.850  ✓
  benign_ext_010                      BENIGN     MALICIOUS   0.850  ✗
  benign_ext_011                      BENIGN     BENIGN      0.060  ✓
  benign_ext_012                      BENIGN     BENIGN      0.060  ✓
  benign_ext_013                      BENIGN     BENIGN      0.010  ✓
  benign_ext_014                      BENIGN     BENIGN      0.420  ✓
  benign_ext_015                      BENIGN     BENIGN      0.060  ✓
  benign_ext_016                      BENIGN     MALICIOUS   0.830  ✗
  benign_ext_017                      BENIGN     MALICIOUS   0.830  ✗
  benign_ext_018                      BENIGN     BENIGN      0.420  ✓
  benign_ext_019                      BENIGN     BENIGN      0.080  ✓
  benign_ext_020                      BENIGN     BENIGN      0.620  ✓
  benign_ext_021                      BENIGN     BENIGN      0.420  ✓
  benign_ext_022                      BENIGN     BENIGN      0.420  ✓
  benign_ext_023                      BENIGN     MALICIOUS   0.830  ✗
  benign_ext_024                      BENIGN     MALICIOUS   0.630  ✗
  benign_ext_025                      BENIGN     BENIGN      0.010  ✓
  benign_ext_026                      BENIGN     BENIGN      0.420  ✓
  benign_ext_027                      BENIGN     BENIGN      0.010  ✓
  benign_ext_028                      BENIGN     BENIGN      0.420  ✓
  benign_ext_029                      BENIGN     BENIGN      0.420  ✓
  benign_ext_030                      BENIGN     BENIGN      0.620  ✓
  benign_ext_031                      BENIGN     MALICIOUS   0.630  ✗
  benign_ext_032                      BENIGN     BENIGN      0.420  ✓
  benign_ext_033                      BENIGN     BENIGN      0.680  ✓
  benign_ext_034                      BENIGN     MALICIOUS   0.630  ✗
  benign_ext_035                      BENIGN     BENIGN      0.010  ✓
  benign_ext_036                      BENIGN     MALICIOUS   0.830  ✗
  benign_ext_037                      BENIGN     BENIGN      0.850  ✓
  benign_ext_038                      BENIGN     BENIGN      0.620  ✓
  benign_ext_039                      BENIGN     MALICIOUS   0.630  ✗
  benign_ext_040                      BENIGN     BENIGN      0.420  ✓
  benign_ext_041                      BENIGN     BENIGN      0.560  ✓
  benign_ext_042                      BENIGN     MALICIOUS   0.830  ✗
  benign_ext_043                      BENIGN     MALICIOUS   0.930  ✗
  benign_ext_044            
  ✗ [benign_which_bash]
    Ground truth: BENIGN  →  Got: MALICIOUS (conf=0.850)  latency=5823ms
    Events: 10  IPG: 3n/4e
    Reasoning: which reads /etc/ld.so.cache and then mmaps it multiple times — indicative of T1216 Dynamic Linker Hijacking.

======================================================================
RESULTS SUMMARY
======================================================================

  Evaluated: 105 traces  (55 benign, 49 attack)  Skipped (empty trace): 1

  Confusion matrix:
    True  Positives (attack→MALICIOUS): 35/49
    False Negatives (attack→BENIGN):    14/49
    True  Negatives (benign→BENIGN):    39/55
    False Positives (benign→MALICIOUS): 16/55

  TPR (Recall):  0.714  [95% CI: 0.585–0.840]
  FPR:           0.291  [95% CI: 0.179–0.404]
  Accuracy:      0.712  [95% CI: 0.625–0.798]
  Note: Wide CIs reflect small sample size — expand dataset for tighter bounds.

  Skipped (no parseable events):
    attack_T1078_valid_accts: No parseable events in trace

  Per-scenario:
  Scenario                            GT         Label        Conf  OK
  ──────────────────────────────────────────────────────────────────────
  attack_T1003_T1071                  MALICIOUS  MALICIOUS   0.930  ✓
  attack_T1003_shadow                 MALICIOUS  MALICIOUS   0.850  ✓
  attack_T1041_exfil                  MALICIOUS  MALICIOUS   0.850  ✓
  attack_T1055_ptrace                 MALICIOUS  MALICIOUS   0.930  ✓
  attack_T1059_scripted               MALICIOUS  MALICIOUS   0.930  ✓
  attack_T1068_setuid                 MALICIOUS  MALICIOUS   0.830  ✓
  attack_T1078_valid_accts            MALICIOUS  SKIP        0.000  ✗
  attack_T1562_evasion                MALICIOUS  MALICIOUS   0.930  ✓
  attack_ext_001                      MALICIOUS  MALICIOUS   0.630  ✓
  attack_ext_002                      MALICIOUS  BENIGN      0.420  ✗
  attack_ext_003                      MALICIOUS  MALICIOUS   0.930  ✓
  attack_ext_004                      MALICIOUS  MALICIOUS   0.850  ✓
  attack_ext_005                      MALICIOUS  MALICIOUS   0.830  ✓
  attack_ext_006                      MALICIOUS  MALICIOUS   0.830  ✓
  attack_ext_007                      MALICIOUS  BENIGN      0.420  ✗
  attack_ext_008                      MALICIOUS  BENIGN      0.620  ✗
  attack_ext_009                      MALICIOUS  BENIGN      0.420  ✗
  attack_ext_010                      MALICIOUS  MALICIOUS   0.930  ✓
  attack_ext_011                      MALICIOUS  BENIGN      0.620  ✗
  attack_ext_012                      MALICIOUS  MALICIOUS   0.830  ✓
  attack_ext_013                      MALICIOUS  MALICIOUS   0.830  ✓
  attack_ext_014                      MALICIOUS  MALICIOUS   0.630  ✓
  attack_ext_015                      MALICIOUS  MALICIOUS   0.630  ✓
  attack_ext_016                      MALICIOUS  BENIGN      0.420  ✗
  attack_ext_017                      MALICIOUS  MALICIOUS   0.930  ✓
  attack_ext_018                      MALICIOUS  BENIGN      0.850  ✗
  attack_ext_019                      MALICIOUS  BENIGN      0.420  ✗
  attack_ext_020                      MALICIOUS  MALICIOUS   0.830  ✓
  attack_ext_021                      MALICIOUS  BENIGN      0.420  ✗
  attack_ext_022                      MALICIOUS  MALICIOUS   0.630  ✓
  attack_ext_023                      MALICIOUS  BENIGN      0.420  ✗
  attack_ext_024                      MALICIOUS  MALICIOUS   0.830  ✓
  attack_ext_025                      MALICIOUS  MALICIOUS   0.930  ✓
  attack_ext_026                      MALICIOUS  MALICIOUS   0.850  ✓
  attack_ext_027                      MALICIOUS  MALICIOUS   0.830  ✓
  attack_ext_028                      MALICIOUS  BENIGN      0.420  ✗
  attack_ext_029                      MALICIOUS  MALICIOUS   0.830  ✓
  attack_ext_030                      MALICIOUS  BENIGN      0.420  ✗
  attack_ext_031                      MALICIOUS  MALICIOUS   0.830  ✓
  attack_ext_032                      MALICIOUS  MALICIOUS   0.930  ✓
  attack_ext_033                      MALICIOUS  MALICIOUS   0.630  ✓
  attack_ext_034                      MALICIOUS  MALICIOUS   0.830  ✓
  attack_ext_035                      MALICIOUS  BENIGN      0.420  ✗
  attack_ext_036                      MALICIOUS  MALICIOUS   0.930  ✓
  attack_ext_037                      MALICIOUS  MALICIOUS   0.830  ✓
  attack_ext_038                      MALICIOUS  MALICIOUS   0.930  ✓
  attack_ext_039                      MALICIOUS  MALICIOUS   0.830  ✓
  attack_ext_040                      MALICIOUS  MALICIOUS   0.630  ✓
  attack_ext_041                      MALICIOUS  MALICIOUS   0.830  ✓
  attack_ext_042                      MALICIOUS  BENIGN      0.420  ✗
  benign_cat_hostname                 BENIGN     BENIGN      0.010  ✓
  benign_cat_os_release               BENIGN     MALICIOUS   0.850  ✗
  benign_ext_001                      BENIGN     BENIGN      0.850  ✓
  benign_ext_002                      BENIGN     BENIGN      0.620  ✓
  benign_ext_003                      BENIGN     BENIGN      0.320  ✓
  benign_ext_004                      BENIGN     BENIGN      0.010  ✓
  benign_ext_005                      BENIGN     BENIGN      0.420  ✓
  benign_ext_006                      BENIGN     BENIGN      0.420  ✓
  benign_ext_007                      BENIGN     BENIGN      0.010  ✓
  benign_ext_008                      BENIGN     BENIGN      0.850  ✓
  benign_ext_009                      BENIGN     BENIGN      0.850  ✓
  benign_ext_010                      BENIGN     MALICIOUS   0.850  ✗
  benign_ext_011                      BENIGN     BENIGN      0.060  ✓
  benign_ext_012                      BENIGN     BENIGN      0.060  ✓
  benign_ext_013                      BENIGN     BENIGN      0.010  ✓
  benign_ext_014                      BENIGN     BENIGN      0.420  ✓
  benign_ext_015                      BENIGN     BENIGN      0.060  ✓
  benign_ext_016                      BENIGN     MALICIOUS   0.830  ✗
  benign_ext_017                      BENIGN     MALICIOUS   0.830  ✗
  benign_ext_018                      BENIGN     BENIGN      0.420  ✓
  benign_ext_019                      BENIGN     BENIGN      0.080  ✓
  benign_ext_020                      BENIGN     BENIGN      0.620  ✓
  benign_ext_021                      BENIGN     BENIGN      0.420  ✓
  benign_ext_022                      BENIGN     BENIGN      0.420  ✓
  benign_ext_023                      BENIGN     MALICIOUS   0.830  ✗
  benign_ext_024                      BENIGN     MALICIOUS   0.630  ✗
  benign_ext_025                      BENIGN     BENIGN      0.010  ✓
  benign_ext_026                      BENIGN     BENIGN      0.420  ✓
  benign_ext_027                      BENIGN     BENIGN      0.010  ✓
  benign_ext_028                      BENIGN     BENIGN      0.420  ✓
  benign_ext_029                      BENIGN     BENIGN      0.420  ✓
  benign_ext_030                      BENIGN     BENIGN      0.620  ✓
  benign_ext_031                      BENIGN     MALICIOUS   0.630  ✗
  benign_ext_032                      BENIGN     BENIGN      0.420  ✓
  benign_ext_033                      BENIGN     BENIGN      0.680  ✓
  benign_ext_034                      BENIGN     MALICIOUS   0.630  ✗
  benign_ext_035                      BENIGN     BENIGN      0.010  ✓
  benign_ext_036                      BENIGN     MALICIOUS   0.830  ✗
  benign_ext_037                      BENIGN     BENIGN      0.850  ✓
  benign_ext_038                      BENIGN     BENIGN      0.620  ✓
  benign_ext_039                      BENIGN     MALICIOUS   0.630  ✗
  benign_ext_040                      BENIGN     BENIGN      0.420  ✓
  benign_ext_041                      BENIGN     BENIGN      0.560  ✓
  benign_ext_042                      BENIGN     MALICIOUS   0.830  ✗
  benign_ext_043                      BENIGN     MALICIOUS   0.930  ✗
  benign_ext_044                      BENIGN     BENIGN      0.320  ✓          BENIGN     BENIGN      0.320  ✓
  benign_ext_045                      BENIGN     MALICIOUS   0.830  ✗
  benign_ext_046                      BENIGN     BENIGN      0.010  ✓
  benign_ext_047                      BENIGN     MALICIOUS   0.830  ✗
  benign_ext_048                      BENIGN     BENIGN      0.620  ✓
  benign_find_libs                    BENIGN     MALICIOUS   0.630  ✗
  benign_ls_usr                       BENIGN     BENIGN      0.620  ✓
  benign_python_json                  BENIGN     BENIGN      0.930  ✓
  benign_python_math                  BENIGN     BENIGN      0.980  ✓
  benign_which_bash                   BENIGN     MALICIOUS   0.850  ✗

Full results written to results/evaluations/real_data_results.json

Note: These are REAL kernel syscall traces from Docker Linux VM.
TPR/FPR are measured on real process behavior, not hand-crafted IPGs.

  benign_ext_045                      BENIGN     MALICIOUS   0.830  ✗
  benign_ext_046                      BENIGN     BENIGN      0.010  ✓
  benign_ext_047                      BENIGN     MALICIOUS   0.830  ✗
  benign_ext_048                      BENIGN     BENIGN      0.620  ✓
  benign_find_libs                    BENIGN     MALICIOUS   0.630  ✗
  benign_ls_usr                       BENIGN     BENIGN      0.620  ✓
  benign_python_json                  BENIGN     BENIGN      0.930  ✓
  benign_python_math                  BENIGN     BENIGN      0.980  ✓
  benign_which_bash                   BENIGN     MALICIOUS   0.850  ✗

Full results written to results/evaluations/real_data_results.json

Note: These are REAL kernel syscall traces from Docker Linux VM.
TPR/FPR are measured on real process behavior, not hand-crafted IPGs.
wrote results/evaluations_gcp/real_data_results_gcp.json (104354 bytes)
  model: llama3.1:8b
  capture: strace -f -tt -T (real kernel syscalls)
  n_benign: 55
  n_attack: 49
  n_skipped: 1
  tp: 35
  fn: 14
  tn: 39
  fp: 16
  tpr: 0.7143
  fpr: 0.2909
  accuracy: 0.7115


▶ eval-calibration Mon Jun  8 16:11:18 UTC 2026
▶ eval-calibration Mon Jun  8 16:11:18 UTC 2026
============================================================
SENTINEL — Confidence Calibration Analysis
Input: results/evaluations/real_data_results.json  (104 predictions)
============================================================

  ECE (Expected Calibration Error): 0.2053
  Interpretation: SEVERELY MISCALIBRATED (ECE > 0.20) — CWAE thresholds should not rely on raw confidence

   Bin         Range     n     Acc    Conf     Gap  Over/Under
  ────────────────────────────────────────────────────────────
     0  [0.0–0.1]    12   1.000   0.028   0.972  under
     3  [0.3–0.4]     2   1.000   0.320   0.680  under
     4  [0.4–0.5]    22   0.500   0.420   0.080  under
     5  [0.5–0.6]     1   1.000   0.560   0.440  under
     6  [0.6–0.7]    20   0.650   0.628   0.021  under
     8  [0.8–0.9]    33   0.667   0.837   0.171  OVER
     9  [0.9–1.0]    14   0.929   0.934   0.005  OVER

  High-confidence errors (conf>0.80, wrong): 12/104
  These represent the most dangerous miscalibration instances.

  TikZ reliability diagram coordinates:
  --------------------------------------------------
  % Reliability diagram — paste into paper Figure X
  % Perfect calibration: \addplot [dashed] coordinates {(0,0)(1,1)};
  \addplot [blue, mark=*, mark size=2pt] coordinates {
    (0.05, 1.0000)  % n=12, gap=0.972
    (0.35, 1.0000)  % n=2, gap=0.680
    (0.45, 0.5000)  % n=22, gap=0.080
    (0.55, 1.0000)  % n=1, gap=0.440
    (0.65, 0.6500)  % n=20, gap=0.021
    (0.85, 0.6667)  % n=33, gap=0.171
    (0.95, 0.9286)  % n=14, gap=0.005
  };

Results → results/evaluations/calibration_results.json
============================================================
SENTINEL — Confidence Calibration Analysis
Input: results/evaluations/real_data_results.json  (104 predictions)
============================================================

  ECE (Expected Calibration Error): 0.2053
  Interpretation: SEVERELY MISCALIBRATED (ECE > 0.20) — CWAE thresholds should not rely on raw confidence

   Bin         Range     n     Acc    Conf     Gap  Over/Under
  ────────────────────────────────────────────────────────────
     0  [0.0–0.1]    12   1.000   0.028   0.972  under
     3  [0.3–0.4]     2   1.000   0.320   0.680  under
     4  [0.4–0.5]    22   0.500   0.420   0.080  under
     5  [0.5–0.6]     1   1.000   0.560   0.440  under
     6  [0.6–0.7]    20   0.650   0.628   0.021  under
     8  [0.8–0.9]    33   0.667   0.837   0.171  OVER
     9  [0.9–1.0]    14   0.929   0.934   0.005  OVER

  High-confidence errors (conf>0.80, wrong): 12/104
  These represent the most dangerous miscalibration instances.

  TikZ reliability diagram coordinates:
  --------------------------------------------------
  % Reliability diagram — paste into paper Figure X
  % Perfect calibration: \addplot [dashed] coordinates {(0,0)(1,1)};
  \addplot [blue, mark=*, mark size=2pt] coordinates {
    (0.05, 1.0000)  % n=12, gap=0.972
    (0.35, 1.0000)  % n=2, gap=0.680
    (0.45, 0.5000)  % n=22, gap=0.080
    (0.55, 1.0000)  % n=1, gap=0.440
    (0.65, 0.6500)  % n=20, gap=0.021
    (0.85, 0.6667)  % n=33, gap=0.171
    (0.95, 0.9286)  % n=14, gap=0.005
  };

Results → results/evaluations/calibration_results.json
wrote results/evaluations_gcp/calibration_results_gcp.json (3431 bytes)
  input_file: results/evaluations/real_data_results.json
  n_predictions: 104
  ece: 0.2053
  interpretation: SEVERELY MISCALIBRATED (ECE > 0.20) — CWAE thresholds should not rely on raw confidence
  n_high_conf_errors: 12
  calibration_note: ECE computed from n=15 traces. This is insufficient for reliable calibration estimation — need ≥200 predictions for ECE to be statistically meaningful. Values shown are directional only.
  tikz_reliability_diagram: % Reliability diagram — paste into paper Figure X
% Perfect calibration: \addplot [dashed] coordinates {(0,0)(1,1)};
\addplot [blue, mark=*, mark size=2pt] coordinates {
  (0.05, 1.0000)  % n=12, gap=0.972
  (0.35, 1.0000)  % n=2, gap=0.680
  (0.45, 0.5000)  % n=22, gap=0.080
  (0.55, 1.0000)  % n=1, gap=0.440
  (0.65, 0.6500)  % n=20, gap=0.021
  (0.85, 0.6667)  % n=33, gap=0.171
  (0.95, 0.9286)  % n=14, gap=0.005
};
  recommendation: If ECE > 0.10: apply temperature scaling (T ≈ 1.3–2.0) to re-calibrate confidence scores before CWAE thresholding. Alternatively, learn thresholds from a held-out calibration set.


▶ darpa-behavioral-v5 Mon Jun  8 16:11:18 UTC 2026
▶ darpa-behavioral-v5 Mon Jun  8 16:11:18 UTC 2026
2026-06-08 16:11:18,869 [INFO    ] === BEHAVIORAL-ONLY MODE: [C2]/[MALWARE] stripped from IPG ===
2026-06-08 16:11:18,869 [INFO    ] === BEHAVIORAL-ONLY MODE: [C2]/[MALWARE] stripped from IPG ===
2026-06-08 16:11:18,869 [INFO    ] === This matches the evaluation scope of WATSON/UNICORN ===
2026-06-08 16:11:18,869 [INFO    ] === This matches the evaluation scope of WATSON/UNICORN ===
2026-06-08 16:11:18,869 [INFO    ] Hard-case fraction 50.0% → 25 hard (nginx_ts) + 25 easy (c2_detected)
2026-06-08 16:11:18,869 [INFO    ] Hard-case fraction 50.0% → 25 hard (nginx_ts) + 25 easy (c2_detected)
2026-06-08 16:11:18,869 [INFO    ] Dataset: CADETS (ta1-cadets-e3-official.json.2)
2026-06-08 16:11:18,869 [INFO    ] Dataset: CADETS (ta1-cadets-e3-official.json.2)
2026-06-08 16:11:18,869 [INFO    ] Pass 1: building entity maps from ta1-cadets-e3-official.json.2 ...
2026-06-08 16:11:18,869 [INFO    ] Pass 1: building entity maps from ta1-cadets-e3-official.json.2 ...
2026-06-08 16:12:02,724 [INFO    ] Pass 1 done: 19859 subjects, 219046 objects
2026-06-08 16:12:02,724 [INFO    ] Pass 1 done: 19859 subjects, 219046 objects
2026-06-08 16:12:02,725 [INFO    ] Pass 2: emitting events ...
2026-06-08 16:12:02,725 [INFO    ] Pass 2: emitting events ...
2026-06-08 16:13:13,929 [INFO    ] Pass 2 done: 2351832 events emitted (1310586 skipped)
2026-06-08 16:13:13,929 [INFO    ] Pass 2 done: 2351832 events emitted (1310586 skipped)
2026-06-08 16:13:14,766 [INFO    ] Windows: 50 attack (c2=25, malware=0, parent_chain=0, nginx_ts=25), 50 benign | parent-chain injections=81 | ancestor PIDs=7
2026-06-08 16:13:14,766 [INFO    ] Windows: 50 attack (c2=25, malware=0, parent_chain=0, nginx_ts=25), 50 benign | parent-chain injections=81 | ancestor PIDs=7
2026-06-08 16:13:15,369 [INFO    ] Evaluating 100 windows with Ollama llama3.1:8b ...
2026-06-08 16:13:15,369 [INFO    ] Evaluating 100 windows with Ollama llama3.1:8b ...
2026-06-08 16:13:15,371 [INFO    ] ✓ [ATTACK→MALICIOUS] conf=0.80 lat=0ms pid=59137 c2_detected (graph_score=0.80, llm_invoked=False)
2026-06-08 16:13:15,371 [INFO    ] ✓ [ATTACK→MALICIOUS] conf=0.80 lat=0ms pid=59137 c2_detected (graph_score=0.80, llm_invoked=False)
2026-06-08 16:13:15,372 [INFO    ] ✓ [ATTACK→MALICIOUS] conf=0.80 lat=0ms pid=59137 c2_detected (graph_score=0.80, llm_invoked=False)
2026-06-08 16:13:15,372 [INFO    ] ✓ [ATTACK→MALICIOUS] conf=0.80 lat=0ms pid=59137 c2_detected (graph_score=0.80, llm_invoked=False)
2026-06-08 16:13:15,373 [INFO    ] ✓ [ATTACK→MALICIOUS] conf=0.80 lat=0ms pid=59137 c2_detected (graph_score=0.80, llm_invoked=False)
2026-06-08 16:13:15,373 [INFO    ] ✓ [ATTACK→MALICIOUS] conf=0.80 lat=0ms pid=59137 c2_detected (graph_score=0.80, llm_invoked=False)
2026-06-08 16:13:15,373 [INFO    ] ✗ [ATTACK→BENIGN] conf=1.00 lat=0ms pid=59137 c2_detected (graph_score=0.00, llm_invoked=False)
2026-06-08 16:13:15,373 [INFO    ] ✗ [ATTACK→BENIGN] conf=1.00 lat=0ms pid=59137 c2_detected (graph_score=0.00, llm_invoked=False)
2026-06-08 16:13:15,374 [INFO    ] ✗ [ATTACK→BENIGN] conf=1.00 lat=0ms pid=59137 c2_detected (graph_score=0.00, llm_invoked=False)
2026-06-08 16:13:15,374 [INFO    ] ✗ [ATTACK→BENIGN] conf=1.00 lat=0ms pid=59137 c2_detected (graph_score=0.00, llm_invoked=False)
2026-06-08 16:13:15,374 [INFO    ] ✓ [ATTACK→MALICIOUS] conf=0.80 lat=0ms pid=59137 c2_detected (graph_score=0.80, llm_invoked=False)
2026-06-08 16:13:15,374 [INFO    ] ✓ [ATTACK→MALICIOUS] conf=0.80 lat=0ms pid=59137 c2_detected (graph_score=0.80, llm_invoked=False)
2026-06-08 16:13:15,375 [INFO    ] ✗ [ATTACK→BENIGN] conf=1.00 lat=0ms pid=59137 c2_detected (graph_score=0.00, llm_invoked=False)
2026-06-08 16:13:15,375 [INFO    ] ✗ [ATTACK→BENIGN] conf=1.00 lat=0ms pid=59137 c2_detected (graph_score=0.00, llm_invoked=False)
2026-06-08 16:13:15,375 [INFO    ] ✓ [ATTACK→MALICIOUS] conf=0.80 lat=0ms pid=59141 c2_detected (graph_score=0.80, llm_invoked=False)
2026-06-08 16:13:15,375 [INFO    ] ✓ [ATTACK→MALICIOUS] conf=0.80 lat=0ms pid=59141 c2_detected (graph_score=0.80, llm_invoked=False)
2026-06-08 16:13:15,376 [INFO    ] ✓ [ATTACK→MALICIOUS] conf=0.80 lat=0ms pid=59144 c2_detected (graph_score=0.80, llm_invoked=False)
2026-06-08 16:13:15,376 [INFO    ] ✓ [ATTACK→MALICIOUS] conf=0.80 lat=0ms pid=59144 c2_detected (graph_score=0.80, llm_invoked=False)
2026-06-08 16:13:15,377 [INFO    ] ✓ [ATTACK→MALICIOUS] conf=0.80 lat=0ms pid=59144 c2_detected (graph_score=0.80, llm_invoked=False)
2026-06-08 16:13:15,377 [INFO    ] ✓ [ATTACK→MALICIOUS] conf=0.80 lat=0ms pid=59144 c2_detected (graph_score=0.80, llm_invoked=False)
2026-06-08 16:13:15,377 [INFO    ] ✓ [ATTACK→MALICIOUS] conf=0.80 lat=0ms pid=59144 c2_detected (graph_score=0.80, llm_invoked=False)
2026-06-08 16:13:15,377 [INFO    ] ✓ [ATTACK→MALICIOUS] conf=0.80 lat=0ms pid=59144 c2_detected (graph_score=0.80, llm_invoked=False)
2026-06-08 16:13:15,378 [INFO    ] ✓ [ATTACK→MALICIOUS] conf=0.80 lat=0ms pid=59144 c2_detected (graph_score=0.80, llm_invoked=False)
2026-06-08 16:13:15,378 [INFO    ] ✓ [ATTACK→MALICIOUS] conf=0.80 lat=0ms pid=59144 c2_detected (graph_score=0.80, llm_invoked=False)
2026-06-08 16:13:15,378 [INFO    ] ✓ [ATTACK→MALICIOUS] conf=0.80 lat=0ms pid=59144 c2_detected (graph_score=0.80, llm_invoked=False)
2026-06-08 16:13:15,378 [INFO    ] ✓ [ATTACK→MALICIOUS] conf=0.80 lat=0ms pid=59144 c2_detected (graph_score=0.80, llm_invoked=False)
2026-06-08 16:13:15,379 [INFO    ] ✓ [ATTACK→MALICIOUS] conf=0.80 lat=0ms pid=59144 c2_detected (graph_score=0.80, llm_invoked=False)
2026-06-08 16:13:15,379 [INFO    ] ✓ [ATTACK→MALICIOUS] conf=0.80 lat=0ms pid=59144 c2_detected (graph_score=0.80, llm_invoked=False)
2026-06-08 16:13:15,379 [INFO    ] ✓ [ATTACK→MALICIOUS] conf=0.80 lat=0ms pid=59144 c2_detected (graph_score=0.80, llm_invoked=False)
2026-06-08 16:13:15,379 [INFO    ] ✓ [ATTACK→MALICIOUS] conf=0.80 lat=0ms pid=59144 c2_detected (graph_score=0.80, llm_invoked=False)
2026-06-08 16:13:15,380 [INFO    ] ✓ [ATTACK→MALICIOUS] conf=0.80 lat=0ms pid=59144 c2_detected (graph_score=0.80, llm_invoked=False)
2026-06-08 16:13:15,380 [INFO    ] ✓ [ATTACK→MALICIOUS] conf=0.80 lat=0ms pid=59144 c2_detected (graph_score=0.80, llm_invoked=False)
2026-06-08 16:13:15,380 [INFO    ] ✓ [ATTACK→MALICIOUS] conf=0.80 lat=0ms pid=59144 c2_detected (graph_score=0.80, llm_invoked=False)
2026-06-08 16:13:15,380 [INFO    ] ✓ [ATTACK→MALICIOUS] conf=0.80 lat=0ms pid=59144 c2_detected (graph_score=0.80, llm_invoked=False)
2026-06-08 16:13:15,381 [INFO    ] ✓ [ATTACK→MALICIOUS] conf=0.80 lat=0ms pid=59144 c2_detected (graph_score=0.80, llm_invoked=False)
2026-06-08 16:13:15,381 [INFO    ] ✓ [ATTACK→MALICIOUS] conf=0.80 lat=0ms pid=59144 c2_detected (graph_score=0.80, llm_invoked=False)
2026-06-08 16:13:15,382 [INFO    ] ✓ [ATTACK→MALICIOUS] conf=0.80 lat=0ms pid=59144 c2_detected (graph_score=0.80, llm_invoked=False)
2026-06-08 16:13:15,382 [INFO    ] ✓ [ATTACK→MALICIOUS] conf=0.80 lat=0ms pid=59144 c2_detected (graph_score=0.80, llm_invoked=False)
2026-06-08 16:13:15,382 [INFO    ] ✓ [ATTACK→MALICIOUS] conf=0.80 lat=0ms pid=59144 c2_detected (graph_score=0.80, llm_invoked=False)
2026-06-08 16:13:15,382 [INFO    ] ✓ [ATTACK→MALICIOUS] conf=0.80 lat=0ms pid=59144 c2_detected (graph_score=0.80, llm_invoked=False)
2026-06-08 16:13:15,383 [INFO    ] ✓ [ATTACK→MALICIOUS] conf=0.80 lat=0ms pid=59144 c2_detected (graph_score=0.80, llm_invoked=False)
2026-06-08 16:13:15,383 [INFO    ] ✓ [ATTACK→MALICIOUS] conf=0.80 lat=0ms pid=59144 c2_detected (graph_score=0.80, llm_invoked=False)
2026-06-08 16:13:15,383 [INFO    ] ✓ [ATTACK→MALICIOUS] conf=0.80 lat=0ms pid=59144 c2_detected (graph_score=0.80, llm_invoked=False)
2026-06-08 16:13:15,383 [INFO    ] ✓ [ATTACK→MALICIOUS] conf=0.80 lat=0ms pid=59144 c2_detected (graph_score=0.80, llm_invoked=False)
2026-06-08 16:13:15,384 [INFO    ] ✓ [ATTACK→MALICIOUS] conf=0.80 lat=0ms pid=59144 c2_detected (graph_score=0.80, llm_invoked=False)
2026-06-08 16:13:15,384 [INFO    ] ✓ [ATTACK→MALICIOUS] conf=0.80 lat=0ms pid=59144 c2_detected (graph_score=0.80, llm_invoked=False)
2026-06-08 16:13:15,384 [INFO    ] ✓ [ATTACK→MALICIOUS] conf=0.80 lat=0ms pid=59144 c2_detected (graph_score=0.80, llm_invoked=False)
2026-06-08 16:13:15,384 [INFO    ] ✓ [ATTACK→MALICIOUS] conf=0.80 lat=0ms pid=59144 c2_detected (graph_score=0.80, llm_invoked=False)
2026-06-08 16:13:15,385 [INFO    ] ✓ [ATTACK→MALICIOUS] conf=0.80 lat=0ms pid=59144 c2_detected (graph_score=0.80, llm_invoked=False)
2026-06-08 16:13:15,385 [INFO    ] ✓ [ATTACK→MALICIOUS] conf=0.80 lat=0ms pid=59144 c2_detected (graph_score=0.80, llm_invoked=False)
2026-06-08 16:13:15,385 [INFO    ] ✗ [ATTACK→BENIGN] conf=1.00 lat=0ms pid=72202 20180406_1100_nginx_backdoor (graph_score=0.00, llm_invoked=False)
2026-06-08 16:13:15,385 [INFO    ] ✗ [ATTACK→BENIGN] conf=1.00 lat=0ms pid=72202 20180406_1100_nginx_backdoor (graph_score=0.00, llm_invoked=False)
2026-06-08 16:13:15,386 [INFO    ] ✗ [ATTACK→BENIGN] conf=0.85 lat=0ms pid=72202 20180406_1100_nginx_backdoor (graph_score=0.15, llm_invoked=False)
2026-06-08 16:13:15,386 [INFO    ] ✗ [ATTACK→BENIGN] conf=0.85 lat=0ms pid=72202 20180406_1100_nginx_backdoor (graph_score=0.15, llm_invoked=False)
2026-06-08 16:13:15,386 [INFO    ] ✗ [ATTACK→BENIGN] conf=1.00 lat=0ms pid=72241 20180406_1100_nginx_backdoor (graph_score=0.00, llm_invoked=False)
2026-06-08 16:13:15,386 [INFO    ] ✗ [ATTACK→BENIGN] conf=1.00 lat=0ms pid=72241 20180406_1100_nginx_backdoor (graph_score=0.00, llm_invoked=False)
2026-06-08 16:13:15,386 [INFO    ] ✗ [ATTACK→BENIGN] conf=1.00 lat=0ms pid=72241 20180406_1100_nginx_backdoor (graph_score=0.00, llm_invoked=False)
2026-06-08 16:13:15,386 [INFO    ] ✗ [ATTACK→BENIGN] conf=1.00 lat=0ms pid=72241 20180406_1100_nginx_backdoor (graph_score=0.00, llm_invoked=False)
2026-06-08 16:13:15,387 [INFO    ] ✗ [ATTACK→BENIGN] conf=1.00 lat=0ms pid=72241 20180406_1100_nginx_backdoor (graph_score=0.00, llm_invoked=False)
2026-06-08 16:13:15,387 [INFO    ] ✗ [ATTACK→BENIGN] conf=1.00 lat=0ms pid=72241 20180406_1100_nginx_backdoor (graph_score=0.00, llm_invoked=False)
2026-06-08 16:13:15,387 [INFO    ] ✗ [ATTACK→BENIGN] conf=1.00 lat=0ms pid=72241 20180406_1100_nginx_backdoor (graph_score=0.00, llm_invoked=False)
2026-06-08 16:13:15,387 [INFO    ] ✗ [ATTACK→BENIGN] conf=1.00 lat=0ms pid=72241 20180406_1100_nginx_backdoor (graph_score=0.00, llm_invoked=False)
2026-06-08 16:13:15,388 [INFO    ] ✗ [ATTACK→BENIGN] conf=1.00 lat=0ms pid=72241 20180406_1100_nginx_backdoor (graph_score=0.00, llm_invoked=False)
2026-06-08 16:13:15,388 [INFO    ] ✗ [ATTACK→BENIGN] conf=1.00 lat=0ms pid=72241 20180406_1100_nginx_backdoor (graph_score=0.00, llm_invoked=False)
2026-06-08 16:13:15,388 [INFO    ] ✗ [ATTACK→BENIGN] conf=1.00 lat=0ms pid=72241 20180406_1100_nginx_backdoor (graph_score=0.00, llm_invoked=False)
2026-06-08 16:13:15,388 [INFO    ] ✗ [ATTACK→BENIGN] conf=1.00 lat=0ms pid=72241 20180406_1100_nginx_backdoor (graph_score=0.00, llm_invoked=False)
2026-06-08 16:13:15,389 [INFO    ] ✗ [ATTACK→BENIGN] conf=0.85 lat=0ms pid=72251 20180406_1100_nginx_backdoor (graph_score=0.15, llm_invoked=False)
2026-06-08 16:13:15,389 [INFO    ] ✗ [ATTACK→BENIGN] conf=0.85 lat=0ms pid=72251 20180406_1100_nginx_backdoor (graph_score=0.15, llm_invoked=False)
2026-06-08 16:13:15,389 [INFO    ] ✗ [ATTACK→BENIGN] conf=1.00 lat=0ms pid=72271 20180406_1100_nginx_backdoor (graph_score=0.00, llm_invoked=False)
2026-06-08 16:13:15,389 [INFO    ] ✗ [ATTACK→BENIGN] conf=1.00 lat=0ms pid=72271 20180406_1100_nginx_backdoor (graph_score=0.00, llm_invoked=False)
2026-06-08 16:13:15,389 [INFO    ] ✗ [ATTACK→BENIGN] conf=0.85 lat=0ms pid=72271 20180406_1100_nginx_backdoor (graph_score=0.15, llm_invoked=False)
2026-06-08 16:13:15,389 [INFO    ] ✗ [ATTACK→BENIGN] conf=0.85 lat=0ms pid=72271 20180406_1100_nginx_backdoor (graph_score=0.15, llm_invoked=False)
2026-06-08 16:13:15,390 [INFO    ] ✗ [ATTACK→BENIGN] conf=1.00 lat=0ms pid=72329 20180406_1100_nginx_backdoor (graph_score=0.00, llm_invoked=False)
2026-06-08 16:13:15,390 [INFO    ] ✗ [ATTACK→BENIGN] conf=1.00 lat=0ms pid=72329 20180406_1100_nginx_backdoor (graph_score=0.00, llm_invoked=False)
2026-06-08 16:13:15,390 [INFO    ] ✗ [ATTACK→BENIGN] conf=0.85 lat=0ms pid=72329 20180406_1100_nginx_backdoor (graph_score=0.15, llm_invoked=False)
2026-06-08 16:13:15,390 [INFO    ] ✗ [ATTACK→BENIGN] conf=0.85 lat=0ms pid=72329 20180406_1100_nginx_backdoor (graph_score=0.15, llm_invoked=False)
2026-06-08 16:13:15,391 [INFO    ] ✗ [ATTACK→BENIGN] conf=1.00 lat=0ms pid=72371 20180406_1100_nginx_backdoor (graph_score=0.00, llm_invoked=False)
2026-06-08 16:13:15,391 [INFO    ] ✗ [ATTACK→BENIGN] conf=1.00 lat=0ms pid=72371 20180406_1100_nginx_backdoor (graph_score=0.00, llm_invoked=False)
2026-06-08 16:13:15,391 [INFO    ] ✗ [ATTACK→BENIGN] conf=1.00 lat=0ms pid=72371 20180406_1100_nginx_backdoor (graph_score=0.00, llm_invoked=False)
2026-06-08 16:13:15,391 [INFO    ] ✗ [ATTACK→BENIGN] conf=1.00 lat=0ms pid=72371 20180406_1100_nginx_backdoor (graph_score=0.00, llm_invoked=False)
2026-06-08 16:13:15,392 [INFO    ] ✗ [ATTACK→BENIGN] conf=1.00 lat=0ms pid=72371 20180406_1100_nginx_backdoor (graph_score=0.00, llm_invoked=False)
2026-06-08 16:13:15,392 [INFO    ] ✗ [ATTACK→BENIGN] conf=1.00 lat=0ms pid=72371 20180406_1100_nginx_backdoor (graph_score=0.00, llm_invoked=False)
2026-06-08 16:13:15,392 [INFO    ] ✗ [ATTACK→BENIGN] conf=1.00 lat=0ms pid=72371 20180406_1100_nginx_backdoor (graph_score=0.00, llm_invoked=False)
2026-06-08 16:13:15,392 [INFO    ] ✗ [ATTACK→BENIGN] conf=1.00 lat=0ms pid=72371 20180406_1100_nginx_backdoor (graph_score=0.00, llm_invoked=False)
2026-06-08 16:13:15,392 [INFO    ] ✗ [ATTACK→BENIGN] conf=1.00 lat=0ms pid=72371 20180406_1100_nginx_backdoor (graph_score=0.00, llm_invoked=False)
2026-06-08 16:13:15,392 [INFO    ] ✗ [ATTACK→BENIGN] conf=1.00 lat=0ms pid=72371 20180406_1100_nginx_backdoor (graph_score=0.00, llm_invoked=False)
2026-06-08 16:13:15,393 [INFO    ] ✗ [ATTACK→BENIGN] conf=1.00 lat=0ms pid=72371 20180406_1100_nginx_backdoor (graph_score=0.00, llm_invoked=False)
2026-06-08 16:13:15,393 [INFO    ] ✗ [ATTACK→BENIGN] conf=1.00 lat=0ms pid=72371 20180406_1100_nginx_backdoor (graph_score=0.00, llm_invoked=False)
2026-06-08 16:13:15,393 [INFO    ] ✗ [ATTACK→BENIGN] conf=0.85 lat=0ms pid=72381 20180406_1100_nginx_backdoor (graph_score=0.15, llm_invoked=False)
2026-06-08 16:13:15,393 [INFO    ] ✗ [ATTACK→BENIGN] conf=0.85 lat=0ms pid=72381 20180406_1100_nginx_backdoor (graph_score=0.15, llm_invoked=False)
2026-06-08 16:13:15,394 [INFO    ] ✗ [ATTACK→BENIGN] conf=1.00 lat=0ms pid=72393 20180406_1100_nginx_backdoor (graph_score=0.00, llm_invoked=False)
2026-06-08 16:13:15,394 [INFO    ] ✗ [ATTACK→BENIGN] conf=1.00 lat=0ms pid=72393 20180406_1100_nginx_backdoor (graph_score=0.00, llm_invoked=False)
2026-06-08 16:13:15,394 [INFO    ] ✗ [ATTACK→BENIGN] conf=0.85 lat=0ms pid=72393 20180406_1100_nginx_backdoor (graph_score=0.15, llm_invoked=False)
2026-06-08 16:13:15,394 [INFO    ] ✗ [ATTACK→BENIGN] conf=0.85 lat=0ms pid=72393 20180406_1100_nginx_backdoor (graph_score=0.15, llm_invoked=False)
2026-06-08 16:13:15,395 [INFO    ] ✗ [ATTACK→BENIGN] conf=1.00 lat=0ms pid=72460 20180406_1100_nginx_backdoor (graph_score=0.00, llm_invoked=False)
2026-06-08 16:13:15,395 [INFO    ] ✗ [ATTACK→BENIGN] conf=1.00 lat=0ms pid=72460 20180406_1100_nginx_backdoor (graph_score=0.00, llm_invoked=False)
2026-06-08 16:13:15,395 [INFO    ] ✗ [ATTACK→BENIGN] conf=0.85 lat=0ms pid=72460 20180406_1100_nginx_backdoor (graph_score=0.15, llm_invoked=False)
2026-06-08 16:13:15,395 [INFO    ] ✗ [ATTACK→BENIGN] conf=0.85 lat=0ms pid=72460 20180406_1100_nginx_backdoor (graph_score=0.15, llm_invoked=False)
2026-06-08 16:13:15,396 [INFO    ] ✗ [ATTACK→BENIGN] conf=1.00 lat=0ms pid=72517 20180406_1100_nginx_backdoor (graph_score=0.00, llm_invoked=False)
2026-06-08 16:13:15,396 [INFO    ] ✗ [ATTACK→BENIGN] conf=1.00 lat=0ms pid=72517 20180406_1100_nginx_backdoor (graph_score=0.00, llm_invoked=False)
2026-06-08 16:13:15,396 [INFO    ] ✓ [BENIGN→BENIGN] conf=0.85 lat=0ms pid=57526  (graph_score=0.15, llm_invoked=False)
2026-06-08 16:13:15,396 [INFO    ] ✓ [BENIGN→BENIGN] conf=0.85 lat=0ms pid=57526  (graph_score=0.15, llm_invoked=False)
2026-06-08 16:13:15,397 [INFO    ] ✓ [BENIGN→BENIGN] conf=0.85 lat=0ms pid=57526  (graph_score=0.15, llm_invoked=False)
2026-06-08 16:13:15,397 [INFO    ] ✓ [BENIGN→BENIGN] conf=0.85 lat=0ms pid=57526  (graph_score=0.15, llm_invoked=False)
2026-06-08 16:13:15,397 [INFO    ] ✓ [BENIGN→BENIGN] conf=0.85 lat=0ms pid=57526  (graph_score=0.15, llm_invoked=False)
2026-06-08 16:13:15,397 [INFO    ] ✓ [BENIGN→BENIGN] conf=0.85 lat=0ms pid=57526  (graph_score=0.15, llm_invoked=False)
2026-06-08 16:13:15,397 [INFO    ] ✓ [BENIGN→BENIGN] conf=0.85 lat=0ms pid=57528  (graph_score=0.15, llm_invoked=False)
2026-06-08 16:13:15,397 [INFO    ] ✓ [BENIGN→BENIGN] conf=0.85 lat=0ms pid=57528  (graph_score=0.15, llm_invoked=False)
2026-06-08 16:13:15,398 [INFO    ] ✓ [BENIGN→BENIGN] conf=0.85 lat=0ms pid=57528  (graph_score=0.15, llm_invoked=False)
2026-06-08 16:13:15,398 [INFO    ] ✓ [BENIGN→BENIGN] conf=0.85 lat=0ms pid=57528  (graph_score=0.15, llm_invoked=False)
2026-06-08 16:13:15,398 [INFO    ] ✓ [BENIGN→BENIGN] conf=0.85 lat=0ms pid=57528  (graph_score=0.15, llm_invoked=False)
2026-06-08 16:13:15,398 [INFO    ] ✓ [BENIGN→BENIGN] conf=0.85 lat=0ms pid=57528  (graph_score=0.15, llm_invoked=False)
2026-06-08 16:13:15,399 [INFO    ] ✓ [BENIGN→BENIGN] conf=1.00 lat=0ms pid=57530  (graph_score=0.00, llm_invoked=False)
2026-06-08 16:13:15,399 [INFO    ] ✓ [BENIGN→BENIGN] conf=1.00 lat=0ms pid=57530  (graph_score=0.00, llm_invoked=False)
2026-06-08 16:13:15,399 [INFO    ] ✓ [BENIGN→BENIGN] conf=1.00 lat=0ms pid=57530  (graph_score=0.00, llm_invoked=False)
2026-06-08 16:13:15,399 [INFO    ] ✓ [BENIGN→BENIGN] conf=1.00 lat=0ms pid=57530  (graph_score=0.00, llm_invoked=False)
2026-06-08 16:13:15,400 [INFO    ] ✓ [BENIGN→BENIGN] conf=1.00 lat=0ms pid=57530  (graph_score=0.00, llm_invoked=False)
2026-06-08 16:13:15,400 [INFO    ] ✓ [BENIGN→BENIGN] conf=1.00 lat=0ms pid=57530  (graph_score=0.00, llm_invoked=False)
2026-06-08 16:13:15,400 [INFO    ] ✓ [BENIGN→BENIGN] conf=1.00 lat=0ms pid=57530  (graph_score=0.00, llm_invoked=False)
2026-06-08 16:13:15,400 [INFO    ] ✓ [BENIGN→BENIGN] conf=1.00 lat=0ms pid=57530  (graph_score=0.00, llm_invoked=False)
2026-06-08 16:13:15,400 [INFO    ] ✓ [BENIGN→BENIGN] conf=1.00 lat=0ms pid=57530  (graph_score=0.00, llm_invoked=False)
2026-06-08 16:13:15,400 [INFO    ] ✓ [BENIGN→BENIGN] conf=1.00 lat=0ms pid=57530  (graph_score=0.00, llm_invoked=False)
2026-06-08 16:13:15,401 [INFO    ] ✓ [BENIGN→BENIGN] conf=1.00 lat=0ms pid=57530  (graph_score=0.00, llm_invoked=False)
2026-06-08 16:13:15,401 [INFO    ] ✓ [BENIGN→BENIGN] conf=1.00 lat=0ms pid=57530  (graph_score=0.00, llm_invoked=False)
2026-06-08 16:13:15,401 [INFO    ] ✓ [BENIGN→BENIGN] conf=0.85 lat=0ms pid=57533  (graph_score=0.15, llm_invoked=False)
2026-06-08 16:13:15,401 [INFO    ] ✓ [BENIGN→BENIGN] conf=0.85 lat=0ms pid=57533  (graph_score=0.15, llm_invoked=False)
2026-06-08 16:13:15,402 [INFO    ] ✓ [BENIGN→BENIGN] conf=0.85 lat=0ms pid=57534  (graph_score=0.15, llm_invoked=False)
2026-06-08 16:13:15,402 [INFO    ] ✓ [BENIGN→BENIGN] conf=0.85 lat=0ms pid=57534  (graph_score=0.15, llm_invoked=False)
2026-06-08 16:13:22,885 [INFO    ] HTTP Request: POST http://localhost:11434/api/chat "HTTP/1.1 200 OK"
2026-06-08 16:13:22,885 [INFO    ] HTTP Request: POST http://localhost:11434/api/chat "HTTP/1.1 200 OK"
2026-06-08 16:13:22 [debug    ] ollama_inference               latency_ms=7483.9 model=llama3.1:8b
2026-06-08 16:13:22 [debug    ] ollama_inference               latency_ms=7483.9 model=llama3.1:8b
2026-06-08 16:13:22,887 [INFO    ] ✗ [BENIGN→MALICIOUS] conf=0.85 lat=7484ms pid=57534  (graph_score=0.35, llm_invoked=True)
2026-06-08 16:13:22,887 [INFO    ] ✗ [BENIGN→MALICIOUS] conf=0.85 lat=7484ms pid=57534  (graph_score=0.35, llm_invoked=True)
2026-06-08 16:13:22,887 [INFO    ] ✓ [BENIGN→BENIGN] conf=0.85 lat=0ms pid=57534  (graph_score=0.15, llm_invoked=False)
2026-06-08 16:13:22,887 [INFO    ] ✓ [BENIGN→BENIGN] conf=0.85 lat=0ms pid=57534  (graph_score=0.15, llm_invoked=False)
2026-06-08 16:13:22,887 [INFO    ] ✓ [BENIGN→BENIGN] conf=0.85 lat=0ms pid=57534  (graph_score=0.15, llm_invoked=False)
2026-06-08 16:13:22,887 [INFO    ] ✓ [BENIGN→BENIGN] conf=0.85 lat=0ms pid=57534  (graph_score=0.15, llm_invoked=False)
2026-06-08 16:13:22,888 [INFO    ] ✓ [BENIGN→BENIGN] conf=0.85 lat=0ms pid=57534  (graph_score=0.15, llm_invoked=False)
2026-06-08 16:13:22,888 [INFO    ] ✓ [BENIGN→BENIGN] conf=0.85 lat=0ms pid=57534  (graph_score=0.15, llm_invoked=False)
2026-06-08 16:13:22,888 [INFO    ] ✓ [BENIGN→BENIGN] conf=0.85 lat=0ms pid=57534  (graph_score=0.15, llm_invoked=False)
2026-06-08 16:13:22,888 [INFO    ] ✓ [BENIGN→BENIGN] conf=0.85 lat=0ms pid=57534  (graph_score=0.15, llm_invoked=False)
2026-06-08 16:13:22,888 [INFO    ] ✓ [BENIGN→BENIGN] conf=0.85 lat=0ms pid=57534  (graph_score=0.15, llm_invoked=False)
2026-06-08 16:13:22,888 [INFO    ] ✓ [BENIGN→BENIGN] conf=0.85 lat=0ms pid=57534  (graph_score=0.15, llm_invoked=False)
2026-06-08 16:13:22,889 [INFO    ] ✓ [BENIGN→BENIGN] conf=0.85 lat=0ms pid=57534  (graph_score=0.15, llm_invoked=False)
2026-06-08 16:13:22,889 [INFO    ] ✓ [BENIGN→BENIGN] conf=0.85 lat=0ms pid=57534  (graph_score=0.15, llm_invoked=False)
2026-06-08 16:13:22,889 [INFO    ] ✓ [BENIGN→BENIGN] conf=0.85 lat=0ms pid=57534  (graph_score=0.15, llm_invoked=False)
2026-06-08 16:13:22,889 [INFO    ] ✓ [BENIGN→BENIGN] conf=0.85 lat=0ms pid=57534  (graph_score=0.15, llm_invoked=False)
2026-06-08 16:13:22,889 [INFO    ] ✓ [BENIGN→BENIGN] conf=0.85 lat=0ms pid=57534  (graph_score=0.15, llm_invoked=False)
2026-06-08 16:13:22,889 [INFO    ] ✓ [BENIGN→BENIGN] conf=0.85 lat=0ms pid=57534  (graph_score=0.15, llm_invoked=False)
2026-06-08 16:13:22,890 [INFO    ] ✓ [BENIGN→BENIGN] conf=0.85 lat=0ms pid=57534  (graph_score=0.15, llm_invoked=False)
2026-06-08 16:13:22,890 [INFO    ] ✓ [BENIGN→BENIGN] conf=0.85 lat=0ms pid=57534  (graph_score=0.15, llm_invoked=False)
2026-06-08 16:13:22,890 [INFO    ] ✓ [BENIGN→BENIGN] conf=0.85 lat=0ms pid=57534  (graph_score=0.15, llm_invoked=False)
2026-06-08 16:13:22,890 [INFO    ] ✓ [BENIGN→BENIGN] conf=0.85 lat=0ms pid=57534  (graph_score=0.15, llm_invoked=False)
2026-06-08 16:13:22,890 [INFO    ] ✓ [BENIGN→BENIGN] conf=0.85 lat=0ms pid=57534  (graph_score=0.15, llm_invoked=False)
2026-06-08 16:13:22,890 [INFO    ] ✓ [BENIGN→BENIGN] conf=0.85 lat=0ms pid=57534  (graph_score=0.15, llm_invoked=False)
2026-06-08 16:13:22,891 [INFO    ] ✓ [BENIGN→BENIGN] conf=0.85 lat=0ms pid=57534  (graph_score=0.15, llm_invoked=False)
2026-06-08 16:13:22,891 [INFO    ] ✓ [BENIGN→BENIGN] conf=0.85 lat=0ms pid=57534  (graph_score=0.15, llm_invoked=False)
2026-06-08 16:13:22,891 [INFO    ] ✓ [BENIGN→BENIGN] conf=0.85 lat=0ms pid=57534  (graph_score=0.15, llm_invoked=False)
2026-06-08 16:13:22,891 [INFO    ] ✓ [BENIGN→BENIGN] conf=0.85 lat=0ms pid=57534  (graph_score=0.15, llm_invoked=False)
2026-06-08 16:13:22,891 [INFO    ] ✓ [BENIGN→BENIGN] conf=0.85 lat=0ms pid=57534  (graph_score=0.15, llm_invoked=False)
2026-06-08 16:13:22,891 [INFO    ] ✓ [BENIGN→BENIGN] conf=0.85 lat=0ms pid=57534  (graph_score=0.15, llm_invoked=False)
2026-06-08 16:13:22,892 [INFO    ] ✓ [BENIGN→BENIGN] conf=0.85 lat=0ms pid=57534  (graph_score=0.15, llm_invoked=False)
2026-06-08 16:13:22,892 [INFO    ] ✓ [BENIGN→BENIGN] conf=0.85 lat=0ms pid=57534  (graph_score=0.15, llm_invoked=False)
2026-06-08 16:13:22,892 [INFO    ] ✓ [BENIGN→BENIGN] conf=0.85 lat=0ms pid=57534  (graph_score=0.15, llm_invoked=False)
2026-06-08 16:13:22,892 [INFO    ] ✓ [BENIGN→BENIGN] conf=0.85 lat=0ms pid=57534  (graph_score=0.15, llm_invoked=False)
2026-06-08 16:13:22,892 [INFO    ] ✓ [BENIGN→BENIGN] conf=0.85 lat=0ms pid=57534  (graph_score=0.15, llm_invoked=False)
2026-06-08 16:13:22,892 [INFO    ] ✓ [BENIGN→BENIGN] conf=0.85 lat=0ms pid=57534  (graph_score=0.15, llm_invoked=False)
2026-06-08 16:13:22,893 [INFO    ] ✓ [BENIGN→BENIGN] conf=0.85 lat=0ms pid=57534  (graph_score=0.15, llm_invoked=False)
2026-06-08 16:13:22,893 [INFO    ] ✓ [BENIGN→BENIGN] conf=0.85 lat=0ms pid=57534  (graph_score=0.15, llm_invoked=False)
2026-06-08 16:13:22,893 [INFO    ] ✓ [BENIGN→BENIGN] conf=1.00 lat=0ms pid=57536  (graph_score=0.00, llm_invoked=False)
2026-06-08 16:13:22,893 [INFO    ] ✓ [BENIGN→BENIGN] conf=1.00 lat=0ms pid=57536  (graph_score=0.00, llm_invoked=False)
2026-06-08 16:13:22,893 [INFO    ] ✓ [BENIGN→BENIGN] conf=1.00 lat=0ms pid=57536  (graph_score=0.00, llm_invoked=False)
2026-06-08 16:13:22,893 [INFO    ] ✓ [BENIGN→BENIGN] conf=1.00 lat=0ms pid=57536  (graph_score=0.00, llm_invoked=False)
2026-06-08 16:13:22,894 [INFO    ] ✓ [BENIGN→BENIGN] conf=1.00 lat=0ms pid=57536  (graph_score=0.00, llm_invoked=False)
2026-06-08 16:13:22,894 [INFO    ] ✓ [BENIGN→BENIGN] conf=1.00 lat=0ms pid=57536  (graph_score=0.00, llm_invoked=False)
2026-06-08 16:13:22,895 [INFO    ] ✓ [BENIGN→BENIGN] conf=1.00 lat=0ms pid=57536  (graph_score=0.00, llm_invoked=False)
2026-06-08 16:13:22,895 [INFO    ] ✓ [BENIGN→BENIGN] conf=1.00 lat=0ms pid=57536  (graph_score=0.00, llm_invoked=False)
2026-06-08 16:13:22,896 [INFO    ] ✓ [BENIGN→BENIGN] conf=1.00 lat=0ms pid=57536  (graph_score=0.00, llm_invoked=False)
2026-06-08 16:13:22,896 [INFO    ] ✓ [BENIGN→BENIGN] conf=1.00 lat=0ms pid=57536  (graph_score=0.00, llm_invoked=False)
2026-06-08 16:13:22,896 [INFO    ] ✓ [BENIGN→BENIGN] conf=1.00 lat=0ms pid=57536  (graph_score=0.00, llm_invoked=False)
2026-06-08 16:13:22,896 [INFO    ] ✓ [BENIGN→BENIGN] conf=1.00 lat=0ms pid=57536  (graph_score=0.00, llm_invoked=False)
2026-06-08 16:13:22,897 [INFO    ] ✓ [BENIGN→BENIGN] conf=1.00 lat=0ms pid=57536  (graph_score=0.00, llm_invoked=False)
2026-06-08 16:13:22,897 [INFO    ] ✓ [BENIGN→BENIGN] conf=1.00 lat=0ms pid=57536  (graph_score=0.00, llm_invoked=False)
2026-06-08 16:13:22,897 [INFO    ] ✓ [BENIGN→BENIGN] conf=1.00 lat=0ms pid=57538  (graph_score=0.00, llm_invoked=False)
2026-06-08 16:13:22,897 [INFO    ] ✓ [BENIGN→BENIGN] conf=1.00 lat=0ms pid=57538  (graph_score=0.00, llm_invoked=False)
2026-06-08 16:13:22,897 [INFO    ] ✓ [BENIGN→BENIGN] conf=1.00 lat=0ms pid=57538  (graph_score=0.00, llm_invoked=False)
2026-06-08 16:13:22,897 [INFO    ] ✓ [BENIGN→BENIGN] conf=1.00 lat=0ms pid=57538  (graph_score=0.00, llm_invoked=False)
2026-06-08 16:13:22,898 [INFO    ] ✓ [BENIGN→BENIGN] conf=1.00 lat=0ms pid=57539  (graph_score=0.00, llm_invoked=False)
2026-06-08 16:13:22,898 [INFO    ] ✓ [BENIGN→BENIGN] conf=1.00 lat=0ms pid=57539  (graph_score=0.00, llm_invoked=False)
2026-06-08 16:13:22,898 [INFO    ] ✓ [BENIGN→BENIGN] conf=1.00 lat=0ms pid=57540  (graph_score=0.00, llm_invoked=False)
2026-06-08 16:13:22,898 [INFO    ] ✓ [BENIGN→BENIGN] conf=1.00 lat=0ms pid=57540  (graph_score=0.00, llm_invoked=False)
2026-06-08 16:13:22,899 [INFO    ] ✓ [BENIGN→BENIGN] conf=1.00 lat=0ms pid=57540  (graph_score=0.00, llm_invoked=False)
2026-06-08 16:13:22,899 [INFO    ] ✓ [BENIGN→BENIGN] conf=1.00 lat=0ms pid=57540  (graph_score=0.00, llm_invoked=False)
2026-06-08 16:13:22,899 [INFO    ] ✓ [BENIGN→BENIGN] conf=1.00 lat=0ms pid=57540  (graph_score=0.00, llm_invoked=False)
2026-06-08 16:13:22,899 [INFO    ] ✓ [BENIGN→BENIGN] conf=1.00 lat=0ms pid=57540  (graph_score=0.00, llm_invoked=False)
2026-06-08 16:13:22,899 [INFO    ] ✓ [BENIGN→BENIGN] conf=1.00 lat=0ms pid=57540  (graph_score=0.00, llm_invoked=False)
2026-06-08 16:13:22,899 [INFO    ] ✓ [BENIGN→BENIGN] conf=1.00 lat=0ms pid=57540  (graph_score=0.00, llm_invoked=False)
2026-06-08 16:13:22,900 [INFO    ] ✓ [BENIGN→BENIGN] conf=1.00 lat=0ms pid=57540  (graph_score=0.00, llm_invoked=False)
2026-06-08 16:13:22,900 [INFO    ] ✓ [BENIGN→BENIGN] conf=1.00 lat=0ms pid=57540  (graph_score=0.00, llm_invoked=False)
2026-06-08 16:13:22,900 [INFO    ] ✓ [BENIGN→BENIGN] conf=1.00 lat=0ms pid=57540  (graph_score=0.00, llm_invoked=False)
2026-06-08 16:13:22,900 [INFO    ] ✓ [BENIGN→BENIGN] conf=1.00 lat=0ms pid=57540  (graph_score=0.00, llm_invoked=False)
2026-06-08 16:13:22,901 [INFO    ] ✓ [BENIGN→BENIGN] conf=1.00 lat=0ms pid=57540  (graph_score=0.00, llm_invoked=False)
2026-06-08 16:13:22,901 [INFO    ] ✓ [BENIGN→BENIGN] conf=1.00 lat=0ms pid=57540  (graph_score=0.00, llm_invoked=False)

============================================================
SENTINEL vs DARPA TC E3 CADETS
============================================================
  Mode:      BEHAVIORAL-ONLY (honest, no [C2] hints)
  Parser:    two-pass (NetFlowObject bug fixed)
  Windows:   100 (50 attack, 50 benign)
  F1:        0.603   (WATSON=0.82, UNICORN=0.88)
  TPR:       0.440
  FPR:       0.020
  Precision: 0.957
  Accuracy:  0.710

  NOTE: Strip-annotations mode. This F1 is directly comparable
  to WATSON (0.82) and UNICORN (0.88) — same behavioral detection task.

  Results → results/evaluations_gcp/darpa_tc_behavioral_v5_gcp.json
============================================================

============================================================
SENTINEL vs DARPA TC E3 CADETS
============================================================
  Mode:      BEHAVIORAL-ONLY (honest, no [C2] hints)
  Parser:    two-pass (NetFlowObject bug fixed)
  Windows:   100 (50 attack, 50 benign)
  F1:        0.603   (WATSON=0.82, UNICORN=0.88)
  TPR:       0.440
  FPR:       0.020
  Precision: 0.957
  Accuracy:  0.710

  NOTE: Strip-annotations mode. This F1 is directly comparable
  to WATSON (0.82) and UNICORN (0.88) — same behavioral detection task.

  Results → results/evaluations_gcp/darpa_tc_behavioral_v5_gcp.json
============================================================


▶ darpa-behavioral-v4-llm-only Mon Jun  8 16:13:23 UTC 2026
▶ darpa-behavioral-v4-llm-only Mon Jun  8 16:13:23 UTC 2026
2026-06-08 16:13:23,324 [INFO    ] === BEHAVIORAL-ONLY MODE: [C2]/[MALWARE] stripped from IPG ===
2026-06-08 16:13:23,324 [INFO    ] === BEHAVIORAL-ONLY MODE: [C2]/[MALWARE] stripped from IPG ===
2026-06-08 16:13:23,324 [INFO    ] === This matches the evaluation scope of WATSON/UNICORN ===
2026-06-08 16:13:23,324 [INFO    ] === This matches the evaluation scope of WATSON/UNICORN ===
2026-06-08 16:13:23,324 [INFO    ] Hard-case fraction 50.0% → 25 hard (nginx_ts) + 25 easy (c2_detected)
2026-06-08 16:13:23,324 [INFO    ] Hard-case fraction 50.0% → 25 hard (nginx_ts) + 25 easy (c2_detected)
2026-06-08 16:13:23,324 [INFO    ] Dataset: CADETS (ta1-cadets-e3-official.json.2)
2026-06-08 16:13:23,324 [INFO    ] Dataset: CADETS (ta1-cadets-e3-official.json.2)
2026-06-08 16:13:23,325 [INFO    ] Pass 1: building entity maps from ta1-cadets-e3-official.json.2 ...
2026-06-08 16:13:23,325 [INFO    ] Pass 1: building entity maps from ta1-cadets-e3-official.json.2 ...
2026-06-08 16:14:04,996 [INFO    ] Pass 1 done: 19859 subjects, 219046 objects
2026-06-08 16:14:04,997 [INFO    ] Pass 2: emitting events ...
2026-06-08 16:14:04,996 [INFO    ] Pass 1 done: 19859 subjects, 219046 objects
2026-06-08 16:14:04,997 [INFO    ] Pass 2: emitting events ...
2026-06-08 16:15:16,127 [INFO    ] Pass 2 done: 2351832 events emitted (1310586 skipped)
2026-06-08 16:15:16,127 [INFO    ] Pass 2 done: 2351832 events emitted (1310586 skipped)
2026-06-08 16:15:16,964 [INFO    ] Windows: 50 attack (c2=25, malware=0, parent_chain=0, nginx_ts=25), 50 benign | parent-chain injections=81 | ancestor PIDs=7
2026-06-08 16:15:16,964 [INFO    ] Windows: 50 attack (c2=25, malware=0, parent_chain=0, nginx_ts=25), 50 benign | parent-chain injections=81 | ancestor PIDs=7
2026-06-08 16:15:17,566 [INFO    ] Evaluating 100 windows with Ollama llama3.1:8b ...
2026-06-08 16:15:17,566 [INFO    ] Evaluating 100 windows with Ollama llama3.1:8b ...
2026-06-08 16:15:24,252 [INFO    ] HTTP Request: POST http://localhost:11434/api/chat "HTTP/1.1 200 OK"
2026-06-08 16:15:24,252 [INFO    ] HTTP Request: POST http://localhost:11434/api/chat "HTTP/1.1 200 OK"
2026-06-08 16:15:24 [debug    ] ollama_inference               latency_ms=6685.6 model=llama3.1:8b
2026-06-08 16:15:24 [debug    ] ollama_inference               latency_ms=6685.6 model=llama3.1:8b
2026-06-08 16:15:24,254 [INFO    ] ✓ [ATTACK→MALICIOUS] conf=0.85 lat=6686ms pid=59137 c2_detected (graph_score=0.80, llm_invoked=True)
2026-06-08 16:15:24,254 [INFO    ] ✓ [ATTACK→MALICIOUS] conf=0.85 lat=6686ms pid=59137 c2_detected (graph_score=0.80, llm_invoked=True)
2026-06-08 16:15:30,320 [INFO    ] HTTP Request: POST http://localhost:11434/api/chat "HTTP/1.1 200 OK"
2026-06-08 16:15:30,320 [INFO    ] HTTP Request: POST http://localhost:11434/api/chat "HTTP/1.1 200 OK"
2026-06-08 16:15:30 [debug    ] ollama_inference               latency_ms=6066.4 model=llama3.1:8b
2026-06-08 16:15:30 [debug    ] ollama_inference               latency_ms=6066.4 model=llama3.1:8b
2026-06-08 16:15:30,321 [INFO    ] ✗ [ATTACK→BENIGN] conf=0.42 lat=6067ms pid=59137 c2_detected (graph_score=0.80, llm_invoked=True)
2026-06-08 16:15:30,321 [INFO    ] ✗ [ATTACK→BENIGN] conf=0.42 lat=6067ms pid=59137 c2_detected (graph_score=0.80, llm_invoked=True)
2026-06-08 16:15:35,946 [INFO    ] HTTP Request: POST http://localhost:11434/api/chat "HTTP/1.1 200 OK"
2026-06-08 16:15:35,946 [INFO    ] HTTP Request: POST http://localhost:11434/api/chat "HTTP/1.1 200 OK"
2026-06-08 16:15:35 [debug    ] ollama_inference               latency_ms=5624.3 model=llama3.1:8b
2026-06-08 16:15:35 [debug    ] ollama_inference               latency_ms=5624.3 model=llama3.1:8b
2026-06-08 16:15:35,947 [INFO    ] ✓ [ATTACK→MALICIOUS] conf=0.85 lat=5625ms pid=59137 c2_detected (graph_score=0.80, llm_invoked=True)
2026-06-08 16:15:35,947 [INFO    ] ✓ [ATTACK→MALICIOUS] conf=0.85 lat=5625ms pid=59137 c2_detected (graph_score=0.80, llm_invoked=True)
2026-06-08 16:15:41,645 [INFO    ] HTTP Request: POST http://localhost:11434/api/chat "HTTP/1.1 200 OK"
2026-06-08 16:15:41,645 [INFO    ] HTTP Request: POST http://localhost:11434/api/chat "HTTP/1.1 200 OK"
2026-06-08 16:15:41 [debug    ] ollama_inference               latency_ms=5698.0 model=llama3.1:8b
2026-06-08 16:15:41 [debug    ] ollama_inference               latency_ms=5698.0 model=llama3.1:8b
2026-06-08 16:15:41,646 [INFO    ] ✗ [ATTACK→BENIGN] conf=0.99 lat=5698ms pid=59137 c2_detected (graph_score=0.00, llm_invoked=True)
2026-06-08 16:15:41,646 [INFO    ] ✗ [ATTACK→BENIGN] conf=0.99 lat=5698ms pid=59137 c2_detected (graph_score=0.00, llm_invoked=True)
2026-06-08 16:15:47,346 [INFO    ] HTTP Request: POST http://localhost:11434/api/chat "HTTP/1.1 200 OK"
2026-06-08 16:15:47,346 [INFO    ] HTTP Request: POST http://localhost:11434/api/chat "HTTP/1.1 200 OK"
2026-06-08 16:15:47 [debug    ] ollama_inference               latency_ms=5700.7 model=llama3.1:8b
2026-06-08 16:15:47 [debug    ] ollama_inference               latency_ms=5700.7 model=llama3.1:8b
2026-06-08 16:15:47,348 [INFO    ] ✗ [ATTACK→BENIGN] conf=0.99 lat=5702ms pid=59137 c2_detected (graph_score=0.00, llm_invoked=True)
2026-06-08 16:15:47,348 [INFO    ] ✗ [ATTACK→BENIGN] conf=0.99 lat=5702ms pid=59137 c2_detected (graph_score=0.00, llm_invoked=True)
2026-06-08 16:15:55,212 [INFO    ] HTTP Request: POST http://localhost:11434/api/chat "HTTP/1.1 200 OK"
2026-06-08 16:15:55,212 [INFO    ] HTTP Request: POST http://localhost:11434/api/chat "HTTP/1.1 200 OK"
2026-06-08 16:15:55 [debug    ] ollama_inference               latency_ms=7864.1 model=llama3.1:8b
2026-06-08 16:15:55 [debug    ] ollama_inference               latency_ms=7864.1 model=llama3.1:8b
2026-06-08 16:15:55,214 [INFO    ] ✓ [ATTACK→MALICIOUS] conf=0.62 lat=7865ms pid=59137 c2_detected (graph_score=0.80, llm_invoked=True)
2026-06-08 16:15:55,214 [INFO    ] ✓ [ATTACK→MALICIOUS] conf=0.62 lat=7865ms pid=59137 c2_detected (graph_score=0.80, llm_invoked=True)
2026-06-08 16:16:00,585 [INFO    ] HTTP Request: POST http://localhost:11434/api/chat "HTTP/1.1 200 OK"
2026-06-08 16:16:00,585 [INFO    ] HTTP Request: POST http://localhost:11434/api/chat "HTTP/1.1 200 OK"
2026-06-08 16:16:00 [debug    ] ollama_inference               latency_ms=5371.8 model=llama3.1:8b
2026-06-08 16:16:00 [debug    ] ollama_inference               latency_ms=5371.8 model=llama3.1:8b
2026-06-08 16:16:00,586 [INFO    ] ✗ [ATTACK→BENIGN] conf=0.99 lat=5372ms pid=59137 c2_detected (graph_score=0.00, llm_invoked=True)
2026-06-08 16:16:00,586 [INFO    ] ✗ [ATTACK→BENIGN] conf=0.99 lat=5372ms pid=59137 c2_detected (graph_score=0.00, llm_invoked=True)
2026-06-08 16:16:08,662 [INFO    ] HTTP Request: POST http://localhost:11434/api/chat "HTTP/1.1 200 OK"
2026-06-08 16:16:08,662 [INFO    ] HTTP Request: POST http://localhost:11434/api/chat "HTTP/1.1 200 OK"
2026-06-08 16:16:08 [debug    ] ollama_inference               latency_ms=8075.5 model=llama3.1:8b
2026-06-08 16:16:08 [debug    ] ollama_inference               latency_ms=8075.5 model=llama3.1:8b
2026-06-08 16:16:08,663 [INFO    ] ✓ [ATTACK→MALICIOUS] conf=0.85 lat=8076ms pid=59141 c2_detected (graph_score=0.80, llm_invoked=True)
2026-06-08 16:16:08,663 [INFO    ] ✓ [ATTACK→MALICIOUS] conf=0.85 lat=8076ms pid=59141 c2_detected (graph_score=0.80, llm_invoked=True)
2026-06-08 16:16:15,005 [INFO    ] HTTP Request: POST http://localhost:11434/api/chat "HTTP/1.1 200 OK"
2026-06-08 16:16:15,005 [INFO    ] HTTP Request: POST http://localhost:11434/api/chat "HTTP/1.1 200 OK"
2026-06-08 16:16:15 [debug    ] ollama_inference               latency_ms=6341.4 model=llama3.1:8b
2026-06-08 16:16:15 [debug    ] ollama_inference               latency_ms=6341.4 model=llama3.1:8b
2026-06-08 16:16:15,006 [INFO    ] ✓ [ATTACK→MALICIOUS] conf=0.85 lat=6342ms pid=59144 c2_detected (graph_score=0.80, llm_invoked=True)
2026-06-08 16:16:15,006 [INFO    ] ✓ [ATTACK→MALICIOUS] conf=0.85 lat=6342ms pid=59144 c2_detected (graph_score=0.80, llm_invoked=True)
2026-06-08 16:16:22,001 [INFO    ] HTTP Request: POST http://localhost:11434/api/chat "HTTP/1.1 200 OK"
2026-06-08 16:16:22,001 [INFO    ] HTTP Request: POST http://localhost:11434/api/chat "HTTP/1.1 200 OK"
2026-06-08 16:16:22 [debug    ] ollama_inference               latency_ms=6994.5 model=llama3.1:8b
2026-06-08 16:16:22 [debug    ] ollama_inference               latency_ms=6994.5 model=llama3.1:8b
2026-06-08 16:16:22,002 [INFO    ] ✓ [ATTACK→MALICIOUS] conf=0.42 lat=6995ms pid=59144 c2_detected (graph_score=0.80, llm_invoked=True)
2026-06-08 16:16:22,002 [INFO    ] ✓ [ATTACK→MALICIOUS] conf=0.42 lat=6995ms pid=59144 c2_detected (graph_score=0.80, llm_invoked=True)
2026-06-08 16:16:28,636 [INFO    ] HTTP Request: POST http://localhost:11434/api/chat "HTTP/1.1 200 OK"
2026-06-08 16:16:28,636 [INFO    ] HTTP Request: POST http://localhost:11434/api/chat "HTTP/1.1 200 OK"
2026-06-08 16:16:28 [debug    ] ollama_inference               latency_ms=6634.0 model=llama3.1:8b
2026-06-08 16:16:28 [debug    ] ollama_inference               latency_ms=6634.0 model=llama3.1:8b
2026-06-08 16:16:28,637 [INFO    ] ✓ [ATTACK→MALICIOUS] conf=0.62 lat=6634ms pid=59144 c2_detected (graph_score=0.80, llm_invoked=True)
2026-06-08 16:16:28,637 [INFO    ] ✓ [ATTACK→MALICIOUS] conf=0.62 lat=6634ms pid=59144 c2_detected (graph_score=0.80, llm_invoked=True)
2026-06-08 16:16:35,467 [INFO    ] HTTP Request: POST http://localhost:11434/api/chat "HTTP/1.1 200 OK"
2026-06-08 16:16:35,467 [INFO    ] HTTP Request: POST http://localhost:11434/api/chat "HTTP/1.1 200 OK"
2026-06-08 16:16:35 [debug    ] ollama_inference               latency_ms=6829.5 model=llama3.1:8b
2026-06-08 16:16:35 [debug    ] ollama_inference               latency_ms=6829.5 model=llama3.1:8b
2026-06-08 16:16:35,468 [INFO    ] ✓ [ATTACK→MALICIOUS] conf=0.85 lat=6830ms pid=59144 c2_detected (graph_score=0.80, llm_invoked=True)
2026-06-08 16:16:35,468 [INFO    ] ✓ [ATTACK→MALICIOUS] conf=0.85 lat=6830ms pid=59144 c2_detected (graph_score=0.80, llm_invoked=True)
2026-06-08 16:16:41,388 [INFO    ] HTTP Request: POST http://localhost:11434/api/chat "HTTP/1.1 200 OK"
2026-06-08 16:16:41,388 [INFO    ] HTTP Request: POST http://localhost:11434/api/chat "HTTP/1.1 200 OK"
2026-06-08 16:16:41 [debug    ] ollama_inference               latency_ms=5920.2 model=llama3.1:8b
2026-06-08 16:16:41 [debug    ] ollama_inference               latency_ms=5920.2 model=llama3.1:8b
2026-06-08 16:16:41,389 [INFO    ] ✓ [ATTACK→MALICIOUS] conf=0.62 lat=5921ms pid=59144 c2_detected (graph_score=0.80, llm_invoked=True)
2026-06-08 16:16:41,389 [INFO    ] ✓ [ATTACK→MALICIOUS] conf=0.62 lat=5921ms pid=59144 c2_detected (graph_score=0.80, llm_invoked=True)
2026-06-08 16:16:48,788 [INFO    ] HTTP Request: POST http://localhost:11434/api/chat "HTTP/1.1 200 OK"
2026-06-08 16:16:48,788 [INFO    ] HTTP Request: POST http://localhost:11434/api/chat "HTTP/1.1 200 OK"
2026-06-08 16:16:48 [debug    ] ollama_inference               latency_ms=7399.4 model=llama3.1:8b
2026-06-08 16:16:48 [debug    ] ollama_inference               latency_ms=7399.4 model=llama3.1:8b
2026-06-08 16:16:48,790 [INFO    ] ✓ [ATTACK→MALICIOUS] conf=0.62 lat=7400ms pid=59144 c2_detected (graph_score=0.80, llm_invoked=True)
2026-06-08 16:16:48,790 [INFO    ] ✓ [ATTACK→MALICIOUS] conf=0.62 lat=7400ms pid=59144 c2_detected (graph_score=0.80, llm_invoked=True)
2026-06-08 16:16:55,717 [INFO    ] HTTP Request: POST http://localhost:11434/api/chat "HTTP/1.1 200 OK"
2026-06-08 16:16:55,717 [INFO    ] HTTP Request: POST http://localhost:11434/api/chat "HTTP/1.1 200 OK"
2026-06-08 16:16:55 [debug    ] ollama_inference               latency_ms=6926.6 model=llama3.1:8b
2026-06-08 16:16:55 [debug    ] ollama_inference               latency_ms=6926.6 model=llama3.1:8b
2026-06-08 16:16:55,718 [INFO    ] ✓ [ATTACK→MALICIOUS] conf=0.83 lat=6927ms pid=59144 c2_detected (graph_score=0.80, llm_invoked=True)
2026-06-08 16:16:55,718 [INFO    ] ✓ [ATTACK→MALICIOUS] conf=0.83 lat=6927ms pid=59144 c2_detected (graph_score=0.80, llm_invoked=True)
2026-06-08 16:17:02,039 [INFO    ] HTTP Request: POST http://localhost:11434/api/chat "HTTP/1.1 200 OK"
2026-06-08 16:17:02,039 [INFO    ] HTTP Request: POST http://localhost:11434/api/chat "HTTP/1.1 200 OK"
2026-06-08 16:17:02 [debug    ] ollama_inference               latency_ms=6321.0 model=llama3.1:8b
2026-06-08 16:17:02 [debug    ] ollama_inference               latency_ms=6321.0 model=llama3.1:8b
2026-06-08 16:17:02,040 [INFO    ] ✓ [ATTACK→MALICIOUS] conf=0.63 lat=6322ms pid=59144 c2_detected (graph_score=0.80, llm_invoked=True)
2026-06-08 16:17:02,040 [INFO    ] ✓ [ATTACK→MALICIOUS] conf=0.63 lat=6322ms pid=59144 c2_detected (graph_score=0.80, llm_invoked=True)
2026-06-08 16:17:09,473 [INFO    ] HTTP Request: POST http://localhost:11434/api/chat "HTTP/1.1 200 OK"
2026-06-08 16:17:09,473 [INFO    ] HTTP Request: POST http://localhost:11434/api/chat "HTTP/1.1 200 OK"
2026-06-08 16:17:09 [debug    ] ollama_inference               latency_ms=7433.5 model=llama3.1:8b
2026-06-08 16:17:09 [debug    ] ollama_inference               latency_ms=7433.5 model=llama3.1:8b
2026-06-08 16:17:09,475 [INFO    ] ✓ [ATTACK→MALICIOUS] conf=0.85 lat=7434ms pid=59144 c2_detected (graph_score=0.80, llm_invoked=True)
2026-06-08 16:17:09,475 [INFO    ] ✓ [ATTACK→MALICIOUS] conf=0.85 lat=7434ms pid=59144 c2_detected (graph_score=0.80, llm_invoked=True)
2026-06-08 16:17:17,640 [INFO    ] HTTP Request: POST http://localhost:11434/api/chat "HTTP/1.1 200 OK"
2026-06-08 16:17:17,640 [INFO    ] HTTP Request: POST http://localhost:11434/api/chat "HTTP/1.1 200 OK"
2026-06-08 16:17:17 [debug    ] ollama_inference               latency_ms=8165.9 model=llama3.1:8b
2026-06-08 16:17:17 [debug    ] ollama_inference               latency_ms=8165.9 model=llama3.1:8b
2026-06-08 16:17:17,642 [INFO    ] ✓ [ATTACK→MALICIOUS] conf=0.85 lat=8166ms pid=59144 c2_detected (graph_score=0.80, llm_invoked=True)
2026-06-08 16:17:17,642 [INFO    ] ✓ [ATTACK→MALICIOUS] conf=0.85 lat=8166ms pid=59144 c2_detected (graph_score=0.80, llm_invoked=True)
2026-06-08 16:17:23,722 [INFO    ] HTTP Request: POST http://localhost:11434/api/chat "HTTP/1.1 200 OK"
2026-06-08 16:17:23,722 [INFO    ] HTTP Request: POST http://localhost:11434/api/chat "HTTP/1.1 200 OK"
2026-06-08 16:17:23 [debug    ] ollama_inference               latency_ms=6080.8 model=llama3.1:8b
2026-06-08 16:17:23 [debug    ] ollama_inference               latency_ms=6080.8 model=llama3.1:8b
2026-06-08 16:17:23,724 [INFO    ] ✓ [ATTACK→MALICIOUS] conf=0.85 lat=6081ms pid=59144 c2_detected (graph_score=0.80, llm_invoked=True)
2026-06-08 16:17:23,724 [INFO    ] ✓ [ATTACK→MALICIOUS] conf=0.85 lat=6081ms pid=59144 c2_detected (graph_score=0.80, llm_invoked=True)
2026-06-08 16:17:29,694 [INFO    ] HTTP Request: POST http://localhost:11434/api/chat "HTTP/1.1 200 OK"
2026-06-08 16:17:29,694 [INFO    ] HTTP Request: POST http://localhost:11434/api/chat "HTTP/1.1 200 OK"
2026-06-08 16:17:29 [debug    ] ollama_inference               latency_ms=5970.7 model=llama3.1:8b
2026-06-08 16:17:29 [debug    ] ollama_inference               latency_ms=5970.7 model=llama3.1:8b
2026-06-08 16:17:29,696 [INFO    ] ✓ [ATTACK→MALICIOUS] conf=0.85 lat=5971ms pid=59144 c2_detected (graph_score=0.80, llm_invoked=True)
2026-06-08 16:17:29,696 [INFO    ] ✓ [ATTACK→MALICIOUS] conf=0.85 lat=5971ms pid=59144 c2_detected (graph_score=0.80, llm_invoked=True)
2026-06-08 16:17:36,922 [INFO    ] HTTP Request: POST http://localhost:11434/api/chat "HTTP/1.1 200 OK"
2026-06-08 16:17:36,922 [INFO    ] HTTP Request: POST http://localhost:11434/api/chat "HTTP/1.1 200 OK"
2026-06-08 16:17:36 [debug    ] ollama_inference               latency_ms=7226.9 model=llama3.1:8b
2026-06-08 16:17:36 [debug    ] ollama_inference               latency_ms=7226.9 model=llama3.1:8b
2026-06-08 16:17:36,924 [INFO    ] ✓ [ATTACK→MALICIOUS] conf=0.63 lat=7227ms pid=59144 c2_detected (graph_score=0.80, llm_invoked=True)
2026-06-08 16:17:36,924 [INFO    ] ✓ [ATTACK→MALICIOUS] conf=0.63 lat=7227ms pid=59144 c2_detected (graph_score=0.80, llm_invoked=True)
2026-06-08 16:17:43,476 [INFO    ] HTTP Request: POST http://localhost:11434/api/chat "HTTP/1.1 200 OK"
2026-06-08 16:17:43,476 [INFO    ] HTTP Request: POST http://localhost:11434/api/chat "HTTP/1.1 200 OK"
2026-06-08 16:17:43 [debug    ] ollama_inference               latency_ms=6552.7 model=llama3.1:8b
2026-06-08 16:17:43 [debug    ] ollama_inference               latency_ms=6552.7 model=llama3.1:8b
2026-06-08 16:17:43,478 [INFO    ] ✓ [ATTACK→MALICIOUS] conf=0.42 lat=6553ms pid=59144 c2_detected (graph_score=0.80, llm_invoked=True)
2026-06-08 16:17:43,478 [INFO    ] ✓ [ATTACK→MALICIOUS] conf=0.42 lat=6553ms pid=59144 c2_detected (graph_score=0.80, llm_invoked=True)
2026-06-08 16:17:49,766 [INFO    ] HTTP Request: POST http://localhost:11434/api/chat "HTTP/1.1 200 OK"
2026-06-08 16:17:49,766 [INFO    ] HTTP Request: POST http://localhost:11434/api/chat "HTTP/1.1 200 OK"
2026-06-08 16:17:49 [debug    ] ollama_inference               latency_ms=6288.3 model=llama3.1:8b
2026-06-08 16:17:49 [debug    ] ollama_inference               latency_ms=6288.3 model=llama3.1:8b
2026-06-08 16:17:49,767 [INFO    ] ✓ [ATTACK→MALICIOUS] conf=0.42 lat=6289ms pid=59144 c2_detected (graph_score=0.80, llm_invoked=True)
2026-06-08 16:17:49,767 [INFO    ] ✓ [ATTACK→MALICIOUS] conf=0.42 lat=6289ms pid=59144 c2_detected (graph_score=0.80, llm_invoked=True)
2026-06-08 16:17:55,732 [INFO    ] HTTP Request: POST http://localhost:11434/api/chat "HTTP/1.1 200 OK"
2026-06-08 16:17:55,732 [INFO    ] HTTP Request: POST http://localhost:11434/api/chat "HTTP/1.1 200 OK"
2026-06-08 16:17:55 [debug    ] ollama_inference               latency_ms=5964.6 model=llama3.1:8b
2026-06-08 16:17:55 [debug    ] ollama_inference               latency_ms=5964.6 model=llama3.1:8b
2026-06-08 16:17:55,733 [INFO    ] ✓ [ATTACK→MALICIOUS] conf=0.62 lat=5965ms pid=59144 c2_detected (graph_score=0.80, llm_invoked=True)
2026-06-08 16:17:55,733 [INFO    ] ✓ [ATTACK→MALICIOUS] conf=0.62 lat=5965ms pid=59144 c2_detected (graph_score=0.80, llm_invoked=True)
2026-06-08 16:18:01,714 [INFO    ] HTTP Request: POST http://localhost:11434/api/chat "HTTP/1.1 200 OK"
2026-06-08 16:18:01,714 [INFO    ] HTTP Request: POST http://localhost:11434/api/chat "HTTP/1.1 200 OK"
2026-06-08 16:18:01 [debug    ] ollama_inference               latency_ms=5981.5 model=llama3.1:8b
2026-06-08 16:18:01 [debug    ] ollama_inference               latency_ms=5981.5 model=llama3.1:8b
2026-06-08 16:18:01,716 [INFO    ] ✓ [ATTACK→MALICIOUS] conf=0.62 lat=5982ms pid=59144 c2_detected (graph_score=0.80, llm_invoked=True)
2026-06-08 16:18:01,716 [INFO    ] ✓ [ATTACK→MALICIOUS] conf=0.62 lat=5982ms pid=59144 c2_detected (graph_score=0.80, llm_invoked=True)
2026-06-08 16:18:06,597 [INFO    ] HTTP Request: POST http://localhost:11434/api/chat "HTTP/1.1 200 OK"
2026-06-08 16:18:06,597 [INFO    ] HTTP Request: POST http://localhost:11434/api/chat "HTTP/1.1 200 OK"
2026-06-08 16:18:06 [debug    ] ollama_inference               latency_ms=4881.6 model=llama3.1:8b
2026-06-08 16:18:06 [debug    ] ollama_inference               latency_ms=4881.6 model=llama3.1:8b
2026-06-08 16:18:06,598 [INFO    ] ✗ [ATTACK→BENIGN] conf=0.99 lat=4882ms pid=72202 20180406_1100_nginx_backdoor (graph_score=0.00, llm_invoked=True)
2026-06-08 16:18:06,598 [INFO    ] ✗ [ATTACK→BENIGN] conf=0.99 lat=4882ms pid=72202 20180406_1100_nginx_backdoor (graph_score=0.00, llm_invoked=True)
2026-06-08 16:18:11,794 [INFO    ] HTTP Request: POST http://localhost:11434/api/chat "HTTP/1.1 200 OK"
2026-06-08 16:18:11,794 [INFO    ] HTTP Request: POST http://localhost:11434/api/chat "HTTP/1.1 200 OK"
2026-06-08 16:18:11 [debug    ] ollama_inference               latency_ms=5195.7 model=llama3.1:8b
2026-06-08 16:18:11 [debug    ] ollama_inference               latency_ms=5195.7 model=llama3.1:8b
2026-06-08 16:18:11,795 [INFO    ] ✗ [ATTACK→BENIGN] conf=0.99 lat=5196ms pid=72202 20180406_1100_nginx_backdoor (graph_score=0.15, llm_invoked=True)
2026-06-08 16:18:11,795 [INFO    ] ✗ [ATTACK→BENIGN] conf=0.99 lat=5196ms pid=72202 20180406_1100_nginx_backdoor (graph_score=0.15, llm_invoked=True)
2026-06-08 16:18:16,979 [INFO    ] HTTP Request: POST http://localhost:11434/api/chat "HTTP/1.1 200 OK"
2026-06-08 16:18:16,979 [INFO    ] HTTP Request: POST http://localhost:11434/api/chat "HTTP/1.1 200 OK"
2026-06-08 16:18:16 [debug    ] ollama_inference               latency_ms=5184.1 model=llama3.1:8b
2026-06-08 16:18:16 [debug    ] ollama_inference               latency_ms=5184.1 model=llama3.1:8b
2026-06-08 16:18:16,980 [INFO    ] ✗ [ATTACK→BENIGN] conf=0.02 lat=5184ms pid=72241 20180406_1100_nginx_backdoor (graph_score=0.00, llm_invoked=True)
2026-06-08 16:18:16,980 [INFO    ] ✗ [ATTACK→BENIGN] conf=0.02 lat=5184ms pid=72241 20180406_1100_nginx_backdoor (graph_score=0.00, llm_invoked=True)
2026-06-08 16:18:22,704 [INFO    ] HTTP Request: POST http://localhost:11434/api/chat "HTTP/1.1 200 OK"
2026-06-08 16:18:22,704 [INFO    ] HTTP Request: POST http://localhost:11434/api/chat "HTTP/1.1 200 OK"
2026-06-08 16:18:22 [debug    ] ollama_inference               latency_ms=5723.2 model=llama3.1:8b
2026-06-08 16:18:22 [debug    ] ollama_inference               latency_ms=5723.2 model=llama3.1:8b
2026-06-08 16:18:22,705 [INFO    ] ✗ [ATTACK→BENIGN] conf=0.99 lat=5724ms pid=72241 20180406_1100_nginx_backdoor (graph_score=0.00, llm_invoked=True)
2026-06-08 16:18:22,705 [INFO    ] ✗ [ATTACK→BENIGN] conf=0.99 lat=5724ms pid=72241 20180406_1100_nginx_backdoor (graph_score=0.00, llm_invoked=True)
2026-06-08 16:18:28,596 [INFO    ] HTTP Request: POST http://localhost:11434/api/chat "HTTP/1.1 200 OK"
2026-06-08 16:18:28,596 [INFO    ] HTTP Request: POST http://localhost:11434/api/chat "HTTP/1.1 200 OK"
2026-06-08 16:18:28 [debug    ] ollama_inference               latency_ms=5891.3 model=llama3.1:8b
2026-06-08 16:18:28 [debug    ] ollama_inference               latency_ms=5891.3 model=llama3.1:8b
2026-06-08 16:18:28,597 [INFO    ] ✗ [ATTACK→BENIGN] conf=0.99 lat=5892ms pid=72241 20180406_1100_nginx_backdoor (graph_score=0.00, llm_invoked=True)
2026-06-08 16:18:28,597 [INFO    ] ✗ [ATTACK→BENIGN] conf=0.99 lat=5892ms pid=72241 20180406_1100_nginx_backdoor (graph_score=0.00, llm_invoked=True)
2026-06-08 16:18:33,055 [INFO    ] HTTP Request: POST http://localhost:11434/api/chat "HTTP/1.1 200 OK"
2026-06-08 16:18:33,055 [INFO    ] HTTP Request: POST http://localhost:11434/api/chat "HTTP/1.1 200 OK"
2026-06-08 16:18:33 [debug    ] ollama_inference               latency_ms=4457.6 model=llama3.1:8b
2026-06-08 16:18:33 [debug    ] ollama_inference               latency_ms=4457.6 model=llama3.1:8b
2026-06-08 16:18:33,056 [INFO    ] ✗ [ATTACK→BENIGN] conf=0.99 lat=4458ms pid=72241 20180406_1100_nginx_backdoor (graph_score=0.00, llm_invoked=True)
2026-06-08 16:18:33,056 [INFO    ] ✗ [ATTACK→BENIGN] conf=0.99 lat=4458ms pid=72241 20180406_1100_nginx_backdoor (graph_score=0.00, llm_invoked=True)
2026-06-08 16:18:37,302 [INFO    ] HTTP Request: POST http://localhost:11434/api/chat "HTTP/1.1 200 OK"
2026-06-08 16:18:37,302 [INFO    ] HTTP Request: POST http://localhost:11434/api/chat "HTTP/1.1 200 OK"
2026-06-08 16:18:37 [debug    ] ollama_inference               latency_ms=4246.5 model=llama3.1:8b
2026-06-08 16:18:37 [debug    ] ollama_inference               latency_ms=4246.5 model=llama3.1:8b
2026-06-08 16:18:37,303 [INFO    ] ✗ [ATTACK→BENIGN] conf=0.99 lat=4247ms pid=72241 20180406_1100_nginx_backdoor (graph_score=0.00, llm_invoked=True)
2026-06-08 16:18:37,303 [INFO    ] ✗ [ATTACK→BENIGN] conf=0.99 lat=4247ms pid=72241 20180406_1100_nginx_backdoor (graph_score=0.00, llm_invoked=True)
2026-06-08 16:18:42,344 [INFO    ] HTTP Request: POST http://localhost:11434/api/chat "HTTP/1.1 200 OK"
2026-06-08 16:18:42,344 [INFO    ] HTTP Request: POST http://localhost:11434/api/chat "HTTP/1.1 200 OK"
2026-06-08 16:18:42 [debug    ] ollama_inference               latency_ms=5041.2 model=llama3.1:8b
2026-06-08 16:18:42 [debug    ] ollama_inference               latency_ms=5041.2 model=llama3.1:8b
2026-06-08 16:18:42,345 [INFO    ] ✗ [ATTACK→BENIGN] conf=0.01 lat=5042ms pid=72241 20180406_1100_nginx_backdoor (graph_score=0.00, llm_invoked=True)
2026-06-08 16:18:42,345 [INFO    ] ✗ [ATTACK→BENIGN] conf=0.01 lat=5042ms pid=72241 20180406_1100_nginx_backdoor (graph_score=0.00, llm_invoked=True)
2026-06-08 16:18:49,274 [INFO    ] HTTP Request: POST http://localhost:11434/api/chat "HTTP/1.1 200 OK"
2026-06-08 16:18:49,274 [INFO    ] HTTP Request: POST http://localhost:11434/api/chat "HTTP/1.1 200 OK"
2026-06-08 16:18:49 [debug    ] ollama_inference               latency_ms=6928.4 model=llama3.1:8b
2026-06-08 16:18:49 [debug    ] ollama_inference               latency_ms=6928.4 model=llama3.1:8b
2026-06-08 16:18:49,275 [INFO    ] ✓ [ATTACK→MALICIOUS] conf=0.85 lat=6929ms pid=72251 20180406_1100_nginx_backdoor (graph_score=0.15, llm_invoked=True)
2026-06-08 16:18:49,275 [INFO    ] ✓ [ATTACK→MALICIOUS] conf=0.85 lat=6929ms pid=72251 20180406_1100_nginx_backdoor (graph_score=0.15, llm_invoked=True)
2026-06-08 16:18:54,123 [INFO    ] HTTP Request: POST http://localhost:11434/api/chat "HTTP/1.1 200 OK"
2026-06-08 16:18:54,123 [INFO    ] HTTP Request: POST http://localhost:11434/api/chat "HTTP/1.1 200 OK"
2026-06-08 16:18:54 [debug    ] ollama_inference               latency_ms=4848.7 model=llama3.1:8b
2026-06-08 16:18:54 [debug    ] ollama_inference               latency_ms=4848.7 model=llama3.1:8b
2026-06-08 16:18:54,125 [INFO    ] ✗ [ATTACK→BENIGN] conf=0.99 lat=4849ms pid=72271 20180406_1100_nginx_backdoor (graph_score=0.00, llm_invoked=True)
2026-06-08 16:18:54,125 [INFO    ] ✗ [ATTACK→BENIGN] conf=0.99 lat=4849ms pid=72271 20180406_1100_nginx_backdoor (graph_score=0.00, llm_invoked=True)
2026-06-08 16:19:01,588 [INFO    ] HTTP Request: POST http://localhost:11434/api/chat "HTTP/1.1 200 OK"
2026-06-08 16:19:01,588 [INFO    ] HTTP Request: POST http://localhost:11434/api/chat "HTTP/1.1 200 OK"
2026-06-08 16:19:01 [debug    ] ollama_inference               latency_ms=7462.9 model=llama3.1:8b
2026-06-08 16:19:01 [debug    ] ollama_inference               latency_ms=7462.9 model=llama3.1:8b
2026-06-08 16:19:01,589 [INFO    ] ✗ [ATTACK→BENIGN] conf=0.02 lat=7463ms pid=72271 20180406_1100_nginx_backdoor (graph_score=0.15, llm_invoked=True)
2026-06-08 16:19:01,589 [INFO    ] ✗ [ATTACK→BENIGN] conf=0.02 lat=7463ms pid=72271 20180406_1100_nginx_backdoor (graph_score=0.15, llm_invoked=True)
2026-06-08 16:19:06,433 [INFO    ] HTTP Request: POST http://localhost:11434/api/chat "HTTP/1.1 200 OK"
2026-06-08 16:19:06,433 [INFO    ] HTTP Request: POST http://localhost:11434/api/chat "HTTP/1.1 200 OK"
2026-06-08 16:19:06 [debug    ] ollama_inference               latency_ms=4843.7 model=llama3.1:8b
2026-06-08 16:19:06 [debug    ] ollama_inference               latency_ms=4843.7 model=llama3.1:8b
2026-06-08 16:19:06,434 [INFO    ] ✗ [ATTACK→BENIGN] conf=0.99 lat=4844ms pid=72329 20180406_1100_nginx_backdoor (graph_score=0.00, llm_invoked=True)
2026-06-08 16:19:06,434 [INFO    ] ✗ [ATTACK→BENIGN] conf=0.99 lat=4844ms pid=72329 20180406_1100_nginx_backdoor (graph_score=0.00, llm_invoked=True)
2026-06-08 16:19:12,286 [INFO    ] HTTP Request: POST http://localhost:11434/api/chat "HTTP/1.1 200 OK"
2026-06-08 16:19:12,286 [INFO    ] HTTP Request: POST http://localhost:11434/api/chat "HTTP/1.1 200 OK"
2026-06-08 16:19:12 [debug    ] ollama_inference               latency_ms=5852.6 model=llama3.1:8b
2026-06-08 16:19:12 [debug    ] ollama_inference               latency_ms=5852.6 model=llama3.1:8b
2026-06-08 16:19:12,287 [INFO    ] ✗ [ATTACK→BENIGN] conf=0.99 lat=5853ms pid=72329 20180406_1100_nginx_backdoor (graph_score=0.15, llm_invoked=True)
2026-06-08 16:19:12,287 [INFO    ] ✗ [ATTACK→BENIGN] conf=0.99 lat=5853ms pid=72329 20180406_1100_nginx_backdoor (graph_score=0.15, llm_invoked=True)
2026-06-08 16:19:17,468 [INFO    ] HTTP Request: POST http://localhost:11434/api/chat "HTTP/1.1 200 OK"
2026-06-08 16:19:17,468 [INFO    ] HTTP Request: POST http://localhost:11434/api/chat "HTTP/1.1 200 OK"
2026-06-08 16:19:17 [debug    ] ollama_inference               latency_ms=5180.5 model=llama3.1:8b
2026-06-08 16:19:17 [debug    ] ollama_inference               latency_ms=5180.5 model=llama3.1:8b
2026-06-08 16:19:17,469 [INFO    ] ✗ [ATTACK→BENIGN] conf=0.02 lat=5181ms pid=72371 20180406_1100_nginx_backdoor (graph_score=0.00, llm_invoked=True)
2026-06-08 16:19:17,469 [INFO    ] ✗ [ATTACK→BENIGN] conf=0.02 lat=5181ms pid=72371 20180406_1100_nginx_backdoor (graph_score=0.00, llm_invoked=True)
2026-06-08 16:19:24,669 [INFO    ] HTTP Request: POST http://localhost:11434/api/chat "HTTP/1.1 200 OK"
2026-06-08 16:19:24,669 [INFO    ] HTTP Request: POST http://localhost:11434/api/chat "HTTP/1.1 200 OK"
2026-06-08 16:19:24 [debug    ] ollama_inference               latency_ms=7200.3 model=llama3.1:8b
2026-06-08 16:19:24 [debug    ] ollama_inference               latency_ms=7200.3 model=llama3.1:8b
2026-06-08 16:19:24,670 [INFO    ] ✗ [ATTACK→BENIGN] conf=0.01 lat=7201ms pid=72371 20180406_1100_nginx_backdoor (graph_score=0.00, llm_invoked=True)
2026-06-08 16:19:24,670 [INFO    ] ✗ [ATTACK→BENIGN] conf=0.01 lat=7201ms pid=72371 20180406_1100_nginx_backdoor (graph_score=0.00, llm_invoked=True)
2026-06-08 16:19:30,607 [INFO    ] HTTP Request: POST http://localhost:11434/api/chat "HTTP/1.1 200 OK"
2026-06-08 16:19:30,607 [INFO    ] HTTP Request: POST http://localhost:11434/api/chat "HTTP/1.1 200 OK"
2026-06-08 16:19:30 [debug    ] ollama_inference               latency_ms=5936.2 model=llama3.1:8b
2026-06-08 16:19:30 [debug    ] ollama_inference               latency_ms=5936.2 model=llama3.1:8b
2026-06-08 16:19:30,608 [INFO    ] ✗ [ATTACK→BENIGN] conf=0.99 lat=5937ms pid=72371 20180406_1100_nginx_backdoor (graph_score=0.00, llm_invoked=True)
2026-06-08 16:19:30,608 [INFO    ] ✗ [ATTACK→BENIGN] conf=0.99 lat=5937ms pid=72371 20180406_1100_nginx_backdoor (graph_score=0.00, llm_invoked=True)
2026-06-08 16:19:35,079 [INFO    ] HTTP Request: POST http://localhost:11434/api/chat "HTTP/1.1 200 OK"
2026-06-08 16:19:35,079 [INFO    ] HTTP Request: POST http://localhost:11434/api/chat "HTTP/1.1 200 OK"
2026-06-08 16:19:35 [debug    ] ollama_inference               latency_ms=4471.8 model=llama3.1:8b
2026-06-08 16:19:35 [debug    ] ollama_inference               latency_ms=4471.8 model=llama3.1:8b
2026-06-08 16:19:35,080 [INFO    ] ✗ [ATTACK→BENIGN] conf=0.99 lat=4472ms pid=72371 20180406_1100_nginx_backdoor (graph_score=0.00, llm_invoked=True)
2026-06-08 16:19:35,080 [INFO    ] ✗ [ATTACK→BENIGN] conf=0.99 lat=4472ms pid=72371 20180406_1100_nginx_backdoor (graph_score=0.00, llm_invoked=True)
2026-06-08 16:19:39,521 [INFO    ] HTTP Request: POST http://localhost:11434/api/chat "HTTP/1.1 200 OK"
2026-06-08 16:19:39,521 [INFO    ] HTTP Request: POST http://localhost:11434/api/chat "HTTP/1.1 200 OK"
2026-06-08 16:19:39 [debug    ] ollama_inference               latency_ms=4441.1 model=llama3.1:8b
2026-06-08 16:19:39 [debug    ] ollama_inference               latency_ms=4441.1 model=llama3.1:8b
2026-06-08 16:19:39,523 [INFO    ] ✗ [ATTACK→BENIGN] conf=0.99 lat=4442ms pid=72371 20180406_1100_nginx_backdoor (graph_score=0.00, llm_invoked=True)
2026-06-08 16:19:39,523 [INFO    ] ✗ [ATTACK→BENIGN] conf=0.99 lat=4442ms pid=72371 20180406_1100_nginx_backdoor (graph_score=0.00, llm_invoked=True)
2026-06-08 16:19:46,002 [INFO    ] HTTP Request: POST http://localhost:11434/api/chat "HTTP/1.1 200 OK"
2026-06-08 16:19:46,002 [INFO    ] HTTP Request: POST http://localhost:11434/api/chat "HTTP/1.1 200 OK"
2026-06-08 16:19:46 [debug    ] ollama_inference               latency_ms=6479.0 model=llama3.1:8b
2026-06-08 16:19:46 [debug    ] ollama_inference               latency_ms=6479.0 model=llama3.1:8b
2026-06-08 16:19:46,003 [INFO    ] ✓ [ATTACK→MALICIOUS] conf=0.85 lat=6480ms pid=72371 20180406_1100_nginx_backdoor (graph_score=0.00, llm_invoked=True)
2026-06-08 16:19:46,003 [INFO    ] ✓ [ATTACK→MALICIOUS] conf=0.85 lat=6480ms pid=72371 20180406_1100_nginx_backdoor (graph_score=0.00, llm_invoked=True)
2026-06-08 16:19:52,881 [INFO    ] HTTP Request: POST http://localhost:11434/api/chat "HTTP/1.1 200 OK"
2026-06-08 16:19:52,881 [INFO    ] HTTP Request: POST http://localhost:11434/api/chat "HTTP/1.1 200 OK"
2026-06-08 16:19:52 [debug    ] ollama_inference               latency_ms=6878.7 model=llama3.1:8b
2026-06-08 16:19:52 [debug    ] ollama_inference               latency_ms=6878.7 model=llama3.1:8b
2026-06-08 16:19:52,882 [INFO    ] ✗ [ATTACK→BENIGN] conf=0.01 lat=6879ms pid=72381 20180406_1100_nginx_backdoor (graph_score=0.15, llm_invoked=True)
2026-06-08 16:19:52,882 [INFO    ] ✗ [ATTACK→BENIGN] conf=0.01 lat=6879ms pid=72381 20180406_1100_nginx_backdoor (graph_score=0.15, llm_invoked=True)
2026-06-08 16:19:57,733 [INFO    ] HTTP Request: POST http://localhost:11434/api/chat "HTTP/1.1 200 OK"
2026-06-08 16:19:57,733 [INFO    ] HTTP Request: POST http://localhost:11434/api/chat "HTTP/1.1 200 OK"
2026-06-08 16:19:57 [debug    ] ollama_inference               latency_ms=4850.3 model=llama3.1:8b
2026-06-08 16:19:57 [debug    ] ollama_inference               latency_ms=4850.3 model=llama3.1:8b
2026-06-08 16:19:57,734 [INFO    ] ✗ [ATTACK→BENIGN] conf=0.99 lat=4851ms pid=72393 20180406_1100_nginx_backdoor (graph_score=0.00, llm_invoked=True)
2026-06-08 16:19:57,734 [INFO    ] ✗ [ATTACK→BENIGN] conf=0.99 lat=4851ms pid=72393 20180406_1100_nginx_backdoor (graph_score=0.00, llm_invoked=True)
2026-06-08 16:20:03,594 [INFO    ] HTTP Request: POST http://localhost:11434/api/chat "HTTP/1.1 200 OK"
2026-06-08 16:20:03,594 [INFO    ] HTTP Request: POST http://localhost:11434/api/chat "HTTP/1.1 200 OK"
2026-06-08 16:20:03 [debug    ] ollama_inference               latency_ms=5859.9 model=llama3.1:8b
2026-06-08 16:20:03 [debug    ] ollama_inference               latency_ms=5859.9 model=llama3.1:8b
2026-06-08 16:20:03,595 [INFO    ] ✗ [ATTACK→BENIGN] conf=0.99 lat=5860ms pid=72393 20180406_1100_nginx_backdoor (graph_score=0.15, llm_invoked=True)
2026-06-08 16:20:03,595 [INFO    ] ✗ [ATTACK→BENIGN] conf=0.99 lat=5860ms pid=72393 20180406_1100_nginx_backdoor (graph_score=0.15, llm_invoked=True)
2026-06-08 16:20:09,058 [INFO    ] HTTP Request: POST http://localhost:11434/api/chat "HTTP/1.1 200 OK"
2026-06-08 16:20:09,058 [INFO    ] HTTP Request: POST http://localhost:11434/api/chat "HTTP/1.1 200 OK"
2026-06-08 16:20:09 [debug    ] ollama_inference               latency_ms=5463.0 model=llama3.1:8b
2026-06-08 16:20:09 [debug    ] ollama_inference               latency_ms=5463.0 model=llama3.1:8b
2026-06-08 16:20:09,059 [INFO    ] ✗ [ATTACK→BENIGN] conf=0.01 lat=5464ms pid=72460 20180406_1100_nginx_backdoor (graph_score=0.00, llm_invoked=True)
2026-06-08 16:20:09,059 [INFO    ] ✗ [ATTACK→BENIGN] conf=0.01 lat=5464ms pid=72460 20180406_1100_nginx_backdoor (graph_score=0.00, llm_invoked=True)
2026-06-08 16:20:15,645 [INFO    ] HTTP Request: POST http://localhost:11434/api/chat "HTTP/1.1 200 OK"
2026-06-08 16:20:15,645 [INFO    ] HTTP Request: POST http://localhost:11434/api/chat "HTTP/1.1 200 OK"
2026-06-08 16:20:15 [debug    ] ollama_inference               latency_ms=6586.6 model=llama3.1:8b
2026-06-08 16:20:15 [debug    ] ollama_inference               latency_ms=6586.6 model=llama3.1:8b
2026-06-08 16:20:15,647 [INFO    ] ✗ [ATTACK→BENIGN] conf=0.02 lat=6587ms pid=72460 20180406_1100_nginx_backdoor (graph_score=0.15, llm_invoked=True)
2026-06-08 16:20:15,647 [INFO    ] ✗ [ATTACK→BENIGN] conf=0.02 lat=6587ms pid=72460 20180406_1100_nginx_backdoor (graph_score=0.15, llm_invoked=True)
2026-06-08 16:20:20,532 [INFO    ] HTTP Request: POST http://localhost:11434/api/chat "HTTP/1.1 200 OK"
2026-06-08 16:20:20,532 [INFO    ] HTTP Request: POST http://localhost:11434/api/chat "HTTP/1.1 200 OK"
2026-06-08 16:20:20 [debug    ] ollama_inference               latency_ms=4885.9 model=llama3.1:8b
2026-06-08 16:20:20 [debug    ] ollama_inference               latency_ms=4885.9 model=llama3.1:8b
2026-06-08 16:20:20,534 [INFO    ] ✗ [ATTACK→BENIGN] conf=0.99 lat=4886ms pid=72517 20180406_1100_nginx_backdoor (graph_score=0.00, llm_invoked=True)
2026-06-08 16:20:20,534 [INFO    ] ✗ [ATTACK→BENIGN] conf=0.99 lat=4886ms pid=72517 20180406_1100_nginx_backdoor (graph_score=0.00, llm_invoked=True)
2026-06-08 16:20:26,188 [INFO    ] HTTP Request: POST http://localhost:11434/api/chat "HTTP/1.1 200 OK"
2026-06-08 16:20:26,188 [INFO    ] HTTP Request: POST http://localhost:11434/api/chat "HTTP/1.1 200 OK"
2026-06-08 16:20:26 [debug    ] ollama_inference               latency_ms=5654.6 model=llama3.1:8b
2026-06-08 16:20:26 [debug    ] ollama_inference               latency_ms=5654.6 model=llama3.1:8b
2026-06-08 16:20:26,189 [INFO    ] ✓ [BENIGN→BENIGN] conf=0.99 lat=5655ms pid=57526  (graph_score=0.15, llm_invoked=True)
2026-06-08 16:20:26,189 [INFO    ] ✓ [BENIGN→BENIGN] conf=0.99 lat=5655ms pid=57526  (graph_score=0.15, llm_invoked=True)
2026-06-08 16:20:30,690 [INFO    ] HTTP Request: POST http://localhost:11434/api/chat "HTTP/1.1 200 OK"
2026-06-08 16:20:30,690 [INFO    ] HTTP Request: POST http://localhost:11434/api/chat "HTTP/1.1 200 OK"
2026-06-08 16:20:30 [debug    ] ollama_inference               latency_ms=4501.5 model=llama3.1:8b
2026-06-08 16:20:30 [debug    ] ollama_inference               latency_ms=4501.5 model=llama3.1:8b
2026-06-08 16:20:30,692 [INFO    ] ✓ [BENIGN→BENIGN] conf=0.99 lat=4502ms pid=57526  (graph_score=0.15, llm_invoked=True)
2026-06-08 16:20:30,692 [INFO    ] ✓ [BENIGN→BENIGN] conf=0.99 lat=4502ms pid=57526  (graph_score=0.15, llm_invoked=True)
2026-06-08 16:20:36,068 [INFO    ] HTTP Request: POST http://localhost:11434/api/chat "HTTP/1.1 200 OK"
2026-06-08 16:20:36,068 [INFO    ] HTTP Request: POST http://localhost:11434/api/chat "HTTP/1.1 200 OK"
2026-06-08 16:20:36 [debug    ] ollama_inference               latency_ms=5376.8 model=llama3.1:8b
2026-06-08 16:20:36 [debug    ] ollama_inference               latency_ms=5376.8 model=llama3.1:8b
2026-06-08 16:20:36,069 [INFO    ] ✓ [BENIGN→BENIGN] conf=0.01 lat=5377ms pid=57526  (graph_score=0.15, llm_invoked=True)
2026-06-08 16:20:36,069 [INFO    ] ✓ [BENIGN→BENIGN] conf=0.01 lat=5377ms pid=57526  (graph_score=0.15, llm_invoked=True)
2026-06-08 16:20:41,723 [INFO    ] HTTP Request: POST http://localhost:11434/api/chat "HTTP/1.1 200 OK"
2026-06-08 16:20:41,723 [INFO    ] HTTP Request: POST http://localhost:11434/api/chat "HTTP/1.1 200 OK"
2026-06-08 16:20:41 [debug    ] ollama_inference               latency_ms=5653.6 model=llama3.1:8b
2026-06-08 16:20:41 [debug    ] ollama_inference               latency_ms=5653.6 model=llama3.1:8b
2026-06-08 16:20:41,724 [INFO    ] ✓ [BENIGN→BENIGN] conf=0.99 lat=5654ms pid=57528  (graph_score=0.15, llm_invoked=True)
2026-06-08 16:20:41,724 [INFO    ] ✓ [BENIGN→BENIGN] conf=0.99 lat=5654ms pid=57528  (graph_score=0.15, llm_invoked=True)
2026-06-08 16:20:46,294 [INFO    ] HTTP Request: POST http://localhost:11434/api/chat "HTTP/1.1 200 OK"
2026-06-08 16:20:46,294 [INFO    ] HTTP Request: POST http://localhost:11434/api/chat "HTTP/1.1 200 OK"
2026-06-08 16:20:46 [debug    ] ollama_inference               latency_ms=4570.2 model=llama3.1:8b
2026-06-08 16:20:46 [debug    ] ollama_inference               latency_ms=4570.2 model=llama3.1:8b
2026-06-08 16:20:46,295 [INFO    ] ✓ [BENIGN→BENIGN] conf=0.99 lat=4571ms pid=57528  (graph_score=0.15, llm_invoked=True)
2026-06-08 16:20:46,295 [INFO    ] ✓ [BENIGN→BENIGN] conf=0.99 lat=4571ms pid=57528  (graph_score=0.15, llm_invoked=True)
2026-06-08 16:20:51,443 [INFO    ] HTTP Request: POST http://localhost:11434/api/chat "HTTP/1.1 200 OK"
2026-06-08 16:20:51,443 [INFO    ] HTTP Request: POST http://localhost:11434/api/chat "HTTP/1.1 200 OK"
2026-06-08 16:20:51 [debug    ] ollama_inference               latency_ms=5148.3 model=llama3.1:8b
2026-06-08 16:20:51 [debug    ] ollama_inference               latency_ms=5148.3 model=llama3.1:8b
2026-06-08 16:20:51,445 [INFO    ] ✓ [BENIGN→BENIGN] conf=0.99 lat=5149ms pid=57528  (graph_score=0.15, llm_invoked=True)
2026-06-08 16:20:51,445 [INFO    ] ✓ [BENIGN→BENIGN] conf=0.99 lat=5149ms pid=57528  (graph_score=0.15, llm_invoked=True)
2026-06-08 16:20:56,680 [INFO    ] HTTP Request: POST http://localhost:11434/api/chat "HTTP/1.1 200 OK"
2026-06-08 16:20:56,680 [INFO    ] HTTP Request: POST http://localhost:11434/api/chat "HTTP/1.1 200 OK"
2026-06-08 16:20:56 [debug    ] ollama_inference               latency_ms=5235.9 model=llama3.1:8b
2026-06-08 16:20:56 [debug    ] ollama_inference               latency_ms=5235.9 model=llama3.1:8b
2026-06-08 16:20:56,682 [INFO    ] ✓ [BENIGN→BENIGN] conf=0.99 lat=5236ms pid=57530  (graph_score=0.00, llm_invoked=True)
2026-06-08 16:20:56,682 [INFO    ] ✓ [BENIGN→BENIGN] conf=0.99 lat=5236ms pid=57530  (graph_score=0.00, llm_invoked=True)
2026-06-08 16:21:02,057 [INFO    ] HTTP Request: POST http://localhost:11434/api/chat "HTTP/1.1 200 OK"
2026-06-08 16:21:02,057 [INFO    ] HTTP Request: POST http://localhost:11434/api/chat "HTTP/1.1 200 OK"
2026-06-08 16:21:02 [debug    ] ollama_inference               latency_ms=5376.0 model=llama3.1:8b
2026-06-08 16:21:02 [debug    ] ollama_inference               latency_ms=5376.0 model=llama3.1:8b
2026-06-08 16:21:02,059 [INFO    ] ✓ [BENIGN→BENIGN] conf=0.42 lat=5376ms pid=57530  (graph_score=0.00, llm_invoked=True)
2026-06-08 16:21:02,059 [INFO    ] ✓ [BENIGN→BENIGN] conf=0.42 lat=5376ms pid=57530  (graph_score=0.00, llm_invoked=True)
2026-06-08 16:21:08,271 [INFO    ] HTTP Request: POST http://localhost:11434/api/chat "HTTP/1.1 200 OK"
2026-06-08 16:21:08,271 [INFO    ] HTTP Request: POST http://localhost:11434/api/chat "HTTP/1.1 200 OK"
2026-06-08 16:21:08 [debug    ] ollama_inference               latency_ms=6212.7 model=llama3.1:8b
2026-06-08 16:21:08 [debug    ] ollama_inference               latency_ms=6212.7 model=llama3.1:8b
2026-06-08 16:21:08,272 [INFO    ] ✓ [BENIGN→BENIGN] conf=0.99 lat=6213ms pid=57530  (graph_score=0.00, llm_invoked=True)
2026-06-08 16:21:08,272 [INFO    ] ✓ [BENIGN→BENIGN] conf=0.99 lat=6213ms pid=57530  (graph_score=0.00, llm_invoked=True)
2026-06-08 16:21:12,639 [INFO    ] HTTP Request: POST http://localhost:11434/api/chat "HTTP/1.1 200 OK"
2026-06-08 16:21:12,639 [INFO    ] HTTP Request: POST http://localhost:11434/api/chat "HTTP/1.1 200 OK"
2026-06-08 16:21:12 [debug    ] ollama_inference               latency_ms=4367.2 model=llama3.1:8b
2026-06-08 16:21:12 [debug    ] ollama_inference               latency_ms=4367.2 model=llama3.1:8b
2026-06-08 16:21:12,640 [INFO    ] ✓ [BENIGN→BENIGN] conf=0.99 lat=4368ms pid=57530  (graph_score=0.00, llm_invoked=True)
2026-06-08 16:21:12,640 [INFO    ] ✓ [BENIGN→BENIGN] conf=0.99 lat=4368ms pid=57530  (graph_score=0.00, llm_invoked=True)
2026-06-08 16:21:16,996 [INFO    ] HTTP Request: POST http://localhost:11434/api/chat "HTTP/1.1 200 OK"
2026-06-08 16:21:16,996 [INFO    ] HTTP Request: POST http://localhost:11434/api/chat "HTTP/1.1 200 OK"
2026-06-08 16:21:16 [debug    ] ollama_inference               latency_ms=4355.4 model=llama3.1:8b
2026-06-08 16:21:16 [debug    ] ollama_inference               latency_ms=4355.4 model=llama3.1:8b
2026-06-08 16:21:16,997 [INFO    ] ✓ [BENIGN→BENIGN] conf=0.99 lat=4356ms pid=57530  (graph_score=0.00, llm_invoked=True)
2026-06-08 16:21:16,997 [INFO    ] ✓ [BENIGN→BENIGN] conf=0.99 lat=4356ms pid=57530  (graph_score=0.00, llm_invoked=True)
2026-06-08 16:21:21,362 [INFO    ] HTTP Request: POST http://localhost:11434/api/chat "HTTP/1.1 200 OK"
2026-06-08 16:21:21,362 [INFO    ] HTTP Request: POST http://localhost:11434/api/chat "HTTP/1.1 200 OK"
2026-06-08 16:21:21 [debug    ] ollama_inference               latency_ms=4365.7 model=llama3.1:8b
2026-06-08 16:21:21 [debug    ] ollama_inference               latency_ms=4365.7 model=llama3.1:8b
2026-06-08 16:21:21,364 [INFO    ] ✓ [BENIGN→BENIGN] conf=0.99 lat=4366ms pid=57530  (graph_score=0.00, llm_invoked=True)
2026-06-08 16:21:21,364 [INFO    ] ✓ [BENIGN→BENIGN] conf=0.99 lat=4366ms pid=57530  (graph_score=0.00, llm_invoked=True)
2026-06-08 16:21:27,227 [INFO    ] HTTP Request: POST http://localhost:11434/api/chat "HTTP/1.1 200 OK"
2026-06-08 16:21:27,227 [INFO    ] HTTP Request: POST http://localhost:11434/api/chat "HTTP/1.1 200 OK"
2026-06-08 16:21:27 [debug    ] ollama_inference               latency_ms=5863.9 model=llama3.1:8b
2026-06-08 16:21:27 [debug    ] ollama_inference               latency_ms=5863.9 model=llama3.1:8b
2026-06-08 16:21:27,228 [INFO    ] ✓ [BENIGN→BENIGN] conf=0.01 lat=5864ms pid=57533  (graph_score=0.15, llm_invoked=True)
2026-06-08 16:21:27,228 [INFO    ] ✓ [BENIGN→BENIGN] conf=0.01 lat=5864ms pid=57533  (graph_score=0.15, llm_invoked=True)
2026-06-08 16:21:32,176 [INFO    ] HTTP Request: POST http://localhost:11434/api/chat "HTTP/1.1 200 OK"
2026-06-08 16:21:32,176 [INFO    ] HTTP Request: POST http://localhost:11434/api/chat "HTTP/1.1 200 OK"
2026-06-08 16:21:32 [debug    ] ollama_inference               latency_ms=4947.2 model=llama3.1:8b
2026-06-08 16:21:32 [debug    ] ollama_inference               latency_ms=4947.2 model=llama3.1:8b
2026-06-08 16:21:32,177 [INFO    ] ✓ [BENIGN→BENIGN] conf=0.01 lat=4948ms pid=57534  (graph_score=0.15, llm_invoked=True)
2026-06-08 16:21:32,177 [INFO    ] ✓ [BENIGN→BENIGN] conf=0.01 lat=4948ms pid=57534  (graph_score=0.15, llm_invoked=True)
2026-06-08 16:21:39,286 [INFO    ] HTTP Request: POST http://localhost:11434/api/chat "HTTP/1.1 200 OK"
2026-06-08 16:21:39,286 [INFO    ] HTTP Request: POST http://localhost:11434/api/chat "HTTP/1.1 200 OK"
2026-06-08 16:21:39 [debug    ] ollama_inference               latency_ms=7110.0 model=llama3.1:8b
2026-06-08 16:21:39 [debug    ] ollama_inference               latency_ms=7110.0 model=llama3.1:8b
2026-06-08 16:21:39,288 [INFO    ] ✗ [BENIGN→MALICIOUS] conf=0.85 lat=7111ms pid=57534  (graph_score=0.35, llm_invoked=True)
2026-06-08 16:21:39,288 [INFO    ] ✗ [BENIGN→MALICIOUS] conf=0.85 lat=7111ms pid=57534  (graph_score=0.35, llm_invoked=True)
2026-06-08 16:21:46,245 [INFO    ] HTTP Request: POST http://localhost:11434/api/chat "HTTP/1.1 200 OK"
2026-06-08 16:21:46,245 [INFO    ] HTTP Request: POST http://localhost:11434/api/chat "HTTP/1.1 200 OK"
2026-06-08 16:21:46 [debug    ] ollama_inference               latency_ms=6957.2 model=llama3.1:8b
2026-06-08 16:21:46 [debug    ] ollama_inference               latency_ms=6957.2 model=llama3.1:8b
2026-06-08 16:21:46,246 [INFO    ] ✗ [BENIGN→MALICIOUS] conf=0.85 lat=6958ms pid=57534  (graph_score=0.15, llm_invoked=True)
2026-06-08 16:21:46,246 [INFO    ] ✗ [BENIGN→MALICIOUS] conf=0.85 lat=6958ms pid=57534  (graph_score=0.15, llm_invoked=True)
2026-06-08 16:21:51,286 [INFO    ] HTTP Request: POST http://localhost:11434/api/chat "HTTP/1.1 200 OK"
2026-06-08 16:21:51,286 [INFO    ] HTTP Request: POST http://localhost:11434/api/chat "HTTP/1.1 200 OK"
2026-06-08 16:21:51 [debug    ] ollama_inference               latency_ms=5039.9 model=llama3.1:8b
2026-06-08 16:21:51 [debug    ] ollama_inference               latency_ms=5039.9 model=llama3.1:8b
2026-06-08 16:21:51,287 [INFO    ] ✓ [BENIGN→BENIGN] conf=0.99 lat=5040ms pid=57534  (graph_score=0.15, llm_invoked=True)
2026-06-08 16:21:51,287 [INFO    ] ✓ [BENIGN→BENIGN] conf=0.99 lat=5040ms pid=57534  (graph_score=0.15, llm_invoked=True)
2026-06-08 16:21:56,288 [INFO    ] HTTP Request: POST http://localhost:11434/api/chat "HTTP/1.1 200 OK"
2026-06-08 16:21:56,288 [INFO    ] HTTP Request: POST http://localhost:11434/api/chat "HTTP/1.1 200 OK"
2026-06-08 16:21:56 [debug    ] ollama_inference               latency_ms=5001.5 model=llama3.1:8b
2026-06-08 16:21:56 [debug    ] ollama_inference               latency_ms=5001.5 model=llama3.1:8b
2026-06-08 16:21:56,290 [INFO    ] ✓ [BENIGN→BENIGN] conf=0.99 lat=5002ms pid=57534  (graph_score=0.15, llm_invoked=True)
2026-06-08 16:21:56,290 [INFO    ] ✓ [BENIGN→BENIGN] conf=0.99 lat=5002ms pid=57534  (graph_score=0.15, llm_invoked=True)
2026-06-08 16:22:01,289 [INFO    ] HTTP Request: POST http://localhost:11434/api/chat "HTTP/1.1 200 OK"
2026-06-08 16:22:01,289 [INFO    ] HTTP Request: POST http://localhost:11434/api/chat "HTTP/1.1 200 OK"
2026-06-08 16:22:01 [debug    ] ollama_inference               latency_ms=4998.9 model=llama3.1:8b
2026-06-08 16:22:01 [debug    ] ollama_inference               latency_ms=4998.9 model=llama3.1:8b
2026-06-08 16:22:01,290 [INFO    ] ✓ [BENIGN→BENIGN] conf=0.99 lat=4999ms pid=57534  (graph_score=0.15, llm_invoked=True)
2026-06-08 16:22:01,290 [INFO    ] ✓ [BENIGN→BENIGN] conf=0.99 lat=4999ms pid=57534  (graph_score=0.15, llm_invoked=True)
2026-06-08 16:22:06,300 [INFO    ] HTTP Request: POST http://localhost:11434/api/chat "HTTP/1.1 200 OK"
2026-06-08 16:22:06,300 [INFO    ] HTTP Request: POST http://localhost:11434/api/chat "HTTP/1.1 200 OK"
2026-06-08 16:22:06 [debug    ] ollama_inference               latency_ms=5009.9 model=llama3.1:8b
2026-06-08 16:22:06 [debug    ] ollama_inference               latency_ms=5009.9 model=llama3.1:8b
2026-06-08 16:22:06,301 [INFO    ] ✓ [BENIGN→BENIGN] conf=0.99 lat=5010ms pid=57534  (graph_score=0.15, llm_invoked=True)
2026-06-08 16:22:06,301 [INFO    ] ✓ [BENIGN→BENIGN] conf=0.99 lat=5010ms pid=57534  (graph_score=0.15, llm_invoked=True)
2026-06-08 16:22:11,292 [INFO    ] HTTP Request: POST http://localhost:11434/api/chat "HTTP/1.1 200 OK"
2026-06-08 16:22:11,292 [INFO    ] HTTP Request: POST http://localhost:11434/api/chat "HTTP/1.1 200 OK"
2026-06-08 16:22:11 [debug    ] ollama_inference               latency_ms=4991.4 model=llama3.1:8b
2026-06-08 16:22:11 [debug    ] ollama_inference               latency_ms=4991.4 model=llama3.1:8b
2026-06-08 16:22:11,293 [INFO    ] ✓ [BENIGN→BENIGN] conf=0.99 lat=4992ms pid=57534  (graph_score=0.15, llm_invoked=True)
2026-06-08 16:22:11,293 [INFO    ] ✓ [BENIGN→BENIGN] conf=0.99 lat=4992ms pid=57534  (graph_score=0.15, llm_invoked=True)
2026-06-08 16:22:16,277 [INFO    ] HTTP Request: POST http://localhost:11434/api/chat "HTTP/1.1 200 OK"
2026-06-08 16:22:16,277 [INFO    ] HTTP Request: POST http://localhost:11434/api/chat "HTTP/1.1 200 OK"
2026-06-08 16:22:16 [debug    ] ollama_inference               latency_ms=4983.8 model=llama3.1:8b
2026-06-08 16:22:16 [debug    ] ollama_inference               latency_ms=4983.8 model=llama3.1:8b
2026-06-08 16:22:16,278 [INFO    ] ✓ [BENIGN→BENIGN] conf=0.99 lat=4984ms pid=57534  (graph_score=0.15, llm_invoked=True)
2026-06-08 16:22:16,278 [INFO    ] ✓ [BENIGN→BENIGN] conf=0.99 lat=4984ms pid=57534  (graph_score=0.15, llm_invoked=True)
2026-06-08 16:22:21,274 [INFO    ] HTTP Request: POST http://localhost:11434/api/chat "HTTP/1.1 200 OK"
2026-06-08 16:22:21,274 [INFO    ] HTTP Request: POST http://localhost:11434/api/chat "HTTP/1.1 200 OK"
2026-06-08 16:22:21 [debug    ] ollama_inference               latency_ms=4995.6 model=llama3.1:8b
2026-06-08 16:22:21 [debug    ] ollama_inference               latency_ms=4995.6 model=llama3.1:8b
2026-06-08 16:22:21,275 [INFO    ] ✓ [BENIGN→BENIGN] conf=0.99 lat=4996ms pid=57534  (graph_score=0.15, llm_invoked=True)
2026-06-08 16:22:21,275 [INFO    ] ✓ [BENIGN→BENIGN] conf=0.99 lat=4996ms pid=57534  (graph_score=0.15, llm_invoked=True)
2026-06-08 16:22:26,264 [INFO    ] HTTP Request: POST http://localhost:11434/api/chat "HTTP/1.1 200 OK"
2026-06-08 16:22:26,264 [INFO    ] HTTP Request: POST http://localhost:11434/api/chat "HTTP/1.1 200 OK"
2026-06-08 16:22:26 [debug    ] ollama_inference               latency_ms=4989.4 model=llama3.1:8b
2026-06-08 16:22:26 [debug    ] ollama_inference               latency_ms=4989.4 model=llama3.1:8b
2026-06-08 16:22:26,265 [INFO    ] ✓ [BENIGN→BENIGN] conf=0.99 lat=4990ms pid=57534  (graph_score=0.15, llm_invoked=True)
2026-06-08 16:22:26,265 [INFO    ] ✓ [BENIGN→BENIGN] conf=0.99 lat=4990ms pid=57534  (graph_score=0.15, llm_invoked=True)
2026-06-08 16:22:31,254 [INFO    ] HTTP Request: POST http://localhost:11434/api/chat "HTTP/1.1 200 OK"
2026-06-08 16:22:31,254 [INFO    ] HTTP Request: POST http://localhost:11434/api/chat "HTTP/1.1 200 OK"
2026-06-08 16:22:31 [debug    ] ollama_inference               latency_ms=4989.2 model=llama3.1:8b
2026-06-08 16:22:31 [debug    ] ollama_inference               latency_ms=4989.2 model=llama3.1:8b
2026-06-08 16:22:31,255 [INFO    ] ✓ [BENIGN→BENIGN] conf=0.99 lat=4990ms pid=57534  (graph_score=0.15, llm_invoked=True)
2026-06-08 16:22:31,255 [INFO    ] ✓ [BENIGN→BENIGN] conf=0.99 lat=4990ms pid=57534  (graph_score=0.15, llm_invoked=True)
2026-06-08 16:22:36,249 [INFO    ] HTTP Request: POST http://localhost:11434/api/chat "HTTP/1.1 200 OK"
2026-06-08 16:22:36,249 [INFO    ] HTTP Request: POST http://localhost:11434/api/chat "HTTP/1.1 200 OK"
2026-06-08 16:22:36 [debug    ] ollama_inference               latency_ms=4994.2 model=llama3.1:8b
2026-06-08 16:22:36 [debug    ] ollama_inference               latency_ms=4994.2 model=llama3.1:8b
2026-06-08 16:22:36,250 [INFO    ] ✓ [BENIGN→BENIGN] conf=0.99 lat=4995ms pid=57534  (graph_score=0.15, llm_invoked=True)
2026-06-08 16:22:36,250 [INFO    ] ✓ [BENIGN→BENIGN] conf=0.99 lat=4995ms pid=57534  (graph_score=0.15, llm_invoked=True)
2026-06-08 16:22:41,244 [INFO    ] HTTP Request: POST http://localhost:11434/api/chat "HTTP/1.1 200 OK"
2026-06-08 16:22:41,244 [INFO    ] HTTP Request: POST http://localhost:11434/api/chat "HTTP/1.1 200 OK"
2026-06-08 16:22:41 [debug    ] ollama_inference               latency_ms=4993.6 model=llama3.1:8b
2026-06-08 16:22:41 [debug    ] ollama_inference               latency_ms=4993.6 model=llama3.1:8b
2026-06-08 16:22:41,245 [INFO    ] ✓ [BENIGN→BENIGN] conf=0.99 lat=4994ms pid=57534  (graph_score=0.15, llm_invoked=True)
2026-06-08 16:22:41,245 [INFO    ] ✓ [BENIGN→BENIGN] conf=0.99 lat=4994ms pid=57534  (graph_score=0.15, llm_invoked=True)
2026-06-08 16:22:46,244 [INFO    ] HTTP Request: POST http://localhost:11434/api/chat "HTTP/1.1 200 OK"
2026-06-08 16:22:46,244 [INFO    ] HTTP Request: POST http://localhost:11434/api/chat "HTTP/1.1 200 OK"
2026-06-08 16:22:46 [debug    ] ollama_inference               latency_ms=4999.1 model=llama3.1:8b
2026-06-08 16:22:46 [debug    ] ollama_inference               latency_ms=4999.1 model=llama3.1:8b
2026-06-08 16:22:46,245 [INFO    ] ✓ [BENIGN→BENIGN] conf=0.99 lat=5000ms pid=57534  (graph_score=0.15, llm_invoked=True)
2026-06-08 16:22:46,245 [INFO    ] ✓ [BENIGN→BENIGN] conf=0.99 lat=5000ms pid=57534  (graph_score=0.15, llm_invoked=True)
2026-06-08 16:22:51,247 [INFO    ] HTTP Request: POST http://localhost:11434/api/chat "HTTP/1.1 200 OK"
2026-06-08 16:22:51,247 [INFO    ] HTTP Request: POST http://localhost:11434/api/chat "HTTP/1.1 200 OK"
2026-06-08 16:22:51 [debug    ] ollama_inference               latency_ms=5002.1 model=llama3.1:8b
2026-06-08 16:22:51 [debug    ] ollama_inference               latency_ms=5002.1 model=llama3.1:8b
2026-06-08 16:22:51,248 [INFO    ] ✓ [BENIGN→BENIGN] conf=0.99 lat=5003ms pid=57534  (graph_score=0.15, llm_invoked=True)
2026-06-08 16:22:51,248 [INFO    ] ✓ [BENIGN→BENIGN] conf=0.99 lat=5003ms pid=57534  (graph_score=0.15, llm_invoked=True)
2026-06-08 16:22:56,235 [INFO    ] HTTP Request: POST http://localhost:11434/api/chat "HTTP/1.1 200 OK"
2026-06-08 16:22:56,235 [INFO    ] HTTP Request: POST http://localhost:11434/api/chat "HTTP/1.1 200 OK"
2026-06-08 16:22:56 [debug    ] ollama_inference               latency_ms=4987.1 model=llama3.1:8b
2026-06-08 16:22:56 [debug    ] ollama_inference               latency_ms=4987.1 model=llama3.1:8b
2026-06-08 16:22:56,236 [INFO    ] ✓ [BENIGN→BENIGN] conf=0.99 lat=4988ms pid=57534  (graph_score=0.15, llm_invoked=True)
2026-06-08 16:22:56,236 [INFO    ] ✓ [BENIGN→BENIGN] conf=0.99 lat=4988ms pid=57534  (graph_score=0.15, llm_invoked=True)
2026-06-08 16:23:03,157 [INFO    ] HTTP Request: POST http://localhost:11434/api/chat "HTTP/1.1 200 OK"
2026-06-08 16:23:03,157 [INFO    ] HTTP Request: POST http://localhost:11434/api/chat "HTTP/1.1 200 OK"
2026-06-08 16:23:03 [debug    ] ollama_inference               latency_ms=6920.8 model=llama3.1:8b
2026-06-08 16:23:03 [debug    ] ollama_inference               latency_ms=6920.8 model=llama3.1:8b
2026-06-08 16:23:03,158 [INFO    ] ✓ [BENIGN→BENIGN] conf=0.02 lat=6921ms pid=57534  (graph_score=0.15, llm_invoked=True)
2026-06-08 16:23:03,158 [INFO    ] ✓ [BENIGN→BENIGN] conf=0.02 lat=6921ms pid=57534  (graph_score=0.15, llm_invoked=True)
2026-06-08 16:23:09,061 [INFO    ] HTTP Request: POST http://localhost:11434/api/chat "HTTP/1.1 200 OK"
2026-06-08 16:23:09,061 [INFO    ] HTTP Request: POST http://localhost:11434/api/chat "HTTP/1.1 200 OK"
2026-06-08 16:23:09 [debug    ] ollama_inference               latency_ms=5903.7 model=llama3.1:8b
2026-06-08 16:23:09 [debug    ] ollama_inference               latency_ms=5903.7 model=llama3.1:8b
2026-06-08 16:23:09,063 [INFO    ] ✓ [BENIGN→BENIGN] conf=0.99 lat=5904ms pid=57534  (graph_score=0.15, llm_invoked=True)
2026-06-08 16:23:09,063 [INFO    ] ✓ [BENIGN→BENIGN] conf=0.99 lat=5904ms pid=57534  (graph_score=0.15, llm_invoked=True)
2026-06-08 16:23:13,801 [INFO    ] HTTP Request: POST http://localhost:11434/api/chat "HTTP/1.1 200 OK"
2026-06-08 16:23:13,801 [INFO    ] HTTP Request: POST http://localhost:11434/api/chat "HTTP/1.1 200 OK"
2026-06-08 16:23:13 [debug    ] ollama_inference               latency_ms=4738.7 model=llama3.1:8b
2026-06-08 16:23:13 [debug    ] ollama_inference               latency_ms=4738.7 model=llama3.1:8b
2026-06-08 16:23:13,802 [INFO    ] ✓ [BENIGN→BENIGN] conf=0.99 lat=4739ms pid=57534  (graph_score=0.15, llm_invoked=True)
2026-06-08 16:23:13,802 [INFO    ] ✓ [BENIGN→BENIGN] conf=0.99 lat=4739ms pid=57534  (graph_score=0.15, llm_invoked=True)
2026-06-08 16:23:20,132 [INFO    ] HTTP Request: POST http://localhost:11434/api/chat "HTTP/1.1 200 OK"
2026-06-08 16:23:20,132 [INFO    ] HTTP Request: POST http://localhost:11434/api/chat "HTTP/1.1 200 OK"
2026-06-08 16:23:20 [debug    ] ollama_inference               latency_ms=6330.0 model=llama3.1:8b
2026-06-08 16:23:20 [debug    ] ollama_inference               latency_ms=6330.0 model=llama3.1:8b
2026-06-08 16:23:20,133 [INFO    ] ✓ [BENIGN→BENIGN] conf=0.99 lat=6330ms pid=57536  (graph_score=0.00, llm_invoked=True)
2026-06-08 16:23:20,133 [INFO    ] ✓ [BENIGN→BENIGN] conf=0.99 lat=6330ms pid=57536  (graph_score=0.00, llm_invoked=True)
2026-06-08 16:23:25,135 [INFO    ] HTTP Request: POST http://localhost:11434/api/chat "HTTP/1.1 200 OK"
2026-06-08 16:23:25,135 [INFO    ] HTTP Request: POST http://localhost:11434/api/chat "HTTP/1.1 200 OK"
2026-06-08 16:23:25 [debug    ] ollama_inference               latency_ms=5002.1 model=llama3.1:8b
2026-06-08 16:23:25 [debug    ] ollama_inference               latency_ms=5002.1 model=llama3.1:8b
2026-06-08 16:23:25,136 [INFO    ] ✓ [BENIGN→BENIGN] conf=0.99 lat=5002ms pid=57536  (graph_score=0.00, llm_invoked=True)
2026-06-08 16:23:25,136 [INFO    ] ✓ [BENIGN→BENIGN] conf=0.99 lat=5002ms pid=57536  (graph_score=0.00, llm_invoked=True)
2026-06-08 16:23:30,232 [INFO    ] HTTP Request: POST http://localhost:11434/api/chat "HTTP/1.1 200 OK"
2026-06-08 16:23:30,232 [INFO    ] HTTP Request: POST http://localhost:11434/api/chat "HTTP/1.1 200 OK"
2026-06-08 16:23:30 [debug    ] ollama_inference               latency_ms=5095.6 model=llama3.1:8b
2026-06-08 16:23:30 [debug    ] ollama_inference               latency_ms=5095.6 model=llama3.1:8b
2026-06-08 16:23:30,233 [INFO    ] ✓ [BENIGN→BENIGN] conf=0.99 lat=5096ms pid=57536  (graph_score=0.00, llm_invoked=True)
2026-06-08 16:23:30,233 [INFO    ] ✓ [BENIGN→BENIGN] conf=0.99 lat=5096ms pid=57536  (graph_score=0.00, llm_invoked=True)
2026-06-08 16:23:38,388 [INFO    ] HTTP Request: POST http://localhost:11434/api/chat "HTTP/1.1 200 OK"
2026-06-08 16:23:38,388 [INFO    ] HTTP Request: POST http://localhost:11434/api/chat "HTTP/1.1 200 OK"
2026-06-08 16:23:38 [debug    ] ollama_inference               latency_ms=8154.7 model=llama3.1:8b
2026-06-08 16:23:38 [debug    ] ollama_inference               latency_ms=8154.7 model=llama3.1:8b
2026-06-08 16:23:38,389 [INFO    ] ✓ [BENIGN→BENIGN] conf=0.01 lat=8155ms pid=57536  (graph_score=0.00, llm_invoked=True)
2026-06-08 16:23:38,389 [INFO    ] ✓ [BENIGN→BENIGN] conf=0.01 lat=8155ms pid=57536  (graph_score=0.00, llm_invoked=True)
2026-06-08 16:23:43,489 [INFO    ] HTTP Request: POST http://localhost:11434/api/chat "HTTP/1.1 200 OK"
2026-06-08 16:23:43,489 [INFO    ] HTTP Request: POST http://localhost:11434/api/chat "HTTP/1.1 200 OK"
2026-06-08 16:23:43 [debug    ] ollama_inference               latency_ms=5099.8 model=llama3.1:8b
2026-06-08 16:23:43 [debug    ] ollama_inference               latency_ms=5099.8 model=llama3.1:8b
2026-06-08 16:23:43,490 [INFO    ] ✓ [BENIGN→BENIGN] conf=0.99 lat=5100ms pid=57536  (graph_score=0.00, llm_invoked=True)
2026-06-08 16:23:43,490 [INFO    ] ✓ [BENIGN→BENIGN] conf=0.99 lat=5100ms pid=57536  (graph_score=0.00, llm_invoked=True)
2026-06-08 16:23:49,054 [INFO    ] HTTP Request: POST http://localhost:11434/api/chat "HTTP/1.1 200 OK"
2026-06-08 16:23:49,054 [INFO    ] HTTP Request: POST http://localhost:11434/api/chat "HTTP/1.1 200 OK"
2026-06-08 16:23:49 [debug    ] ollama_inference               latency_ms=5564.0 model=llama3.1:8b
2026-06-08 16:23:49 [debug    ] ollama_inference               latency_ms=5564.0 model=llama3.1:8b
2026-06-08 16:23:49,055 [INFO    ] ✓ [BENIGN→BENIGN] conf=0.99 lat=5564ms pid=57536  (graph_score=0.00, llm_invoked=True)
2026-06-08 16:23:49,055 [INFO    ] ✓ [BENIGN→BENIGN] conf=0.99 lat=5564ms pid=57536  (graph_score=0.00, llm_invoked=True)
2026-06-08 16:23:54,082 [INFO    ] HTTP Request: POST http://localhost:11434/api/chat "HTTP/1.1 200 OK"
2026-06-08 16:23:54,082 [INFO    ] HTTP Request: POST http://localhost:11434/api/chat "HTTP/1.1 200 OK"
2026-06-08 16:23:54 [debug    ] ollama_inference               latency_ms=5027.4 model=llama3.1:8b
2026-06-08 16:23:54 [debug    ] ollama_inference               latency_ms=5027.4 model=llama3.1:8b
2026-06-08 16:23:54,083 [INFO    ] ✓ [BENIGN→BENIGN] conf=0.99 lat=5028ms pid=57536  (graph_score=0.00, llm_invoked=True)
2026-06-08 16:23:54,083 [INFO    ] ✓ [BENIGN→BENIGN] conf=0.99 lat=5028ms pid=57536  (graph_score=0.00, llm_invoked=True)
2026-06-08 16:23:58,763 [INFO    ] HTTP Request: POST http://localhost:11434/api/chat "HTTP/1.1 200 OK"
2026-06-08 16:23:58,763 [INFO    ] HTTP Request: POST http://localhost:11434/api/chat "HTTP/1.1 200 OK"
2026-06-08 16:23:58 [debug    ] ollama_inference               latency_ms=4679.7 model=llama3.1:8b
2026-06-08 16:23:58 [debug    ] ollama_inference               latency_ms=4679.7 model=llama3.1:8b
2026-06-08 16:23:58,764 [INFO    ] ✓ [BENIGN→BENIGN] conf=0.99 lat=4680ms pid=57538  (graph_score=0.00, llm_invoked=True)
2026-06-08 16:23:58,764 [INFO    ] ✓ [BENIGN→BENIGN] conf=0.99 lat=4680ms pid=57538  (graph_score=0.00, llm_invoked=True)
2026-06-08 16:24:03,248 [INFO    ] HTTP Request: POST http://localhost:11434/api/chat "HTTP/1.1 200 OK"
2026-06-08 16:24:03,248 [INFO    ] HTTP Request: POST http://localhost:11434/api/chat "HTTP/1.1 200 OK"
2026-06-08 16:24:03 [debug    ] ollama_inference               latency_ms=4483.6 model=llama3.1:8b
2026-06-08 16:24:03 [debug    ] ollama_inference               latency_ms=4483.6 model=llama3.1:8b
2026-06-08 16:24:03,249 [INFO    ] ✓ [BENIGN→BENIGN] conf=0.99 lat=4484ms pid=57538  (graph_score=0.00, llm_invoked=True)
2026-06-08 16:24:03,249 [INFO    ] ✓ [BENIGN→BENIGN] conf=0.99 lat=4484ms pid=57538  (graph_score=0.00, llm_invoked=True)
2026-06-08 16:24:09,364 [INFO    ] HTTP Request: POST http://localhost:11434/api/chat "HTTP/1.1 200 OK"
2026-06-08 16:24:09,364 [INFO    ] HTTP Request: POST http://localhost:11434/api/chat "HTTP/1.1 200 OK"
2026-06-08 16:24:09 [debug    ] ollama_inference               latency_ms=6115.7 model=llama3.1:8b
2026-06-08 16:24:09 [debug    ] ollama_inference               latency_ms=6115.7 model=llama3.1:8b
2026-06-08 16:24:09,366 [INFO    ] ✗ [BENIGN→MALICIOUS] conf=0.85 lat=6116ms pid=57539  (graph_score=0.00, llm_invoked=True)
2026-06-08 16:24:09,366 [INFO    ] ✗ [BENIGN→MALICIOUS] conf=0.85 lat=6116ms pid=57539  (graph_score=0.00, llm_invoked=True)
2026-06-08 16:24:17,412 [INFO    ] HTTP Request: POST http://localhost:11434/api/chat "HTTP/1.1 200 OK"
2026-06-08 16:24:17,412 [INFO    ] HTTP Request: POST http://localhost:11434/api/chat "HTTP/1.1 200 OK"
2026-06-08 16:24:17 [debug    ] ollama_inference               latency_ms=8046.6 model=llama3.1:8b
2026-06-08 16:24:17 [debug    ] ollama_inference               latency_ms=8046.6 model=llama3.1:8b
2026-06-08 16:24:17,413 [INFO    ] ✗ [BENIGN→MALICIOUS] conf=0.85 lat=8047ms pid=57540  (graph_score=0.00, llm_invoked=True)
2026-06-08 16:24:17,413 [INFO    ] ✗ [BENIGN→MALICIOUS] conf=0.85 lat=8047ms pid=57540  (graph_score=0.00, llm_invoked=True)
2026-06-08 16:24:22,394 [INFO    ] HTTP Request: POST http://localhost:11434/api/chat "HTTP/1.1 200 OK"
2026-06-08 16:24:22,394 [INFO    ] HTTP Request: POST http://localhost:11434/api/chat "HTTP/1.1 200 OK"
2026-06-08 16:24:22 [debug    ] ollama_inference               latency_ms=4980.7 model=llama3.1:8b
2026-06-08 16:24:22 [debug    ] ollama_inference               latency_ms=4980.7 model=llama3.1:8b
2026-06-08 16:24:22,395 [INFO    ] ✓ [BENIGN→BENIGN] conf=0.99 lat=4981ms pid=57540  (graph_score=0.00, llm_invoked=True)
2026-06-08 16:24:22,395 [INFO    ] ✓ [BENIGN→BENIGN] conf=0.99 lat=4981ms pid=57540  (graph_score=0.00, llm_invoked=True)
2026-06-08 16:24:27,343 [INFO    ] HTTP Request: POST http://localhost:11434/api/chat "HTTP/1.1 200 OK"
2026-06-08 16:24:27,343 [INFO    ] HTTP Request: POST http://localhost:11434/api/chat "HTTP/1.1 200 OK"
2026-06-08 16:24:27 [debug    ] ollama_inference               latency_ms=4947.8 model=llama3.1:8b
2026-06-08 16:24:27 [debug    ] ollama_inference               latency_ms=4947.8 model=llama3.1:8b
2026-06-08 16:24:27,344 [INFO    ] ✓ [BENIGN→BENIGN] conf=0.01 lat=4948ms pid=57540  (graph_score=0.00, llm_invoked=True)
2026-06-08 16:24:27,344 [INFO    ] ✓ [BENIGN→BENIGN] conf=0.01 lat=4948ms pid=57540  (graph_score=0.00, llm_invoked=True)
2026-06-08 16:24:32,145 [INFO    ] HTTP Request: POST http://localhost:11434/api/chat "HTTP/1.1 200 OK"
2026-06-08 16:24:32,145 [INFO    ] HTTP Request: POST http://localhost:11434/api/chat "HTTP/1.1 200 OK"
2026-06-08 16:24:32 [debug    ] ollama_inference               latency_ms=4801.2 model=llama3.1:8b
2026-06-08 16:24:32 [debug    ] ollama_inference               latency_ms=4801.2 model=llama3.1:8b
2026-06-08 16:24:32,146 [INFO    ] ✓ [BENIGN→BENIGN] conf=0.99 lat=4802ms pid=57540  (graph_score=0.00, llm_invoked=True)
2026-06-08 16:24:32,146 [INFO    ] ✓ [BENIGN→BENIGN] conf=0.99 lat=4802ms pid=57540  (graph_score=0.00, llm_invoked=True)
2026-06-08 16:24:37,144 [INFO    ] HTTP Request: POST http://localhost:11434/api/chat "HTTP/1.1 200 OK"
2026-06-08 16:24:37,144 [INFO    ] HTTP Request: POST http://localhost:11434/api/chat "HTTP/1.1 200 OK"
2026-06-08 16:24:37 [debug    ] ollama_inference               latency_ms=4998.1 model=llama3.1:8b
2026-06-08 16:24:37 [debug    ] ollama_inference               latency_ms=4998.1 model=llama3.1:8b
2026-06-08 16:24:37,145 [INFO    ] ✓ [BENIGN→BENIGN] conf=0.99 lat=4998ms pid=57540  (graph_score=0.00, llm_invoked=True)
2026-06-08 16:24:37,145 [INFO    ] ✓ [BENIGN→BENIGN] conf=0.99 lat=4998ms pid=57540  (graph_score=0.00, llm_invoked=True)
2026-06-08 16:24:42,260 [INFO    ] HTTP Request: POST http://localhost:11434/api/chat "HTTP/1.1 200 OK"
2026-06-08 16:24:42,260 [INFO    ] HTTP Request: POST http://localhost:11434/api/chat "HTTP/1.1 200 OK"
2026-06-08 16:24:42 [debug    ] ollama_inference               latency_ms=5114.5 model=llama3.1:8b
2026-06-08 16:24:42 [debug    ] ollama_inference               latency_ms=5114.5 model=llama3.1:8b
2026-06-08 16:24:42,261 [INFO    ] ✓ [BENIGN→BENIGN] conf=0.99 lat=5115ms pid=57540  (graph_score=0.00, llm_invoked=True)
2026-06-08 16:24:42,261 [INFO    ] ✓ [BENIGN→BENIGN] conf=0.99 lat=5115ms pid=57540  (graph_score=0.00, llm_invoked=True)
2026-06-08 16:24:47,200 [INFO    ] HTTP Request: POST http://localhost:11434/api/chat "HTTP/1.1 200 OK"
2026-06-08 16:24:47,200 [INFO    ] HTTP Request: POST http://localhost:11434/api/chat "HTTP/1.1 200 OK"
2026-06-08 16:24:47 [debug    ] ollama_inference               latency_ms=4939.3 model=llama3.1:8b
2026-06-08 16:24:47 [debug    ] ollama_inference               latency_ms=4939.3 model=llama3.1:8b
2026-06-08 16:24:47,201 [INFO    ] ✓ [BENIGN→BENIGN] conf=0.99 lat=4940ms pid=57540  (graph_score=0.00, llm_invoked=True)
2026-06-08 16:24:47,201 [INFO    ] ✓ [BENIGN→BENIGN] conf=0.99 lat=4940ms pid=57540  (graph_score=0.00, llm_invoked=True)

============================================================
SENTINEL vs DARPA TC E3 CADETS
============================================================
  Mode:      BEHAVIORAL-ONLY (honest, no [C2] hints)
  Parser:    two-pass (NetFlowObject bug fixed)
  Windows:   100 (50 attack, 50 benign)
  F1:        0.597   (WATSON=0.82, UNICORN=0.88)
  TPR:       0.460
  FPR:       0.080
  Precision: 0.852
  Accuracy:  0.690

  NOTE: Strip-annotations mode. This F1 is directly comparable
  to WATSON (0.82) and UNICORN (0.88) — same behavioral detection task.

  Results → results/evaluations_gcp/darpa_tc_behavioral_v4_gcp.json
============================================================

============================================================
SENTINEL vs DARPA TC E3 CADETS
============================================================
  Mode:      BEHAVIORAL-ONLY (honest, no [C2] hints)
  Parser:    two-pass (NetFlowObject bug fixed)
  Windows:   100 (50 attack, 50 benign)
  F1:        0.597   (WATSON=0.82, UNICORN=0.88)
  TPR:       0.460
  FPR:       0.080
  Precision: 0.852
  Accuracy:  0.690

  NOTE: Strip-annotations mode. This F1 is directly comparable
  to WATSON (0.82) and UNICORN (0.88) — same behavioral detection task.

  Results → results/evaluations_gcp/darpa_tc_behavioral_v4_gcp.json
============================================================


▶ darpa-ti-aided Mon Jun  8 16:24:47 UTC 2026
▶ darpa-ti-aided Mon Jun  8 16:24:47 UTC 2026
2026-06-08 16:24:47,632 [INFO    ] Dataset: CADETS (ta1-cadets-e3-official.json.2)
2026-06-08 16:24:47,632 [INFO    ] Dataset: CADETS (ta1-cadets-e3-official.json.2)
2026-06-08 16:24:47,632 [INFO    ] Pass 1: building entity maps from ta1-cadets-e3-official.json.2 ...
2026-06-08 16:24:47,632 [INFO    ] Pass 1: building entity maps from ta1-cadets-e3-official.json.2 ...
2026-06-08 16:25:29,222 [INFO    ] Pass 1 done: 19859 subjects, 219046 objects
2026-06-08 16:25:29,222 [INFO    ] Pass 1 done: 19859 subjects, 219046 objects
2026-06-08 16:25:29,223 [INFO    ] Pass 2: emitting events ...
2026-06-08 16:25:29,223 [INFO    ] Pass 2: emitting events ...
2026-06-08 16:26:39,755 [INFO    ] Pass 2 done: 2351832 events emitted (1310586 skipped)
2026-06-08 16:26:39,755 [INFO    ] Pass 2 done: 2351832 events emitted (1310586 skipped)
2026-06-08 16:26:40,594 [INFO    ] Windows: 50 attack (c2=50, malware=0, parent_chain=0, nginx_ts=0), 50 benign | parent-chain injections=81 | ancestor PIDs=7
2026-06-08 16:26:40,594 [INFO    ] Windows: 50 attack (c2=50, malware=0, parent_chain=0, nginx_ts=0), 50 benign | parent-chain injections=81 | ancestor PIDs=7
2026-06-08 16:26:41,193 [INFO    ] Evaluating 100 windows with Ollama llama3.1:8b ...
2026-06-08 16:26:41,193 [INFO    ] Evaluating 100 windows with Ollama llama3.1:8b ...
2026-06-08 16:26:41,195 [INFO    ] ✓ [ATTACK→MALICIOUS] conf=0.80 lat=0ms pid=59137 c2_detected (graph_score=0.80, llm_invoked=False)
2026-06-08 16:26:41,195 [INFO    ] ✓ [ATTACK→MALICIOUS] conf=0.80 lat=0ms pid=59137 c2_detected (graph_score=0.80, llm_invoked=False)
2026-06-08 16:26:41,195 [INFO    ] ✓ [ATTACK→MALICIOUS] conf=0.80 lat=0ms pid=59137 c2_detected (graph_score=0.80, llm_invoked=False)
2026-06-08 16:26:41,195 [INFO    ] ✓ [ATTACK→MALICIOUS] conf=0.80 lat=0ms pid=59137 c2_detected (graph_score=0.80, llm_invoked=False)
2026-06-08 16:26:41,196 [INFO    ] ✓ [ATTACK→MALICIOUS] conf=0.80 lat=0ms pid=59137 c2_detected (graph_score=0.80, llm_invoked=False)
2026-06-08 16:26:41,196 [INFO    ] ✓ [ATTACK→MALICIOUS] conf=0.80 lat=0ms pid=59137 c2_detected (graph_score=0.80, llm_invoked=False)
2026-06-08 16:26:41,196 [INFO    ] ✗ [ATTACK→BENIGN] conf=1.00 lat=0ms pid=59137 c2_detected (graph_score=0.00, llm_invoked=False)
2026-06-08 16:26:41,196 [INFO    ] ✗ [ATTACK→BENIGN] conf=1.00 lat=0ms pid=59137 c2_detected (graph_score=0.00, llm_invoked=False)
2026-06-08 16:26:41,197 [INFO    ] ✗ [ATTACK→BENIGN] conf=1.00 lat=0ms pid=59137 c2_detected (graph_score=0.00, llm_invoked=False)
2026-06-08 16:26:41,197 [INFO    ] ✗ [ATTACK→BENIGN] conf=1.00 lat=0ms pid=59137 c2_detected (graph_score=0.00, llm_invoked=False)
2026-06-08 16:26:41,198 [INFO    ] ✓ [ATTACK→MALICIOUS] conf=0.80 lat=0ms pid=59137 c2_detected (graph_score=0.80, llm_invoked=False)
2026-06-08 16:26:41,198 [INFO    ] ✓ [ATTACK→MALICIOUS] conf=0.80 lat=0ms pid=59137 c2_detected (graph_score=0.80, llm_invoked=False)
2026-06-08 16:26:41,198 [INFO    ] ✗ [ATTACK→BENIGN] conf=1.00 lat=0ms pid=59137 c2_detected (graph_score=0.00, llm_invoked=False)
2026-06-08 16:26:41,198 [INFO    ] ✗ [ATTACK→BENIGN] conf=1.00 lat=0ms pid=59137 c2_detected (graph_score=0.00, llm_invoked=False)
2026-06-08 16:26:41,199 [INFO    ] ✓ [ATTACK→MALICIOUS] conf=0.80 lat=0ms pid=59141 c2_detected (graph_score=0.80, llm_invoked=False)
2026-06-08 16:26:41,199 [INFO    ] ✓ [ATTACK→MALICIOUS] conf=0.80 lat=0ms pid=59141 c2_detected (graph_score=0.80, llm_invoked=False)
2026-06-08 16:26:41,199 [INFO    ] ✓ [ATTACK→MALICIOUS] conf=0.80 lat=0ms pid=59144 c2_detected (graph_score=0.80, llm_invoked=False)
2026-06-08 16:26:41,199 [INFO    ] ✓ [ATTACK→MALICIOUS] conf=0.80 lat=0ms pid=59144 c2_detected (graph_score=0.80, llm_invoked=False)
2026-06-08 16:26:41,200 [INFO    ] ✓ [ATTACK→MALICIOUS] conf=0.80 lat=0ms pid=59144 c2_detected (graph_score=0.80, llm_invoked=False)
2026-06-08 16:26:41,200 [INFO    ] ✓ [ATTACK→MALICIOUS] conf=0.80 lat=0ms pid=59144 c2_detected (graph_score=0.80, llm_invoked=False)
2026-06-08 16:26:41,200 [INFO    ] ✓ [ATTACK→MALICIOUS] conf=0.80 lat=0ms pid=59144 c2_detected (graph_score=0.80, llm_invoked=False)
2026-06-08 16:26:41,200 [INFO    ] ✓ [ATTACK→MALICIOUS] conf=0.80 lat=0ms pid=59144 c2_detected (graph_score=0.80, llm_invoked=False)
2026-06-08 16:26:41,201 [INFO    ] ✓ [ATTACK→MALICIOUS] conf=0.80 lat=0ms pid=59144 c2_detected (graph_score=0.80, llm_invoked=False)
2026-06-08 16:26:41,201 [INFO    ] ✓ [ATTACK→MALICIOUS] conf=0.80 lat=0ms pid=59144 c2_detected (graph_score=0.80, llm_invoked=False)
2026-06-08 16:26:41,201 [INFO    ] ✓ [ATTACK→MALICIOUS] conf=0.80 lat=0ms pid=59144 c2_detected (graph_score=0.80, llm_invoked=False)
2026-06-08 16:26:41,201 [INFO    ] ✓ [ATTACK→MALICIOUS] conf=0.80 lat=0ms pid=59144 c2_detected (graph_score=0.80, llm_invoked=False)
2026-06-08 16:26:41,202 [INFO    ] ✓ [ATTACK→MALICIOUS] conf=0.80 lat=0ms pid=59144 c2_detected (graph_score=0.80, llm_invoked=False)
2026-06-08 16:26:41,202 [INFO    ] ✓ [ATTACK→MALICIOUS] conf=0.80 lat=0ms pid=59144 c2_detected (graph_score=0.80, llm_invoked=False)
2026-06-08 16:26:41,202 [INFO    ] ✓ [ATTACK→MALICIOUS] conf=0.80 lat=0ms pid=59144 c2_detected (graph_score=0.80, llm_invoked=False)
2026-06-08 16:26:41,202 [INFO    ] ✓ [ATTACK→MALICIOUS] conf=0.80 lat=0ms pid=59144 c2_detected (graph_score=0.80, llm_invoked=False)
2026-06-08 16:26:41,203 [INFO    ] ✓ [ATTACK→MALICIOUS] conf=0.80 lat=0ms pid=59144 c2_detected (graph_score=0.80, llm_invoked=False)
2026-06-08 16:26:41,203 [INFO    ] ✓ [ATTACK→MALICIOUS] conf=0.80 lat=0ms pid=59144 c2_detected (graph_score=0.80, llm_invoked=False)
2026-06-08 16:26:41,204 [INFO    ] ✓ [ATTACK→MALICIOUS] conf=0.80 lat=0ms pid=59144 c2_detected (graph_score=0.80, llm_invoked=False)
2026-06-08 16:26:41,204 [INFO    ] ✓ [ATTACK→MALICIOUS] conf=0.80 lat=0ms pid=59144 c2_detected (graph_score=0.80, llm_invoked=False)
2026-06-08 16:26:41,204 [INFO    ] ✓ [ATTACK→MALICIOUS] conf=0.80 lat=0ms pid=59144 c2_detected (graph_score=0.80, llm_invoked=False)
2026-06-08 16:26:41,204 [INFO    ] ✓ [ATTACK→MALICIOUS] conf=0.80 lat=0ms pid=59144 c2_detected (graph_score=0.80, llm_invoked=False)
2026-06-08 16:26:41,205 [INFO    ] ✓ [ATTACK→MALICIOUS] conf=0.80 lat=0ms pid=59144 c2_detected (graph_score=0.80, llm_invoked=False)
2026-06-08 16:26:41,205 [INFO    ] ✓ [ATTACK→MALICIOUS] conf=0.80 lat=0ms pid=59144 c2_detected (graph_score=0.80, llm_invoked=False)
2026-06-08 16:26:41,205 [INFO    ] ✓ [ATTACK→MALICIOUS] conf=0.80 lat=0ms pid=59144 c2_detected (graph_score=0.80, llm_invoked=False)
2026-06-08 16:26:41,205 [INFO    ] ✓ [ATTACK→MALICIOUS] conf=0.80 lat=0ms pid=59144 c2_detected (graph_score=0.80, llm_invoked=False)
2026-06-08 16:26:41,206 [INFO    ] ✓ [ATTACK→MALICIOUS] conf=0.80 lat=0ms pid=59144 c2_detected (graph_score=0.80, llm_invoked=False)
2026-06-08 16:26:41,206 [INFO    ] ✓ [ATTACK→MALICIOUS] conf=0.80 lat=0ms pid=59144 c2_detected (graph_score=0.80, llm_invoked=False)
2026-06-08 16:26:41,206 [INFO    ] ✓ [ATTACK→MALICIOUS] conf=0.80 lat=0ms pid=59144 c2_detected (graph_score=0.80, llm_invoked=False)
2026-06-08 16:26:41,206 [INFO    ] ✓ [ATTACK→MALICIOUS] conf=0.80 lat=0ms pid=59144 c2_detected (graph_score=0.80, llm_invoked=False)
2026-06-08 16:26:41,207 [INFO    ] ✓ [ATTACK→MALICIOUS] conf=0.80 lat=0ms pid=59144 c2_detected (graph_score=0.80, llm_invoked=False)
2026-06-08 16:26:41,207 [INFO    ] ✓ [ATTACK→MALICIOUS] conf=0.80 lat=0ms pid=59144 c2_detected (graph_score=0.80, llm_invoked=False)
2026-06-08 16:26:41,207 [INFO    ] ✓ [ATTACK→MALICIOUS] conf=0.80 lat=0ms pid=59144 c2_detected (graph_score=0.80, llm_invoked=False)
2026-06-08 16:26:41,207 [INFO    ] ✓ [ATTACK→MALICIOUS] conf=0.80 lat=0ms pid=59144 c2_detected (graph_score=0.80, llm_invoked=False)
2026-06-08 16:26:41,208 [INFO    ] ✓ [ATTACK→MALICIOUS] conf=0.80 lat=0ms pid=59144 c2_detected (graph_score=0.80, llm_invoked=False)
2026-06-08 16:26:41,208 [INFO    ] ✓ [ATTACK→MALICIOUS] conf=0.80 lat=0ms pid=59144 c2_detected (graph_score=0.80, llm_invoked=False)
2026-06-08 16:26:41,208 [INFO    ] ✓ [ATTACK→MALICIOUS] conf=0.80 lat=0ms pid=59144 c2_detected (graph_score=0.80, llm_invoked=False)
2026-06-08 16:26:41,208 [INFO    ] ✓ [ATTACK→MALICIOUS] conf=0.80 lat=0ms pid=59144 c2_detected (graph_score=0.80, llm_invoked=False)
2026-06-08 16:26:41,209 [INFO    ] ✓ [ATTACK→MALICIOUS] conf=0.80 lat=0ms pid=59144 c2_detected (graph_score=0.80, llm_invoked=False)
2026-06-08 16:26:41,209 [INFO    ] ✓ [ATTACK→MALICIOUS] conf=0.80 lat=0ms pid=59144 c2_detected (graph_score=0.80, llm_invoked=False)
2026-06-08 16:26:41,209 [INFO    ] ✓ [ATTACK→MALICIOUS] conf=0.80 lat=0ms pid=59144 c2_detected (graph_score=0.80, llm_invoked=False)
2026-06-08 16:26:41,209 [INFO    ] ✓ [ATTACK→MALICIOUS] conf=0.80 lat=0ms pid=59144 c2_detected (graph_score=0.80, llm_invoked=False)
2026-06-08 16:26:41,210 [INFO    ] ✓ [ATTACK→MALICIOUS] conf=0.80 lat=0ms pid=59144 c2_detected (graph_score=0.80, llm_invoked=False)
2026-06-08 16:26:41,210 [INFO    ] ✓ [ATTACK→MALICIOUS] conf=0.80 lat=0ms pid=59144 c2_detected (graph_score=0.80, llm_invoked=False)
2026-06-08 16:26:41,210 [INFO    ] ✓ [ATTACK→MALICIOUS] conf=0.80 lat=0ms pid=59144 c2_detected (graph_score=0.80, llm_invoked=False)
2026-06-08 16:26:41,210 [INFO    ] ✓ [ATTACK→MALICIOUS] conf=0.80 lat=0ms pid=59144 c2_detected (graph_score=0.80, llm_invoked=False)
2026-06-08 16:26:41,211 [INFO    ] ✓ [ATTACK→MALICIOUS] conf=0.80 lat=0ms pid=59144 c2_detected (graph_score=0.80, llm_invoked=False)
2026-06-08 16:26:41,211 [INFO    ] ✓ [ATTACK→MALICIOUS] conf=0.80 lat=0ms pid=59144 c2_detected (graph_score=0.80, llm_invoked=False)
2026-06-08 16:26:41,211 [INFO    ] ✓ [ATTACK→MALICIOUS] conf=0.80 lat=0ms pid=59144 c2_detected (graph_score=0.80, llm_invoked=False)
2026-06-08 16:26:41,211 [INFO    ] ✓ [ATTACK→MALICIOUS] conf=0.80 lat=0ms pid=59144 c2_detected (graph_score=0.80, llm_invoked=False)
2026-06-08 16:26:41,212 [INFO    ] ✓ [ATTACK→MALICIOUS] conf=0.80 lat=0ms pid=59144 c2_detected (graph_score=0.80, llm_invoked=False)
2026-06-08 16:26:41,212 [INFO    ] ✓ [ATTACK→MALICIOUS] conf=0.80 lat=0ms pid=59144 c2_detected (graph_score=0.80, llm_invoked=False)
2026-06-08 16:26:41,212 [INFO    ] ✓ [ATTACK→MALICIOUS] conf=0.80 lat=0ms pid=59144 c2_detected (graph_score=0.80, llm_invoked=False)
2026-06-08 16:26:41,212 [INFO    ] ✓ [ATTACK→MALICIOUS] conf=0.80 lat=0ms pid=59144 c2_detected (graph_score=0.80, llm_invoked=False)
2026-06-08 16:26:41,213 [INFO    ] ✓ [ATTACK→MALICIOUS] conf=0.80 lat=0ms pid=59144 c2_detected (graph_score=0.80, llm_invoked=False)
2026-06-08 16:26:41,213 [INFO    ] ✓ [ATTACK→MALICIOUS] conf=0.80 lat=0ms pid=59144 c2_detected (graph_score=0.80, llm_invoked=False)
2026-06-08 16:26:41,213 [INFO    ] ✓ [ATTACK→MALICIOUS] conf=0.80 lat=0ms pid=59144 c2_detected (graph_score=0.80, llm_invoked=False)
2026-06-08 16:26:41,213 [INFO    ] ✓ [ATTACK→MALICIOUS] conf=0.80 lat=0ms pid=59144 c2_detected (graph_score=0.80, llm_invoked=False)
2026-06-08 16:26:41,214 [INFO    ] ✓ [ATTACK→MALICIOUS] conf=0.80 lat=0ms pid=59144 c2_detected (graph_score=0.80, llm_invoked=False)
2026-06-08 16:26:41,214 [INFO    ] ✓ [ATTACK→MALICIOUS] conf=0.80 lat=0ms pid=59144 c2_detected (graph_score=0.80, llm_invoked=False)
2026-06-08 16:26:41,214 [INFO    ] ✓ [ATTACK→MALICIOUS] conf=0.80 lat=0ms pid=59144 c2_detected (graph_score=0.80, llm_invoked=False)
2026-06-08 16:26:41,214 [INFO    ] ✓ [ATTACK→MALICIOUS] conf=0.80 lat=0ms pid=59144 c2_detected (graph_score=0.80, llm_invoked=False)
2026-06-08 16:26:41,215 [INFO    ] ✓ [ATTACK→MALICIOUS] conf=0.80 lat=0ms pid=59144 c2_detected (graph_score=0.80, llm_invoked=False)
2026-06-08 16:26:41,215 [INFO    ] ✓ [ATTACK→MALICIOUS] conf=0.80 lat=0ms pid=59144 c2_detected (graph_score=0.80, llm_invoked=False)
2026-06-08 16:26:41,215 [INFO    ] ✓ [ATTACK→MALICIOUS] conf=0.80 lat=0ms pid=59144 c2_detected (graph_score=0.80, llm_invoked=False)
2026-06-08 16:26:41,215 [INFO    ] ✓ [ATTACK→MALICIOUS] conf=0.80 lat=0ms pid=59144 c2_detected (graph_score=0.80, llm_invoked=False)
2026-06-08 16:26:41,216 [INFO    ] ✓ [ATTACK→MALICIOUS] conf=0.80 lat=0ms pid=59144 c2_detected (graph_score=0.80, llm_invoked=False)
2026-06-08 16:26:41,216 [INFO    ] ✓ [ATTACK→MALICIOUS] conf=0.80 lat=0ms pid=59144 c2_detected (graph_score=0.80, llm_invoked=False)
2026-06-08 16:26:41,216 [INFO    ] ✓ [ATTACK→MALICIOUS] conf=0.80 lat=0ms pid=59144 c2_detected (graph_score=0.80, llm_invoked=False)
2026-06-08 16:26:41,216 [INFO    ] ✓ [ATTACK→MALICIOUS] conf=0.80 lat=0ms pid=59144 c2_detected (graph_score=0.80, llm_invoked=False)
2026-06-08 16:26:41,217 [INFO    ] ✓ [ATTACK→MALICIOUS] conf=0.80 lat=0ms pid=59144 c2_detected (graph_score=0.80, llm_invoked=False)
2026-06-08 16:26:41,217 [INFO    ] ✓ [ATTACK→MALICIOUS] conf=0.80 lat=0ms pid=59144 c2_detected (graph_score=0.80, llm_invoked=False)
2026-06-08 16:26:41,217 [INFO    ] ✓ [ATTACK→MALICIOUS] conf=0.80 lat=0ms pid=59144 c2_detected (graph_score=0.80, llm_invoked=False)
2026-06-08 16:26:41,217 [INFO    ] ✓ [ATTACK→MALICIOUS] conf=0.80 lat=0ms pid=59144 c2_detected (graph_score=0.80, llm_invoked=False)
2026-06-08 16:26:41,218 [INFO    ] ✓ [ATTACK→MALICIOUS] conf=0.80 lat=0ms pid=59144 c2_detected (graph_score=0.80, llm_invoked=False)
2026-06-08 16:26:41,218 [INFO    ] ✓ [ATTACK→MALICIOUS] conf=0.80 lat=0ms pid=59144 c2_detected (graph_score=0.80, llm_invoked=False)
2026-06-08 16:26:41,218 [INFO    ] ✓ [ATTACK→MALICIOUS] conf=0.80 lat=0ms pid=59144 c2_detected (graph_score=0.80, llm_invoked=False)
2026-06-08 16:26:41,218 [INFO    ] ✓ [ATTACK→MALICIOUS] conf=0.80 lat=0ms pid=59144 c2_detected (graph_score=0.80, llm_invoked=False)
2026-06-08 16:26:41,219 [INFO    ] ✗ [ATTACK→BENIGN] conf=1.00 lat=0ms pid=59755 c2_detected (graph_score=0.00, llm_invoked=False)
2026-06-08 16:26:41,219 [INFO    ] ✗ [ATTACK→BENIGN] conf=1.00 lat=0ms pid=59755 c2_detected (graph_score=0.00, llm_invoked=False)
2026-06-08 16:26:41,219 [INFO    ] ✗ [ATTACK→BENIGN] conf=1.00 lat=0ms pid=59755 c2_detected (graph_score=0.00, llm_invoked=False)
2026-06-08 16:26:41,219 [INFO    ] ✗ [ATTACK→BENIGN] conf=1.00 lat=0ms pid=59755 c2_detected (graph_score=0.00, llm_invoked=False)
2026-06-08 16:26:41,220 [INFO    ] ✗ [ATTACK→BENIGN] conf=1.00 lat=0ms pid=59755 c2_detected (graph_score=0.00, llm_invoked=False)
2026-06-08 16:26:41,220 [INFO    ] ✗ [ATTACK→BENIGN] conf=1.00 lat=0ms pid=59755 c2_detected (graph_score=0.00, llm_invoked=False)
2026-06-08 16:26:41,221 [INFO    ] ✗ [ATTACK→BENIGN] conf=1.00 lat=0ms pid=59755 c2_detected (graph_score=0.00, llm_invoked=False)
2026-06-08 16:26:41,221 [INFO    ] ✗ [ATTACK→BENIGN] conf=1.00 lat=0ms pid=59755 c2_detected (graph_score=0.00, llm_invoked=False)
2026-06-08 16:26:41,221 [INFO    ] ✓ [BENIGN→BENIGN] conf=0.85 lat=0ms pid=57526  (graph_score=0.15, llm_invoked=False)
2026-06-08 16:26:41,221 [INFO    ] ✓ [BENIGN→BENIGN] conf=0.85 lat=0ms pid=57526  (graph_score=0.15, llm_invoked=False)
2026-06-08 16:26:41,221 [INFO    ] ✓ [BENIGN→BENIGN] conf=0.85 lat=0ms pid=57526  (graph_score=0.15, llm_invoked=False)
2026-06-08 16:26:41,221 [INFO    ] ✓ [BENIGN→BENIGN] conf=0.85 lat=0ms pid=57526  (graph_score=0.15, llm_invoked=False)
2026-06-08 16:26:41,222 [INFO    ] ✓ [BENIGN→BENIGN] conf=0.85 lat=0ms pid=57526  (graph_score=0.15, llm_invoked=False)
2026-06-08 16:26:41,222 [INFO    ] ✓ [BENIGN→BENIGN] conf=0.85 lat=0ms pid=57526  (graph_score=0.15, llm_invoked=False)
2026-06-08 16:26:41,222 [INFO    ] ✓ [BENIGN→BENIGN] conf=0.85 lat=0ms pid=57528  (graph_score=0.15, llm_invoked=False)
2026-06-08 16:26:41,222 [INFO    ] ✓ [BENIGN→BENIGN] conf=0.85 lat=0ms pid=57528  (graph_score=0.15, llm_invoked=False)
2026-06-08 16:26:41,223 [INFO    ] ✓ [BENIGN→BENIGN] conf=0.85 lat=0ms pid=57528  (graph_score=0.15, llm_invoked=False)
2026-06-08 16:26:41,223 [INFO    ] ✓ [BENIGN→BENIGN] conf=0.85 lat=0ms pid=57528  (graph_score=0.15, llm_invoked=False)
2026-06-08 16:26:41,223 [INFO    ] ✓ [BENIGN→BENIGN] conf=0.85 lat=0ms pid=57528  (graph_score=0.15, llm_invoked=False)
2026-06-08 16:26:41,223 [INFO    ] ✓ [BENIGN→BENIGN] conf=0.85 lat=0ms pid=57528  (graph_score=0.15, llm_invoked=False)
2026-06-08 16:26:41,224 [INFO    ] ✓ [BENIGN→BENIGN] conf=1.00 lat=0ms pid=57530  (graph_score=0.00, llm_invoked=False)
2026-06-08 16:26:41,224 [INFO    ] ✓ [BENIGN→BENIGN] conf=1.00 lat=0ms pid=57530  (graph_score=0.00, llm_invoked=False)
2026-06-08 16:26:41,224 [INFO    ] ✓ [BENIGN→BENIGN] conf=1.00 lat=0ms pid=57530  (graph_score=0.00, llm_invoked=False)
2026-06-08 16:26:41,224 [INFO    ] ✓ [BENIGN→BENIGN] conf=1.00 lat=0ms pid=57530  (graph_score=0.00, llm_invoked=False)
2026-06-08 16:26:41,224 [INFO    ] ✓ [BENIGN→BENIGN] conf=1.00 lat=0ms pid=57530  (graph_score=0.00, llm_invoked=False)
2026-06-08 16:26:41,224 [INFO    ] ✓ [BENIGN→BENIGN] conf=1.00 lat=0ms pid=57530  (graph_score=0.00, llm_invoked=False)
2026-06-08 16:26:41,225 [INFO    ] ✓ [BENIGN→BENIGN] conf=1.00 lat=0ms pid=57530  (graph_score=0.00, llm_invoked=False)
2026-06-08 16:26:41,225 [INFO    ] ✓ [BENIGN→BENIGN] conf=1.00 lat=0ms pid=57530  (graph_score=0.00, llm_invoked=False)
2026-06-08 16:26:41,225 [INFO    ] ✓ [BENIGN→BENIGN] conf=1.00 lat=0ms pid=57530  (graph_score=0.00, llm_invoked=False)
2026-06-08 16:26:41,225 [INFO    ] ✓ [BENIGN→BENIGN] conf=1.00 lat=0ms pid=57530  (graph_score=0.00, llm_invoked=False)
2026-06-08 16:26:41,226 [INFO    ] ✓ [BENIGN→BENIGN] conf=1.00 lat=0ms pid=57530  (graph_score=0.00, llm_invoked=False)
2026-06-08 16:26:41,226 [INFO    ] ✓ [BENIGN→BENIGN] conf=1.00 lat=0ms pid=57530  (graph_score=0.00, llm_invoked=False)
2026-06-08 16:26:41,226 [INFO    ] ✓ [BENIGN→BENIGN] conf=0.85 lat=0ms pid=57533  (graph_score=0.15, llm_invoked=False)
2026-06-08 16:26:41,226 [INFO    ] ✓ [BENIGN→BENIGN] conf=0.85 lat=0ms pid=57533  (graph_score=0.15, llm_invoked=False)
2026-06-08 16:26:41,226 [INFO    ] ✓ [BENIGN→BENIGN] conf=0.85 lat=0ms pid=57534  (graph_score=0.15, llm_invoked=False)
2026-06-08 16:26:41,226 [INFO    ] ✓ [BENIGN→BENIGN] conf=0.85 lat=0ms pid=57534  (graph_score=0.15, llm_invoked=False)
2026-06-08 16:26:47,142 [INFO    ] HTTP Request: POST http://localhost:11434/api/chat "HTTP/1.1 200 OK"
2026-06-08 16:26:47,142 [INFO    ] HTTP Request: POST http://localhost:11434/api/chat "HTTP/1.1 200 OK"
2026-06-08 16:26:47 [debug    ] ollama_inference               latency_ms=5916.3 model=llama3.1:8b
2026-06-08 16:26:47 [debug    ] ollama_inference               latency_ms=5916.3 model=llama3.1:8b
2026-06-08 16:26:47,144 [INFO    ] ✗ [BENIGN→MALICIOUS] conf=0.83 lat=5917ms pid=57534  (graph_score=0.35, llm_invoked=True)
2026-06-08 16:26:47,144 [INFO    ] ✗ [BENIGN→MALICIOUS] conf=0.83 lat=5917ms pid=57534  (graph_score=0.35, llm_invoked=True)
2026-06-08 16:26:47,144 [INFO    ] ✓ [BENIGN→BENIGN] conf=0.85 lat=0ms pid=57534  (graph_score=0.15, llm_invoked=False)
2026-06-08 16:26:47,144 [INFO    ] ✓ [BENIGN→BENIGN] conf=0.85 lat=0ms pid=57534  (graph_score=0.15, llm_invoked=False)
2026-06-08 16:26:47,145 [INFO    ] ✓ [BENIGN→BENIGN] conf=0.85 lat=0ms pid=57534  (graph_score=0.15, llm_invoked=False)
2026-06-08 16:26:47,145 [INFO    ] ✓ [BENIGN→BENIGN] conf=0.85 lat=0ms pid=57534  (graph_score=0.15, llm_invoked=False)
2026-06-08 16:26:47,145 [INFO    ] ✓ [BENIGN→BENIGN] conf=0.85 lat=0ms pid=57534  (graph_score=0.15, llm_invoked=False)
2026-06-08 16:26:47,145 [INFO    ] ✓ [BENIGN→BENIGN] conf=0.85 lat=0ms pid=57534  (graph_score=0.15, llm_invoked=False)
2026-06-08 16:26:47,145 [INFO    ] ✓ [BENIGN→BENIGN] conf=0.85 lat=0ms pid=57534  (graph_score=0.15, llm_invoked=False)
2026-06-08 16:26:47,145 [INFO    ] ✓ [BENIGN→BENIGN] conf=0.85 lat=0ms pid=57534  (graph_score=0.15, llm_invoked=False)
2026-06-08 16:26:47,146 [INFO    ] ✓ [BENIGN→BENIGN] conf=0.85 lat=0ms pid=57534  (graph_score=0.15, llm_invoked=False)
2026-06-08 16:26:47,146 [INFO    ] ✓ [BENIGN→BENIGN] conf=0.85 lat=0ms pid=57534  (graph_score=0.15, llm_invoked=False)
2026-06-08 16:26:47,146 [INFO    ] ✓ [BENIGN→BENIGN] conf=0.85 lat=0ms pid=57534  (graph_score=0.15, llm_invoked=False)
2026-06-08 16:26:47,146 [INFO    ] ✓ [BENIGN→BENIGN] conf=0.85 lat=0ms pid=57534  (graph_score=0.15, llm_invoked=False)
2026-06-08 16:26:47,146 [INFO    ] ✓ [BENIGN→BENIGN] conf=0.85 lat=0ms pid=57534  (graph_score=0.15, llm_invoked=False)
2026-06-08 16:26:47,146 [INFO    ] ✓ [BENIGN→BENIGN] conf=0.85 lat=0ms pid=57534  (graph_score=0.15, llm_invoked=False)
2026-06-08 16:26:47,147 [INFO    ] ✓ [BENIGN→BENIGN] conf=0.85 lat=0ms pid=57534  (graph_score=0.15, llm_invoked=False)
2026-06-08 16:26:47,147 [INFO    ] ✓ [BENIGN→BENIGN] conf=0.85 lat=0ms pid=57534  (graph_score=0.15, llm_invoked=False)
2026-06-08 16:26:47,147 [INFO    ] ✓ [BENIGN→BENIGN] conf=0.85 lat=0ms pid=57534  (graph_score=0.15, llm_invoked=False)
2026-06-08 16:26:47,147 [INFO    ] ✓ [BENIGN→BENIGN] conf=0.85 lat=0ms pid=57534  (graph_score=0.15, llm_invoked=False)
2026-06-08 16:26:47,147 [INFO    ] ✓ [BENIGN→BENIGN] conf=0.85 lat=0ms pid=57534  (graph_score=0.15, llm_invoked=False)
2026-06-08 16:26:47,147 [INFO    ] ✓ [BENIGN→BENIGN] conf=0.85 lat=0ms pid=57534  (graph_score=0.15, llm_invoked=False)
2026-06-08 16:26:47,148 [INFO    ] ✓ [BENIGN→BENIGN] conf=0.85 lat=0ms pid=57534  (graph_score=0.15, llm_invoked=False)
2026-06-08 16:26:47,148 [INFO    ] ✓ [BENIGN→BENIGN] conf=0.85 lat=0ms pid=57534  (graph_score=0.15, llm_invoked=False)
2026-06-08 16:26:47,148 [INFO    ] ✓ [BENIGN→BENIGN] conf=0.85 lat=0ms pid=57534  (graph_score=0.15, llm_invoked=False)
2026-06-08 16:26:47,148 [INFO    ] ✓ [BENIGN→BENIGN] conf=0.85 lat=0ms pid=57534  (graph_score=0.15, llm_invoked=False)
2026-06-08 16:26:47,148 [INFO    ] ✓ [BENIGN→BENIGN] conf=0.85 lat=0ms pid=57534  (graph_score=0.15, llm_invoked=False)
2026-06-08 16:26:47,148 [INFO    ] ✓ [BENIGN→BENIGN] conf=0.85 lat=0ms pid=57534  (graph_score=0.15, llm_invoked=False)
2026-06-08 16:26:47,149 [INFO    ] ✓ [BENIGN→BENIGN] conf=0.85 lat=0ms pid=57534  (graph_score=0.15, llm_invoked=False)
2026-06-08 16:26:47,149 [INFO    ] ✓ [BENIGN→BENIGN] conf=0.85 lat=0ms pid=57534  (graph_score=0.15, llm_invoked=False)
2026-06-08 16:26:47,149 [INFO    ] ✓ [BENIGN→BENIGN] conf=0.85 lat=0ms pid=57534  (graph_score=0.15, llm_invoked=False)
2026-06-08 16:26:47,149 [INFO    ] ✓ [BENIGN→BENIGN] conf=0.85 lat=0ms pid=57534  (graph_score=0.15, llm_invoked=False)
2026-06-08 16:26:47,150 [INFO    ] ✓ [BENIGN→BENIGN] conf=0.85 lat=0ms pid=57534  (graph_score=0.15, llm_invoked=False)
2026-06-08 16:26:47,150 [INFO    ] ✓ [BENIGN→BENIGN] conf=0.85 lat=0ms pid=57534  (graph_score=0.15, llm_invoked=False)
2026-06-08 16:26:47,150 [INFO    ] ✓ [BENIGN→BENIGN] conf=0.85 lat=0ms pid=57534  (graph_score=0.15, llm_invoked=False)
2026-06-08 16:26:47,150 [INFO    ] ✓ [BENIGN→BENIGN] conf=0.85 lat=0ms pid=57534  (graph_score=0.15, llm_invoked=False)
2026-06-08 16:26:47,150 [INFO    ] ✓ [BENIGN→BENIGN] conf=0.85 lat=0ms pid=57534  (graph_score=0.15, llm_invoked=False)
2026-06-08 16:26:47,150 [INFO    ] ✓ [BENIGN→BENIGN] conf=0.85 lat=0ms pid=57534  (graph_score=0.15, llm_invoked=False)
2026-06-08 16:26:47,151 [INFO    ] ✓ [BENIGN→BENIGN] conf=1.00 lat=0ms pid=57536  (graph_score=0.00, llm_invoked=False)
2026-06-08 16:26:47,151 [INFO    ] ✓ [BENIGN→BENIGN] conf=1.00 lat=0ms pid=57536  (graph_score=0.00, llm_invoked=False)
2026-06-08 16:26:47,151 [INFO    ] ✓ [BENIGN→BENIGN] conf=1.00 lat=0ms pid=57536  (graph_score=0.00, llm_invoked=False)
2026-06-08 16:26:47,151 [INFO    ] ✓ [BENIGN→BENIGN] conf=1.00 lat=0ms pid=57536  (graph_score=0.00, llm_invoked=False)
2026-06-08 16:26:47,152 [INFO    ] ✓ [BENIGN→BENIGN] conf=1.00 lat=0ms pid=57536  (graph_score=0.00, llm_invoked=False)
2026-06-08 16:26:47,152 [INFO    ] ✓ [BENIGN→BENIGN] conf=1.00 lat=0ms pid=57536  (graph_score=0.00, llm_invoked=False)
2026-06-08 16:26:47,153 [INFO    ] ✓ [BENIGN→BENIGN] conf=1.00 lat=0ms pid=57536  (graph_score=0.00, llm_invoked=False)
2026-06-08 16:26:47,153 [INFO    ] ✓ [BENIGN→BENIGN] conf=1.00 lat=0ms pid=57536  (graph_score=0.00, llm_invoked=False)
2026-06-08 16:26:47,154 [INFO    ] ✓ [BENIGN→BENIGN] conf=1.00 lat=0ms pid=57536  (graph_score=0.00, llm_invoked=False)
2026-06-08 16:26:47,154 [INFO    ] ✓ [BENIGN→BENIGN] conf=1.00 lat=0ms pid=57536  (graph_score=0.00, llm_invoked=False)
2026-06-08 16:26:47,154 [INFO    ] ✓ [BENIGN→BENIGN] conf=1.00 lat=0ms pid=57536  (graph_score=0.00, llm_invoked=False)
2026-06-08 16:26:47,154 [INFO    ] ✓ [BENIGN→BENIGN] conf=1.00 lat=0ms pid=57536  (graph_score=0.00, llm_invoked=False)
2026-06-08 16:26:47,155 [INFO    ] ✓ [BENIGN→BENIGN] conf=1.00 lat=0ms pid=57536  (graph_score=0.00, llm_invoked=False)
2026-06-08 16:26:47,155 [INFO    ] ✓ [BENIGN→BENIGN] conf=1.00 lat=0ms pid=57536  (graph_score=0.00, llm_invoked=False)
2026-06-08 16:26:47,155 [INFO    ] ✓ [BENIGN→BENIGN] conf=1.00 lat=0ms pid=57538  (graph_score=0.00, llm_invoked=False)
2026-06-08 16:26:47,155 [INFO    ] ✓ [BENIGN→BENIGN] conf=1.00 lat=0ms pid=57538  (graph_score=0.00, llm_invoked=False)
2026-06-08 16:26:47,155 [INFO    ] ✓ [BENIGN→BENIGN] conf=1.00 lat=0ms pid=57538  (graph_score=0.00, llm_invoked=False)
2026-06-08 16:26:47,155 [INFO    ] ✓ [BENIGN→BENIGN] conf=1.00 lat=0ms pid=57538  (graph_score=0.00, llm_invoked=False)
2026-06-08 16:26:47,156 [INFO    ] ✓ [BENIGN→BENIGN] conf=1.00 lat=0ms pid=57539  (graph_score=0.00, llm_invoked=False)
2026-06-08 16:26:47,156 [INFO    ] ✓ [BENIGN→BENIGN] conf=1.00 lat=0ms pid=57539  (graph_score=0.00, llm_invoked=False)
2026-06-08 16:26:47,156 [INFO    ] ✓ [BENIGN→BENIGN] conf=1.00 lat=0ms pid=57540  (graph_score=0.00, llm_invoked=False)
2026-06-08 16:26:47,156 [INFO    ] ✓ [BENIGN→BENIGN] conf=1.00 lat=0ms pid=57540  (graph_score=0.00, llm_invoked=False)
2026-06-08 16:26:47,157 [INFO    ] ✓ [BENIGN→BENIGN] conf=1.00 lat=0ms pid=57540  (graph_score=0.00, llm_invoked=False)
2026-06-08 16:26:47,157 [INFO    ] ✓ [BENIGN→BENIGN] conf=1.00 lat=0ms pid=57540  (graph_score=0.00, llm_invoked=False)
2026-06-08 16:26:47,157 [INFO    ] ✓ [BENIGN→BENIGN] conf=1.00 lat=0ms pid=57540  (graph_score=0.00, llm_invoked=False)
2026-06-08 16:26:47,157 [INFO    ] ✓ [BENIGN→BENIGN] conf=1.00 lat=0ms pid=57540  (graph_score=0.00, llm_invoked=False)
2026-06-08 16:26:47,158 [INFO    ] ✓ [BENIGN→BENIGN] conf=1.00 lat=0ms pid=57540  (graph_score=0.00, llm_invoked=False)
2026-06-08 16:26:47,158 [INFO    ] ✓ [BENIGN→BENIGN] conf=1.00 lat=0ms pid=57540  (graph_score=0.00, llm_invoked=False)
2026-06-08 16:26:47,158 [INFO    ] ✓ [BENIGN→BENIGN] conf=1.00 lat=0ms pid=57540  (graph_score=0.00, llm_invoked=False)
2026-06-08 16:26:47,158 [INFO    ] ✓ [BENIGN→BENIGN] conf=1.00 lat=0ms pid=57540  (graph_score=0.00, llm_invoked=False)
2026-06-08 16:26:47,158 [INFO    ] ✓ [BENIGN→BENIGN] conf=1.00 lat=0ms pid=57540  (graph_score=0.00, llm_invoked=False)
2026-06-08 16:26:47,158 [INFO    ] ✓ [BENIGN→BENIGN] conf=1.00 lat=0ms pid=57540  (graph_score=0.00, llm_invoked=False)
2026-06-08 16:26:47,159 [INFO    ] ✓ [BENIGN→BENIGN] conf=1.00 lat=0ms pid=57540  (graph_score=0.00, llm_invoked=False)
2026-06-08 16:26:47,159 [INFO    ] ✓ [BENIGN→BENIGN] conf=1.00 lat=0ms pid=57540  (graph_score=0.00, llm_invoked=False)

============================================================
SENTINEL vs DARPA TC E3 CADETS
============================================================
  Mode:      TI-AIDED ([C2] annotations visible to LLM)
  Parser:    two-pass (NetFlowObject bug fixed)
  Windows:   100 (50 attack, 50 benign)
  F1:        0.915   (WATSON=0.82, UNICORN=0.88)
  TPR:       0.860
  FPR:       0.020
  Precision: 0.977
  Accuracy:  0.920

  NOTE: TI-aided mode. [C2] hints flow from ground truth into LLM.
  NOT directly comparable to WATSON/UNICORN. See --strip-annotations.

  Results → results/evaluations_gcp/darpa_tc_v8_ti_aided_gcp.json
============================================================

============================================================
SENTINEL vs DARPA TC E3 CADETS
============================================================
  Mode:      TI-AIDED ([C2] annotations visible to LLM)
  Parser:    two-pass (NetFlowObject bug fixed)
  Windows:   100 (50 attack, 50 benign)
  F1:        0.915   (WATSON=0.82, UNICORN=0.88)
  TPR:       0.860
  FPR:       0.020
  Precision: 0.977
  Accuracy:  0.920

  NOTE: TI-aided mode. [C2] hints flow from ground truth into LLM.
  NOT directly comparable to WATSON/UNICORN. See --strip-annotations.

  Results → results/evaluations_gcp/darpa_tc_v8_ti_aided_gcp.json
============================================================


▶ darpa-ablation Mon Jun  8 16:26:47 UTC 2026
▶ darpa-ablation Mon Jun  8 16:26:47 UTC 2026
2026-06-08 16:26:47,653 [INFO    ] Dataset: CADETS (ta1-cadets-e3-official.json.2)
2026-06-08 16:26:47,653 [INFO    ] Dataset: CADETS (ta1-cadets-e3-official.json.2)
2026-06-08 16:26:47,653 [INFO    ] Pass 1: building entity maps from ta1-cadets-e3-official.json.2 ...
2026-06-08 16:26:47,653 [INFO    ] Pass 1: building entity maps from ta1-cadets-e3-official.json.2 ...
2026-06-08 16:27:30,855 [INFO    ] Pass 1 done: 19859 subjects, 219046 objects
2026-06-08 16:27:30,855 [INFO    ] Pass 2: emitting events ...
2026-06-08 16:27:30,855 [INFO    ] Pass 1 done: 19859 subjects, 219046 objects
2026-06-08 16:27:30,855 [INFO    ] Pass 2: emitting events ...
2026-06-08 16:28:42,033 [INFO    ] Pass 2 done: 2351832 events emitted (1310586 skipped)
2026-06-08 16:28:42,033 [INFO    ] Pass 2 done: 2351832 events emitted (1310586 skipped)
2026-06-08 16:28:42,860 [INFO    ] Windows: 50 attack (c2=25, malware=0, parent_chain=0, nginx_ts=25), 50 benign | parent-chain injections=81 | ancestor PIDs=7
2026-06-08 16:28:42,860 [INFO    ] Windows: 50 attack (c2=25, malware=0, parent_chain=0, nginx_ts=25), 50 benign | parent-chain injections=81 | ancestor PIDs=7
2026-06-08 16:28:43,389 [INFO    ] Evaluating 100 windows in 5 modes...
2026-06-08 16:28:43,389 [INFO    ] Evaluating 100 windows in 5 modes...
2026-06-08 16:28:50,416 [INFO    ] HTTP Request: POST http://localhost:11434/api/chat "HTTP/1.1 200 OK"
2026-06-08 16:28:50,416 [INFO    ] HTTP Request: POST http://localhost:11434/api/chat "HTTP/1.1 200 OK"
2026-06-08 16:28:50 [debug    ] ollama_inference               latency_ms=7025.4 model=llama3.1:8b
2026-06-08 16:28:50 [debug    ] ollama_inference               latency_ms=7025.4 model=llama3.1:8b
2026-06-08 16:28:50 [debug    ] cove_complete                  comm=sshd cove_ms=0.3 draft_label=MALICIOUS exp_score=1.0 final_label=MALICIOUS hal_rate=0.0 pid=59137 total=1 verified=1
2026-06-08 16:28:50 [debug    ] cove_complete                  comm=sshd cove_ms=0.3 draft_label=MALICIOUS exp_score=1.0 final_label=MALICIOUS hal_rate=0.0 pid=59137 total=1 verified=1
2026-06-08 16:28:55,930 [INFO    ] HTTP Request: POST http://localhost:11434/api/chat "HTTP/1.1 200 OK"
2026-06-08 16:28:55,930 [INFO    ] HTTP Request: POST http://localhost:11434/api/chat "HTTP/1.1 200 OK"
2026-06-08 16:28:55 [debug    ] ollama_inference               latency_ms=5512.8 model=llama3.1:8b
2026-06-08 16:28:55 [debug    ] ollama_inference               latency_ms=5512.8 model=llama3.1:8b
2026-06-08 16:28:55 [debug    ] cove_complete                  comm=sshd cove_ms=0.09 draft_label=BENIGN exp_score=1.0 final_label=BENIGN hal_rate=0.0 pid=59137 total=1 verified=1
2026-06-08 16:28:55 [debug    ] cove_complete                  comm=sshd cove_ms=0.09 draft_label=BENIGN exp_score=1.0 final_label=BENIGN hal_rate=0.0 pid=59137 total=1 verified=1
2026-06-08 16:29:01,575 [INFO    ] HTTP Request: POST http://localhost:11434/api/chat "HTTP/1.1 200 OK"
2026-06-08 16:29:01,575 [INFO    ] HTTP Request: POST http://localhost:11434/api/chat "HTTP/1.1 200 OK"
2026-06-08 16:29:01 [debug    ] ollama_inference               latency_ms=5643.1 model=llama3.1:8b
2026-06-08 16:29:01 [debug    ] ollama_inference               latency_ms=5643.1 model=llama3.1:8b
2026-06-08 16:29:01 [debug    ] cove_complete                  comm=sshd cove_ms=0.09 draft_label=MALICIOUS exp_score=1.0 final_label=MALICIOUS hal_rate=0.0 pid=59137 total=1 verified=1
2026-06-08 16:29:01 [debug    ] cove_complete                  comm=sshd cove_ms=0.09 draft_label=MALICIOUS exp_score=1.0 final_label=MALICIOUS hal_rate=0.0 pid=59137 total=1 verified=1
2026-06-08 16:29:09,824 [INFO    ] HTTP Request: POST http://localhost:11434/api/chat "HTTP/1.1 200 OK"
2026-06-08 16:29:09,824 [INFO    ] HTTP Request: POST http://localhost:11434/api/chat "HTTP/1.1 200 OK"
2026-06-08 16:29:09 [debug    ] ollama_inference               latency_ms=8247.8 model=llama3.1:8b
2026-06-08 16:29:09 [debug    ] ollama_inference               latency_ms=8247.8 model=llama3.1:8b
2026-06-08 16:29:09 [debug    ] cove_complete                  comm=sshd cove_ms=0.08 draft_label=BENIGN exp_score=1.0 final_label=BENIGN hal_rate=0.0 pid=59137 total=2 verified=2
2026-06-08 16:29:09 [debug    ] cove_complete                  comm=sshd cove_ms=0.08 draft_label=BENIGN exp_score=1.0 final_label=BENIGN hal_rate=0.0 pid=59137 total=2 verified=2
2026-06-08 16:29:15,480 [INFO    ] HTTP Request: POST http://localhost:11434/api/chat "HTTP/1.1 200 OK"
2026-06-08 16:29:15,480 [INFO    ] HTTP Request: POST http://localhost:11434/api/chat "HTTP/1.1 200 OK"
2026-06-08 16:29:15 [debug    ] ollama_inference               latency_ms=5653.9 model=llama3.1:8b
2026-06-08 16:29:15 [debug    ] ollama_inference               latency_ms=5653.9 model=llama3.1:8b
2026-06-08 16:29:15 [debug    ] cove_complete                  comm=sshd cove_ms=0.06 draft_label=BENIGN exp_score=0.5 final_label=BENIGN hal_rate=0.0 pid=59137 total=1 verified=1
2026-06-08 16:29:15 [debug    ] cove_complete                  comm=sshd cove_ms=0.06 draft_label=BENIGN exp_score=0.5 final_label=BENIGN hal_rate=0.0 pid=59137 total=1 verified=1
2026-06-08 16:29:23,424 [INFO    ] HTTP Request: POST http://localhost:11434/api/chat "HTTP/1.1 200 OK"
2026-06-08 16:29:23,424 [INFO    ] HTTP Request: POST http://localhost:11434/api/chat "HTTP/1.1 200 OK"
2026-06-08 16:29:23 [debug    ] ollama_inference               latency_ms=7943.0 model=llama3.1:8b
2026-06-08 16:29:23 [debug    ] ollama_inference               latency_ms=7943.0 model=llama3.1:8b
2026-06-08 16:29:23 [debug    ] cove_complete                  comm=sshd cove_ms=0.09 draft_label=MALICIOUS exp_score=1.0 final_label=MALICIOUS hal_rate=0.0 pid=59137 total=2 verified=2
2026-06-08 16:29:23 [debug    ] cove_complete                  comm=sshd cove_ms=0.09 draft_label=MALICIOUS exp_score=1.0 final_label=MALICIOUS hal_rate=0.0 pid=59137 total=2 verified=2
2026-06-08 16:29:28,264 [INFO    ] HTTP Request: POST http://localhost:11434/api/chat "HTTP/1.1 200 OK"
2026-06-08 16:29:28,264 [INFO    ] HTTP Request: POST http://localhost:11434/api/chat "HTTP/1.1 200 OK"
2026-06-08 16:29:28 [debug    ] ollama_inference               latency_ms=4838.7 model=llama3.1:8b
2026-06-08 16:29:28 [debug    ] ollama_inference               latency_ms=4838.7 model=llama3.1:8b
2026-06-08 16:29:28 [debug    ] cove_complete                  comm=sshd cove_ms=0.07 draft_label=BENIGN exp_score=0.5 final_label=BENIGN hal_rate=0.0 pid=59137 total=1 verified=1
2026-06-08 16:29:28 [debug    ] cove_complete                  comm=sshd cove_ms=0.07 draft_label=BENIGN exp_score=0.5 final_label=BENIGN hal_rate=0.0 pid=59137 total=1 verified=1
2026-06-08 16:29:36,423 [INFO    ] HTTP Request: POST http://localhost:11434/api/chat "HTTP/1.1 200 OK"
2026-06-08 16:29:36,423 [INFO    ] HTTP Request: POST http://localhost:11434/api/chat "HTTP/1.1 200 OK"
2026-06-08 16:29:36 [debug    ] ollama_inference               latency_ms=8157.1 model=llama3.1:8b
2026-06-08 16:29:36 [debug    ] ollama_inference               latency_ms=8157.1 model=llama3.1:8b
2026-06-08 16:29:36 [debug    ] cove_complete                  comm=sshd cove_ms=0.1 draft_label=MALICIOUS exp_score=1.0 final_label=MALICIOUS hal_rate=0.0 pid=59141 total=2 verified=2
2026-06-08 16:29:36 [debug    ] cove_complete                  comm=sshd cove_ms=0.1 draft_label=MALICIOUS exp_score=1.0 final_label=MALICIOUS hal_rate=0.0 pid=59141 total=2 verified=2
2026-06-08 16:29:44,524 [INFO    ] HTTP Request: POST http://localhost:11434/api/chat "HTTP/1.1 200 OK"
2026-06-08 16:29:44,524 [INFO    ] HTTP Request: POST http://localhost:11434/api/chat "HTTP/1.1 200 OK"
2026-06-08 16:29:44 [debug    ] ollama_inference               latency_ms=8099.8 model=llama3.1:8b
2026-06-08 16:29:44 [debug    ] ollama_inference               latency_ms=8099.8 model=llama3.1:8b
2026-06-08 16:29:44 [debug    ] cove_complete                  comm=sshd cove_ms=0.11 draft_label=MALICIOUS exp_score=1.0 final_label=MALICIOUS hal_rate=0.0 pid=59144 total=1 verified=1
2026-06-08 16:29:44 [debug    ] cove_complete                  comm=sshd cove_ms=0.11 draft_label=MALICIOUS exp_score=1.0 final_label=MALICIOUS hal_rate=0.0 pid=59144 total=1 verified=1
2026-06-08 16:29:50,680 [INFO    ] HTTP Request: POST http://localhost:11434/api/chat "HTTP/1.1 200 OK"
2026-06-08 16:29:50,680 [INFO    ] HTTP Request: POST http://localhost:11434/api/chat "HTTP/1.1 200 OK"
2026-06-08 16:29:50 [debug    ] ollama_inference               latency_ms=6154.7 model=llama3.1:8b
2026-06-08 16:29:50 [debug    ] ollama_inference               latency_ms=6154.7 model=llama3.1:8b
2026-06-08 16:29:50 [debug    ] cove_complete                  comm=bash cove_ms=0.1 draft_label=BENIGN exp_score=1.0 final_label=BENIGN hal_rate=0.0 pid=59144 total=1 verified=1
2026-06-08 16:29:50 [debug    ] cove_complete                  comm=bash cove_ms=0.1 draft_label=BENIGN exp_score=1.0 final_label=BENIGN hal_rate=0.0 pid=59144 total=1 verified=1
2026-06-08 16:29:50,682 [INFO    ] Processed 10 / 100 windows...
2026-06-08 16:29:50,682 [INFO    ] Processed 10 / 100 windows...
2026-06-08 16:29:57,290 [INFO    ] HTTP Request: POST http://localhost:11434/api/chat "HTTP/1.1 200 OK"
2026-06-08 16:29:57,290 [INFO    ] HTTP Request: POST http://localhost:11434/api/chat "HTTP/1.1 200 OK"
2026-06-08 16:29:57 [debug    ] ollama_inference               latency_ms=6608.8 model=llama3.1:8b
2026-06-08 16:29:57 [debug    ] ollama_inference               latency_ms=6608.8 model=llama3.1:8b
2026-06-08 16:29:57 [debug    ] cove_complete                  comm=bash cove_ms=0.1 draft_label=MALICIOUS exp_score=1.0 final_label=MALICIOUS hal_rate=0.0 pid=59144 total=1 verified=1
2026-06-08 16:29:57 [debug    ] cove_complete                  comm=bash cove_ms=0.1 draft_label=MALICIOUS exp_score=1.0 final_label=MALICIOUS hal_rate=0.0 pid=59144 total=1 verified=1
2026-06-08 16:30:04,260 [INFO    ] HTTP Request: POST http://localhost:11434/api/chat "HTTP/1.1 200 OK"
2026-06-08 16:30:04,260 [INFO    ] HTTP Request: POST http://localhost:11434/api/chat "HTTP/1.1 200 OK"
2026-06-08 16:30:04 [debug    ] ollama_inference               latency_ms=6968.5 model=llama3.1:8b
2026-06-08 16:30:04 [debug    ] ollama_inference               latency_ms=6968.5 model=llama3.1:8b
2026-06-08 16:30:04 [debug    ] cove_complete                  comm=bash cove_ms=1.35 draft_label=MALICIOUS exp_score=1.0 final_label=MALICIOUS hal_rate=0.0 pid=59144 total=2 verified=2
2026-06-08 16:30:04 [debug    ] cove_complete                  comm=bash cove_ms=1.35 draft_label=MALICIOUS exp_score=1.0 final_label=MALICIOUS hal_rate=0.0 pid=59144 total=2 verified=2
2026-06-08 16:30:10,191 [INFO    ] HTTP Request: POST http://localhost:11434/api/chat "HTTP/1.1 200 OK"
2026-06-08 16:30:10,191 [INFO    ] HTTP Request: POST http://localhost:11434/api/chat "HTTP/1.1 200 OK"
2026-06-08 16:30:10 [debug    ] ollama_inference               latency_ms=5928.2 model=llama3.1:8b
2026-06-08 16:30:10 [debug    ] ollama_inference               latency_ms=5928.2 model=llama3.1:8b
2026-06-08 16:30:10 [debug    ] cove_complete                  comm=bash cove_ms=0.08 draft_label=MALICIOUS exp_score=1.0 final_label=MALICIOUS hal_rate=0.0 pid=59144 total=1 verified=1
2026-06-08 16:30:10 [debug    ] cove_complete                  comm=bash cove_ms=0.08 draft_label=MALICIOUS exp_score=1.0 final_label=MALICIOUS hal_rate=0.0 pid=59144 total=1 verified=1
2026-06-08 16:30:17,603 [INFO    ] HTTP Request: POST http://localhost:11434/api/chat "HTTP/1.1 200 OK"
2026-06-08 16:30:17,603 [INFO    ] HTTP Request: POST http://localhost:11434/api/chat "HTTP/1.1 200 OK"
2026-06-08 16:30:17 [debug    ] ollama_inference               latency_ms=7410.2 model=llama3.1:8b
2026-06-08 16:30:17 [debug    ] ollama_inference               latency_ms=7410.2 model=llama3.1:8b
2026-06-08 16:30:17 [debug    ] cove_complete                  comm=bash cove_ms=0.1 draft_label=MALICIOUS exp_score=1.0 final_label=MALICIOUS hal_rate=0.0 pid=59144 total=2 verified=2
2026-06-08 16:30:17 [debug    ] cove_complete                  comm=bash cove_ms=0.1 draft_label=MALICIOUS exp_score=1.0 final_label=MALICIOUS hal_rate=0.0 pid=59144 total=2 verified=2
2026-06-08 16:30:25,917 [INFO    ] HTTP Request: POST http://localhost:11434/api/chat "HTTP/1.1 200 OK"
2026-06-08 16:30:25,917 [INFO    ] HTTP Request: POST http://localhost:11434/api/chat "HTTP/1.1 200 OK"
2026-06-08 16:30:25 [debug    ] ollama_inference               latency_ms=8312.9 model=llama3.1:8b
2026-06-08 16:30:25 [debug    ] ollama_inference               latency_ms=8312.9 model=llama3.1:8b
2026-06-08 16:30:25 [debug    ] cove_complete                  comm=bash cove_ms=0.09 draft_label=MALICIOUS exp_score=1.0 final_label=MALICIOUS hal_rate=0.0 pid=59144 total=2 verified=2
2026-06-08 16:30:25 [debug    ] cove_complete                  comm=bash cove_ms=0.09 draft_label=MALICIOUS exp_score=1.0 final_label=MALICIOUS hal_rate=0.0 pid=59144 total=2 verified=2
2026-06-08 16:30:31,602 [INFO    ] HTTP Request: POST http://localhost:11434/api/chat "HTTP/1.1 200 OK"
2026-06-08 16:30:31,602 [INFO    ] HTTP Request: POST http://localhost:11434/api/chat "HTTP/1.1 200 OK"
2026-06-08 16:30:31 [debug    ] ollama_inference               latency_ms=5683.9 model=llama3.1:8b
2026-06-08 16:30:31 [debug    ] ollama_inference               latency_ms=5683.9 model=llama3.1:8b
2026-06-08 16:30:31 [debug    ] cove_complete                  comm=bash cove_ms=0.09 draft_label=MALICIOUS exp_score=1.0 final_label=MALICIOUS hal_rate=0.0 pid=59144 total=1 verified=1
2026-06-08 16:30:31 [debug    ] cove_complete                  comm=bash cove_ms=0.09 draft_label=MALICIOUS exp_score=1.0 final_label=MALICIOUS hal_rate=0.0 pid=59144 total=1 verified=1
2026-06-08 16:30:38,959 [INFO    ] HTTP Request: POST http://localhost:11434/api/chat "HTTP/1.1 200 OK"
2026-06-08 16:30:38,959 [INFO    ] HTTP Request: POST http://localhost:11434/api/chat "HTTP/1.1 200 OK"
2026-06-08 16:30:38 [debug    ] ollama_inference               latency_ms=7355.5 model=llama3.1:8b
2026-06-08 16:30:38 [debug    ] ollama_inference               latency_ms=7355.5 model=llama3.1:8b
2026-06-08 16:30:38 [debug    ] cove_complete                  comm=bash cove_ms=0.12 draft_label=MALICIOUS exp_score=1.0 final_label=MALICIOUS hal_rate=0.0 pid=59144 total=2 verified=2
2026-06-08 16:30:38 [debug    ] cove_complete                  comm=bash cove_ms=0.12 draft_label=MALICIOUS exp_score=1.0 final_label=MALICIOUS hal_rate=0.0 pid=59144 total=2 verified=2
2026-06-08 16:30:46,471 [INFO    ] HTTP Request: POST http://localhost:11434/api/chat "HTTP/1.1 200 OK"
2026-06-08 16:30:46,471 [INFO    ] HTTP Request: POST http://localhost:11434/api/chat "HTTP/1.1 200 OK"
2026-06-08 16:30:46 [debug    ] ollama_inference               latency_ms=7510.0 model=llama3.1:8b
2026-06-08 16:30:46 [debug    ] ollama_inference               latency_ms=7510.0 model=llama3.1:8b
2026-06-08 16:30:46 [debug    ] cove_complete                  comm=bash cove_ms=0.09 draft_label=MALICIOUS exp_score=1.0 final_label=MALICIOUS hal_rate=0.0 pid=59144 total=2 verified=2
2026-06-08 16:30:46 [debug    ] cove_complete                  comm=bash cove_ms=0.09 draft_label=MALICIOUS exp_score=1.0 final_label=MALICIOUS hal_rate=0.0 pid=59144 total=2 verified=2
2026-06-08 16:30:52,232 [INFO    ] HTTP Request: POST http://localhost:11434/api/chat "HTTP/1.1 200 OK"
2026-06-08 16:30:52,232 [INFO    ] HTTP Request: POST http://localhost:11434/api/chat "HTTP/1.1 200 OK"
2026-06-08 16:30:52 [debug    ] ollama_inference               latency_ms=5760.2 model=llama3.1:8b
2026-06-08 16:30:52 [debug    ] ollama_inference               latency_ms=5760.2 model=llama3.1:8b
2026-06-08 16:30:52 [debug    ] cove_complete                  comm=bash cove_ms=0.08 draft_label=MALICIOUS exp_score=1.0 final_label=MALICIOUS hal_rate=0.0 pid=59144 total=1 verified=1
2026-06-08 16:30:52 [debug    ] cove_complete                  comm=bash cove_ms=0.08 draft_label=MALICIOUS exp_score=1.0 final_label=MALICIOUS hal_rate=0.0 pid=59144 total=1 verified=1
2026-06-08 16:30:58,390 [INFO    ] HTTP Request: POST http://localhost:11434/api/chat "HTTP/1.1 200 OK"
2026-06-08 16:30:58,390 [INFO    ] HTTP Request: POST http://localhost:11434/api/chat "HTTP/1.1 200 OK"
2026-06-08 16:30:58 [debug    ] ollama_inference               latency_ms=6156.5 model=llama3.1:8b
2026-06-08 16:30:58 [debug    ] ollama_inference               latency_ms=6156.5 model=llama3.1:8b
2026-06-08 16:30:58 [debug    ] cove_complete                  comm=bash cove_ms=0.1 draft_label=MALICIOUS exp_score=1.0 final_label=MALICIOUS hal_rate=0.0 pid=59144 total=1 verified=1
2026-06-08 16:30:58 [debug    ] cove_complete                  comm=bash cove_ms=0.1 draft_label=MALICIOUS exp_score=1.0 final_label=MALICIOUS hal_rate=0.0 pid=59144 total=1 verified=1
2026-06-08 16:30:58,392 [INFO    ] Processed 20 / 100 windows...
2026-06-08 16:30:58,392 [INFO    ] Processed 20 / 100 windows...
2026-06-08 16:31:05,471 [INFO    ] HTTP Request: POST http://localhost:11434/api/chat "HTTP/1.1 200 OK"
2026-06-08 16:31:05,471 [INFO    ] HTTP Request: POST http://localhost:11434/api/chat "HTTP/1.1 200 OK"
2026-06-08 16:31:05 [debug    ] ollama_inference               latency_ms=7079.8 model=llama3.1:8b
2026-06-08 16:31:05 [debug    ] ollama_inference               latency_ms=7079.8 model=llama3.1:8b
2026-06-08 16:31:05 [debug    ] cove_complete                  comm=bash cove_ms=0.1 draft_label=MALICIOUS exp_score=1.0 final_label=MALICIOUS hal_rate=0.0 pid=59144 total=2 verified=2
2026-06-08 16:31:05 [debug    ] cove_complete                  comm=bash cove_ms=0.1 draft_label=MALICIOUS exp_score=1.0 final_label=MALICIOUS hal_rate=0.0 pid=59144 total=2 verified=2
2026-06-08 16:31:12,225 [INFO    ] HTTP Request: POST http://localhost:11434/api/chat "HTTP/1.1 200 OK"
2026-06-08 16:31:12,225 [INFO    ] HTTP Request: POST http://localhost:11434/api/chat "HTTP/1.1 200 OK"
2026-06-08 16:31:12 [debug    ] ollama_inference               latency_ms=6751.8 model=llama3.1:8b
2026-06-08 16:31:12 [debug    ] ollama_inference               latency_ms=6751.8 model=llama3.1:8b
2026-06-08 16:31:12 [debug    ] cove_complete                  comm=bash cove_ms=0.1 draft_label=MALICIOUS exp_score=1.0 final_label=MALICIOUS hal_rate=0.0 pid=59144 total=1 verified=1
2026-06-08 16:31:12 [debug    ] cove_complete                  comm=bash cove_ms=0.1 draft_label=MALICIOUS exp_score=1.0 final_label=MALICIOUS hal_rate=0.0 pid=59144 total=1 verified=1
2026-06-08 16:31:18,543 [INFO    ] HTTP Request: POST http://localhost:11434/api/chat "HTTP/1.1 200 OK"
2026-06-08 16:31:18,543 [INFO    ] HTTP Request: POST http://localhost:11434/api/chat "HTTP/1.1 200 OK"
2026-06-08 16:31:18 [debug    ] ollama_inference               latency_ms=6317.4 model=llama3.1:8b
2026-06-08 16:31:18 [debug    ] ollama_inference               latency_ms=6317.4 model=llama3.1:8b
2026-06-08 16:31:18 [debug    ] cove_complete                  comm=bash cove_ms=0.09 draft_label=MALICIOUS exp_score=1.0 final_label=MALICIOUS hal_rate=0.0 pid=59144 total=1 verified=1
2026-06-08 16:31:18 [debug    ] cove_complete                  comm=bash cove_ms=0.09 draft_label=MALICIOUS exp_score=1.0 final_label=MALICIOUS hal_rate=0.0 pid=59144 total=1 verified=1
2026-06-08 16:31:24,506 [INFO    ] HTTP Request: POST http://localhost:11434/api/chat "HTTP/1.1 200 OK"
2026-06-08 16:31:24,506 [INFO    ] HTTP Request: POST http://localhost:11434/api/chat "HTTP/1.1 200 OK"
2026-06-08 16:31:24 [debug    ] ollama_inference               latency_ms=5961.0 model=llama3.1:8b
2026-06-08 16:31:24 [debug    ] ollama_inference               latency_ms=5961.0 model=llama3.1:8b
2026-06-08 16:31:24 [debug    ] cove_complete                  comm=bash cove_ms=0.1 draft_label=MALICIOUS exp_score=1.0 final_label=MALICIOUS hal_rate=0.0 pid=59144 total=1 verified=1
2026-06-08 16:31:24 [debug    ] cove_complete                  comm=bash cove_ms=0.1 draft_label=MALICIOUS exp_score=1.0 final_label=MALICIOUS hal_rate=0.0 pid=59144 total=1 verified=1
2026-06-08 16:31:30,389 [INFO    ] HTTP Request: POST http://localhost:11434/api/chat "HTTP/1.1 200 OK"
2026-06-08 16:31:30,389 [INFO    ] HTTP Request: POST http://localhost:11434/api/chat "HTTP/1.1 200 OK"
2026-06-08 16:31:30 [debug    ] ollama_inference               latency_ms=5882.0 model=llama3.1:8b
2026-06-08 16:31:30 [debug    ] ollama_inference               latency_ms=5882.0 model=llama3.1:8b
2026-06-08 16:31:30 [debug    ] cove_complete                  comm=bash cove_ms=0.09 draft_label=MALICIOUS exp_score=1.0 final_label=MALICIOUS hal_rate=0.0 pid=59144 total=1 verified=1
2026-06-08 16:31:30 [debug    ] cove_complete                  comm=bash cove_ms=0.09 draft_label=MALICIOUS exp_score=1.0 final_label=MALICIOUS hal_rate=0.0 pid=59144 total=1 verified=1
2026-06-08 16:31:34,996 [INFO    ] HTTP Request: POST http://localhost:11434/api/chat "HTTP/1.1 200 OK"
2026-06-08 16:31:34,996 [INFO    ] HTTP Request: POST http://localhost:11434/api/chat "HTTP/1.1 200 OK"
2026-06-08 16:31:34 [debug    ] ollama_inference               latency_ms=4605.2 model=llama3.1:8b
2026-06-08 16:31:34 [debug    ] ollama_inference               latency_ms=4605.2 model=llama3.1:8b
2026-06-08 16:31:34 [debug    ] cove_complete                  comm=sh cove_ms=0.06 draft_label=BENIGN exp_score=1.0 final_label=BENIGN hal_rate=0.0 pid=72202 total=1 verified=1
2026-06-08 16:31:34 [debug    ] cove_complete                  comm=sh cove_ms=0.06 draft_label=BENIGN exp_score=1.0 final_label=BENIGN hal_rate=0.0 pid=72202 total=1 verified=1
2026-06-08 16:31:42,686 [INFO    ] HTTP Request: POST http://localhost:11434/api/chat "HTTP/1.1 200 OK"
2026-06-08 16:31:42,686 [INFO    ] HTTP Request: POST http://localhost:11434/api/chat "HTTP/1.1 200 OK"
2026-06-08 16:31:42 [debug    ] ollama_inference               latency_ms=7688.9 model=llama3.1:8b
2026-06-08 16:31:42 [debug    ] ollama_inference               latency_ms=7688.9 model=llama3.1:8b
2026-06-08 16:31:42 [debug    ] cove_complete                  comm=sh cove_ms=0.08 draft_label=BENIGN exp_score=1.0 final_label=BENIGN hal_rate=0.0 pid=72202 total=2 verified=2
2026-06-08 16:31:42 [debug    ] cove_complete                  comm=sh cove_ms=0.08 draft_label=BENIGN exp_score=1.0 final_label=BENIGN hal_rate=0.0 pid=72202 total=2 verified=2
2026-06-08 16:31:47,878 [INFO    ] HTTP Request: POST http://localhost:11434/api/chat "HTTP/1.1 200 OK"
2026-06-08 16:31:47,878 [INFO    ] HTTP Request: POST http://localhost:11434/api/chat "HTTP/1.1 200 OK"
2026-06-08 16:31:47 [debug    ] ollama_inference               latency_ms=5191.1 model=llama3.1:8b
2026-06-08 16:31:47 [debug    ] ollama_inference               latency_ms=5191.1 model=llama3.1:8b
2026-06-08 16:31:47 [debug    ] cove_complete                  comm=sh cove_ms=0.09 draft_label=BENIGN exp_score=0.5 final_label=BENIGN hal_rate=0.0 pid=72241 total=1 verified=1
2026-06-08 16:31:47 [debug    ] cove_complete                  comm=sh cove_ms=0.09 draft_label=BENIGN exp_score=0.5 final_label=BENIGN hal_rate=0.0 pid=72241 total=1 verified=1
2026-06-08 16:31:54,605 [INFO    ] HTTP Request: POST http://localhost:11434/api/chat "HTTP/1.1 200 OK"
2026-06-08 16:31:54,605 [INFO    ] HTTP Request: POST http://localhost:11434/api/chat "HTTP/1.1 200 OK"
2026-06-08 16:31:54 [debug    ] ollama_inference               latency_ms=6725.8 model=llama3.1:8b
2026-06-08 16:31:54 [debug    ] ollama_inference               latency_ms=6725.8 model=llama3.1:8b
2026-06-08 16:31:54 [debug    ] cove_complete                  comm=sh cove_ms=0.1 draft_label=BENIGN exp_score=0.5 final_label=BENIGN hal_rate=0.0 pid=72241 total=3 verified=3
2026-06-08 16:31:54 [debug    ] cove_complete                  comm=sh cove_ms=0.1 draft_label=BENIGN exp_score=0.5 final_label=BENIGN hal_rate=0.0 pid=72241 total=3 verified=3
2026-06-08 16:32:00,456 [INFO    ] HTTP Request: POST http://localhost:11434/api/chat "HTTP/1.1 200 OK"
2026-06-08 16:32:00,456 [INFO    ] HTTP Request: POST http://localhost:11434/api/chat "HTTP/1.1 200 OK"
2026-06-08 16:32:00 [debug    ] ollama_inference               latency_ms=5849.4 model=llama3.1:8b
2026-06-08 16:32:00 [debug    ] ollama_inference               latency_ms=5849.4 model=llama3.1:8b
2026-06-08 16:32:00 [debug    ] cove_complete                  comm=sh cove_ms=0.1 draft_label=BENIGN exp_score=0.5 final_label=BENIGN hal_rate=0.0 pid=72241 total=2 verified=2
2026-06-08 16:32:00 [debug    ] cove_complete                  comm=sh cove_ms=0.1 draft_label=BENIGN exp_score=0.5 final_label=BENIGN hal_rate=0.0 pid=72241 total=2 verified=2
2026-06-08 16:32:00,458 [INFO    ] Processed 30 / 100 windows...
2026-06-08 16:32:00,458 [INFO    ] Processed 30 / 100 windows...
2026-06-08 16:32:04,809 [INFO    ] HTTP Request: POST http://localhost:11434/api/chat "HTTP/1.1 200 OK"
2026-06-08 16:32:04,809 [INFO    ] HTTP Request: POST http://localhost:11434/api/chat "HTTP/1.1 200 OK"
2026-06-08 16:32:04 [debug    ] ollama_inference               latency_ms=4351.3 model=llama3.1:8b
2026-06-08 16:32:04 [debug    ] ollama_inference               latency_ms=4351.3 model=llama3.1:8b
2026-06-08 16:32:04 [debug    ] cove_complete                  comm=sh cove_ms=0.06 draft_label=BENIGN exp_score=0.5 final_label=BENIGN hal_rate=0.0 pid=72241 total=1 verified=1
2026-06-08 16:32:04 [debug    ] cove_complete                  comm=sh cove_ms=0.06 draft_label=BENIGN exp_score=0.5 final_label=BENIGN hal_rate=0.0 pid=72241 total=1 verified=1
2026-06-08 16:32:09,095 [INFO    ] HTTP Request: POST http://localhost:11434/api/chat "HTTP/1.1 200 OK"
2026-06-08 16:32:09,095 [INFO    ] HTTP Request: POST http://localhost:11434/api/chat "HTTP/1.1 200 OK"
2026-06-08 16:32:09 [debug    ] ollama_inference               latency_ms=4285.6 model=llama3.1:8b
2026-06-08 16:32:09 [debug    ] ollama_inference               latency_ms=4285.6 model=llama3.1:8b
2026-06-08 16:32:09 [debug    ] cove_complete                  comm=sh cove_ms=0.07 draft_label=BENIGN exp_score=0.5 final_label=BENIGN hal_rate=0.0 pid=72241 total=1 verified=1
2026-06-08 16:32:09 [debug    ] cove_complete                  comm=sh cove_ms=0.07 draft_label=BENIGN exp_score=0.5 final_label=BENIGN hal_rate=0.0 pid=72241 total=1 verified=1
2026-06-08 16:32:14,119 [INFO    ] HTTP Request: POST http://localhost:11434/api/chat "HTTP/1.1 200 OK"
2026-06-08 16:32:14,119 [INFO    ] HTTP Request: POST http://localhost:11434/api/chat "HTTP/1.1 200 OK"
2026-06-08 16:32:14 [debug    ] ollama_inference               latency_ms=5022.5 model=llama3.1:8b
2026-06-08 16:32:14 [debug    ] ollama_inference               latency_ms=5022.5 model=llama3.1:8b
2026-06-08 16:32:14 [debug    ] cove_complete                  comm=sh cove_ms=0.05 draft_label=BENIGN exp_score=0.5 final_label=BENIGN hal_rate=0.0 pid=72241 total=1 verified=1
2026-06-08 16:32:14 [debug    ] cove_complete                  comm=sh cove_ms=0.05 draft_label=BENIGN exp_score=0.5 final_label=BENIGN hal_rate=0.0 pid=72241 total=1 verified=1
2026-06-08 16:32:21,434 [INFO    ] HTTP Request: POST http://localhost:11434/api/chat "HTTP/1.1 200 OK"
2026-06-08 16:32:21,434 [INFO    ] HTTP Request: POST http://localhost:11434/api/chat "HTTP/1.1 200 OK"
2026-06-08 16:32:21 [debug    ] ollama_inference               latency_ms=7314.3 model=llama3.1:8b
2026-06-08 16:32:21 [debug    ] ollama_inference               latency_ms=7314.3 model=llama3.1:8b
2026-06-08 16:32:21 [debug    ] cove_complete                  comm=sh cove_ms=0.08 draft_label=MALICIOUS exp_score=1.0 final_label=MALICIOUS hal_rate=0.0 pid=72251 total=2 verified=2
2026-06-08 16:32:21 [debug    ] cove_complete                  comm=sh cove_ms=0.08 draft_label=MALICIOUS exp_score=1.0 final_label=MALICIOUS hal_rate=0.0 pid=72251 total=2 verified=2
2026-06-08 16:32:26,889 [INFO    ] HTTP Request: POST http://localhost:11434/api/chat "HTTP/1.1 200 OK"
2026-06-08 16:32:26,889 [INFO    ] HTTP Request: POST http://localhost:11434/api/chat "HTTP/1.1 200 OK"
2026-06-08 16:32:26 [debug    ] ollama_inference               latency_ms=5453.0 model=llama3.1:8b
2026-06-08 16:32:26 [debug    ] ollama_inference               latency_ms=5453.0 model=llama3.1:8b
2026-06-08 16:32:26 [debug    ] cove_complete                  comm=sh cove_ms=0.07 draft_label=BENIGN exp_score=1.0 final_label=BENIGN hal_rate=0.0 pid=72271 total=1 verified=1
2026-06-08 16:32:26 [debug    ] cove_complete                  comm=sh cove_ms=0.07 draft_label=BENIGN exp_score=1.0 final_label=BENIGN hal_rate=0.0 pid=72271 total=1 verified=1
2026-06-08 16:32:32,069 [INFO    ] HTTP Request: POST http://localhost:11434/api/chat "HTTP/1.1 200 OK"
2026-06-08 16:32:32,069 [INFO    ] HTTP Request: POST http://localhost:11434/api/chat "HTTP/1.1 200 OK"
2026-06-08 16:32:32 [debug    ] ollama_inference               latency_ms=5179.5 model=llama3.1:8b
2026-06-08 16:32:32 [debug    ] ollama_inference               latency_ms=5179.5 model=llama3.1:8b
2026-06-08 16:32:32 [debug    ] cove_complete                  comm=sh cove_ms=0.05 draft_label=BENIGN exp_score=0.5 final_label=BENIGN hal_rate=0.0 pid=72271 total=1 verified=1
2026-06-08 16:32:32 [debug    ] cove_complete                  comm=sh cove_ms=0.05 draft_label=BENIGN exp_score=0.5 final_label=BENIGN hal_rate=0.0 pid=72271 total=1 verified=1
2026-06-08 16:32:37,555 [INFO    ] HTTP Request: POST http://localhost:11434/api/chat "HTTP/1.1 200 OK"
2026-06-08 16:32:37,555 [INFO    ] HTTP Request: POST http://localhost:11434/api/chat "HTTP/1.1 200 OK"
2026-06-08 16:32:37 [debug    ] ollama_inference               latency_ms=5484.1 model=llama3.1:8b
2026-06-08 16:32:37 [debug    ] ollama_inference               latency_ms=5484.1 model=llama3.1:8b
2026-06-08 16:32:37 [debug    ] cove_complete                  comm=sh cove_ms=0.07 draft_label=BENIGN exp_score=1.0 final_label=BENIGN hal_rate=0.0 pid=72329 total=1 verified=1
2026-06-08 16:32:37 [debug    ] cove_complete                  comm=sh cove_ms=0.07 draft_label=BENIGN exp_score=1.0 final_label=BENIGN hal_rate=0.0 pid=72329 total=1 verified=1
2026-06-08 16:32:42,550 [INFO    ] HTTP Request: POST http://localhost:11434/api/chat "HTTP/1.1 200 OK"
2026-06-08 16:32:42,550 [INFO    ] HTTP Request: POST http://localhost:11434/api/chat "HTTP/1.1 200 OK"
2026-06-08 16:32:42 [debug    ] ollama_inference               latency_ms=4994.5 model=llama3.1:8b
2026-06-08 16:32:42 [debug    ] ollama_inference               latency_ms=4994.5 model=llama3.1:8b
2026-06-08 16:32:42 [debug    ] cove_complete                  comm=sh cove_ms=0.06 draft_label=BENIGN exp_score=0.5 final_label=BENIGN hal_rate=0.0 pid=72329 total=1 verified=1
2026-06-08 16:32:42 [debug    ] cove_complete                  comm=sh cove_ms=0.06 draft_label=BENIGN exp_score=0.5 final_label=BENIGN hal_rate=0.0 pid=72329 total=1 verified=1
2026-06-08 16:32:47,748 [INFO    ] HTTP Request: POST http://localhost:11434/api/chat "HTTP/1.1 200 OK"
2026-06-08 16:32:47,748 [INFO    ] HTTP Request: POST http://localhost:11434/api/chat "HTTP/1.1 200 OK"
2026-06-08 16:32:47 [debug    ] ollama_inference               latency_ms=5196.5 model=llama3.1:8b
2026-06-08 16:32:47 [debug    ] ollama_inference               latency_ms=5196.5 model=llama3.1:8b
2026-06-08 16:32:47 [debug    ] cove_complete                  comm=sh cove_ms=0.06 draft_label=BENIGN exp_score=0.5 final_label=BENIGN hal_rate=0.0 pid=72371 total=1 verified=1
2026-06-08 16:32:47 [debug    ] cove_complete                  comm=sh cove_ms=0.06 draft_label=BENIGN exp_score=0.5 final_label=BENIGN hal_rate=0.0 pid=72371 total=1 verified=1
2026-06-08 16:32:54,698 [INFO    ] HTTP Request: POST http://localhost:11434/api/chat "HTTP/1.1 200 OK"
2026-06-08 16:32:54,698 [INFO    ] HTTP Request: POST http://localhost:11434/api/chat "HTTP/1.1 200 OK"
2026-06-08 16:32:54 [debug    ] ollama_inference               latency_ms=6948.7 model=llama3.1:8b
2026-06-08 16:32:54 [debug    ] ollama_inference               latency_ms=6948.7 model=llama3.1:8b
2026-06-08 16:32:54 [debug    ] cove_complete                  comm=sh cove_ms=0.08 draft_label=BENIGN exp_score=1.0 final_label=BENIGN hal_rate=0.0 pid=72371 total=2 verified=2
2026-06-08 16:32:54 [debug    ] cove_complete                  comm=sh cove_ms=0.08 draft_label=BENIGN exp_score=1.0 final_label=BENIGN hal_rate=0.0 pid=72371 total=2 verified=2
2026-06-08 16:32:54,699 [INFO    ] Processed 40 / 100 windows...
2026-06-08 16:32:54,699 [INFO    ] Processed 40 / 100 windows...
2026-06-08 16:32:59,921 [INFO    ] HTTP Request: POST http://localhost:11434/api/chat "HTTP/1.1 200 OK"
2026-06-08 16:32:59,921 [INFO    ] HTTP Request: POST http://localhost:11434/api/chat "HTTP/1.1 200 OK"
2026-06-08 16:32:59 [debug    ] ollama_inference               latency_ms=5221.5 model=llama3.1:8b
2026-06-08 16:32:59 [debug    ] ollama_inference               latency_ms=5221.5 model=llama3.1:8b
2026-06-08 16:32:59 [debug    ] cove_complete                  comm=sh cove_ms=0.07 draft_label=BENIGN exp_score=0.5 final_label=BENIGN hal_rate=0.0 pid=72371 total=1 verified=1
2026-06-08 16:32:59 [debug    ] cove_complete                  comm=sh cove_ms=0.07 draft_label=BENIGN exp_score=0.5 final_label=BENIGN hal_rate=0.0 pid=72371 total=1 verified=1
2026-06-08 16:33:04,398 [INFO    ] HTTP Request: POST http://localhost:11434/api/chat "HTTP/1.1 200 OK"
2026-06-08 16:33:04,398 [INFO    ] HTTP Request: POST http://localhost:11434/api/chat "HTTP/1.1 200 OK"
2026-06-08 16:33:04 [debug    ] ollama_inference               latency_ms=4476.3 model=llama3.1:8b
2026-06-08 16:33:04 [debug    ] ollama_inference               latency_ms=4476.3 model=llama3.1:8b
2026-06-08 16:33:04 [debug    ] cove_complete                  comm=sh cove_ms=0.05 draft_label=BENIGN exp_score=0.5 final_label=BENIGN hal_rate=0.0 pid=72371 total=1 verified=1
2026-06-08 16:33:04 [debug    ] cove_complete                  comm=sh cove_ms=0.05 draft_label=BENIGN exp_score=0.5 final_label=BENIGN hal_rate=0.0 pid=72371 total=1 verified=1
2026-06-08 16:33:08,837 [INFO    ] HTTP Request: POST http://localhost:11434/api/chat "HTTP/1.1 200 OK"
2026-06-08 16:33:08,837 [INFO    ] HTTP Request: POST http://localhost:11434/api/chat "HTTP/1.1 200 OK"
2026-06-08 16:33:08 [debug    ] ollama_inference               latency_ms=4438.2 model=llama3.1:8b
2026-06-08 16:33:08 [debug    ] ollama_inference               latency_ms=4438.2 model=llama3.1:8b
2026-06-08 16:33:08 [debug    ] cove_complete                  comm=sh cove_ms=0.09 draft_label=BENIGN exp_score=0.5 final_label=BENIGN hal_rate=0.0 pid=72371 total=1 verified=1
2026-06-08 16:33:08 [debug    ] cove_complete                  comm=sh cove_ms=0.09 draft_label=BENIGN exp_score=0.5 final_label=BENIGN hal_rate=0.0 pid=72371 total=1 verified=1
2026-06-08 16:33:14,467 [INFO    ] HTTP Request: POST http://localhost:11434/api/chat "HTTP/1.1 200 OK"
2026-06-08 16:33:14,467 [INFO    ] HTTP Request: POST http://localhost:11434/api/chat "HTTP/1.1 200 OK"
2026-06-08 16:33:14 [debug    ] ollama_inference               latency_ms=5627.9 model=llama3.1:8b
2026-06-08 16:33:14 [debug    ] ollama_inference               latency_ms=5627.9 model=llama3.1:8b
2026-06-08 16:33:14 [debug    ] cove_complete                  comm=sh cove_ms=0.05 draft_label=BENIGN exp_score=0.5 final_label=BENIGN hal_rate=0.0 pid=72371 total=1 verified=1
2026-06-08 16:33:14 [debug    ] cove_complete                  comm=sh cove_ms=0.05 draft_label=BENIGN exp_score=0.5 final_label=BENIGN hal_rate=0.0 pid=72371 total=1 verified=1
2026-06-08 16:33:21,269 [INFO    ] HTTP Request: POST http://localhost:11434/api/chat "HTTP/1.1 200 OK"
2026-06-08 16:33:21,269 [INFO    ] HTTP Request: POST http://localhost:11434/api/chat "HTTP/1.1 200 OK"
2026-06-08 16:33:21 [debug    ] ollama_inference               latency_ms=6801.4 model=llama3.1:8b
2026-06-08 16:33:21 [debug    ] ollama_inference               latency_ms=6801.4 model=llama3.1:8b
2026-06-08 16:33:21 [debug    ] cove_complete                  comm=sh cove_ms=0.09 draft_label=MALICIOUS exp_score=1.0 final_label=MALICIOUS hal_rate=0.0 pid=72381 total=2 verified=2
2026-06-08 16:33:21 [debug    ] cove_complete                  comm=sh cove_ms=0.09 draft_label=MALICIOUS exp_score=1.0 final_label=MALICIOUS hal_rate=0.0 pid=72381 total=2 verified=2
2026-06-08 16:33:26,723 [INFO    ] HTTP Request: POST http://localhost:11434/api/chat "HTTP/1.1 200 OK"
2026-06-08 16:33:26,723 [INFO    ] HTTP Request: POST http://localhost:11434/api/chat "HTTP/1.1 200 OK"
2026-06-08 16:33:26 [debug    ] ollama_inference               latency_ms=5452.8 model=llama3.1:8b
2026-06-08 16:33:26 [debug    ] ollama_inference               latency_ms=5452.8 model=llama3.1:8b
2026-06-08 16:33:26 [debug    ] cove_complete                  comm=sh cove_ms=0.06 draft_label=BENIGN exp_score=1.0 final_label=BENIGN hal_rate=0.0 pid=72393 total=1 verified=1
2026-06-08 16:33:26 [debug    ] cove_complete                  comm=sh cove_ms=0.06 draft_label=BENIGN exp_score=1.0 final_label=BENIGN hal_rate=0.0 pid=72393 total=1 verified=1
2026-06-08 16:33:31,741 [INFO    ] HTTP Request: POST http://localhost:11434/api/chat "HTTP/1.1 200 OK"
2026-06-08 16:33:31,741 [INFO    ] HTTP Request: POST http://localhost:11434/api/chat "HTTP/1.1 200 OK"
2026-06-08 16:33:31 [debug    ] ollama_inference               latency_ms=5016.4 model=llama3.1:8b
2026-06-08 16:33:31 [debug    ] ollama_inference               latency_ms=5016.4 model=llama3.1:8b
2026-06-08 16:33:31 [debug    ] cove_complete                  comm=sh cove_ms=0.06 draft_label=BENIGN exp_score=0.5 final_label=BENIGN hal_rate=0.0 pid=72393 total=1 verified=1
2026-06-08 16:33:31 [debug    ] cove_complete                  comm=sh cove_ms=0.06 draft_label=BENIGN exp_score=0.5 final_label=BENIGN hal_rate=0.0 pid=72393 total=1 verified=1
2026-06-08 16:33:36,582 [INFO    ] HTTP Request: POST http://localhost:11434/api/chat "HTTP/1.1 200 OK"
2026-06-08 16:33:36,582 [INFO    ] HTTP Request: POST http://localhost:11434/api/chat "HTTP/1.1 200 OK"
2026-06-08 16:33:36 [debug    ] ollama_inference               latency_ms=4840.4 model=llama3.1:8b
2026-06-08 16:33:36 [debug    ] ollama_inference               latency_ms=4840.4 model=llama3.1:8b
2026-06-08 16:33:36 [debug    ] cove_complete                  comm=sh cove_ms=0.07 draft_label=MALICIOUS exp_score=1.0 final_label=MALICIOUS hal_rate=0.0 pid=72460 total=1 verified=1
2026-06-08 16:33:36 [debug    ] cove_complete                  comm=sh cove_ms=0.07 draft_label=MALICIOUS exp_score=1.0 final_label=MALICIOUS hal_rate=0.0 pid=72460 total=1 verified=1
2026-06-08 16:33:41,642 [INFO    ] HTTP Request: POST http://localhost:11434/api/chat "HTTP/1.1 200 OK"
2026-06-08 16:33:41,642 [INFO    ] HTTP Request: POST http://localhost:11434/api/chat "HTTP/1.1 200 OK"
2026-06-08 16:33:41 [debug    ] ollama_inference               latency_ms=5058.3 model=llama3.1:8b
2026-06-08 16:33:41 [debug    ] ollama_inference               latency_ms=5058.3 model=llama3.1:8b
2026-06-08 16:33:41 [debug    ] cove_complete                  comm=sh cove_ms=0.07 draft_label=BENIGN exp_score=0.5 final_label=BENIGN hal_rate=0.0 pid=72460 total=1 verified=1
2026-06-08 16:33:41 [debug    ] cove_complete                  comm=sh cove_ms=0.07 draft_label=BENIGN exp_score=0.5 final_label=BENIGN hal_rate=0.0 pid=72460 total=1 verified=1
2026-06-08 16:33:46,256 [INFO    ] HTTP Request: POST http://localhost:11434/api/chat "HTTP/1.1 200 OK"
2026-06-08 16:33:46,256 [INFO    ] HTTP Request: POST http://localhost:11434/api/chat "HTTP/1.1 200 OK"
2026-06-08 16:33:46 [debug    ] ollama_inference               latency_ms=4612.9 model=llama3.1:8b
2026-06-08 16:33:46 [debug    ] ollama_inference               latency_ms=4612.9 model=llama3.1:8b
2026-06-08 16:33:46 [debug    ] cove_complete                  comm=sh cove_ms=0.06 draft_label=BENIGN exp_score=1.0 final_label=BENIGN hal_rate=0.0 pid=72517 total=1 verified=1
2026-06-08 16:33:46 [debug    ] cove_complete                  comm=sh cove_ms=0.06 draft_label=BENIGN exp_score=1.0 final_label=BENIGN hal_rate=0.0 pid=72517 total=1 verified=1
2026-06-08 16:33:46,257 [INFO    ] Processed 50 / 100 windows...
2026-06-08 16:33:46,257 [INFO    ] Processed 50 / 100 windows...
2026-06-08 16:33:52,286 [INFO    ] HTTP Request: POST http://localhost:11434/api/chat "HTTP/1.1 200 OK"
2026-06-08 16:33:52,286 [INFO    ] HTTP Request: POST http://localhost:11434/api/chat "HTTP/1.1 200 OK"
2026-06-08 16:33:52 [debug    ] ollama_inference               latency_ms=6028.3 model=llama3.1:8b
2026-06-08 16:33:52 [debug    ] ollama_inference               latency_ms=6028.3 model=llama3.1:8b
2026-06-08 16:33:52 [debug    ] cove_complete                  comm=bash cove_ms=0.05 draft_label=BENIGN exp_score=0.5 final_label=BENIGN hal_rate=0.0 pid=57526 total=1 verified=1
2026-06-08 16:33:52 [debug    ] cove_complete                  comm=bash cove_ms=0.05 draft_label=BENIGN exp_score=0.5 final_label=BENIGN hal_rate=0.0 pid=57526 total=1 verified=1
2026-06-08 16:33:57,061 [INFO    ] HTTP Request: POST http://localhost:11434/api/chat "HTTP/1.1 200 OK"
2026-06-08 16:33:57,061 [INFO    ] HTTP Request: POST http://localhost:11434/api/chat "HTTP/1.1 200 OK"
2026-06-08 16:33:57 [debug    ] ollama_inference               latency_ms=4774.3 model=llama3.1:8b
2026-06-08 16:33:57 [debug    ] ollama_inference               latency_ms=4774.3 model=llama3.1:8b
2026-06-08 16:33:57 [debug    ] cove_complete                  comm=vmstat cove_ms=0.07 draft_label=BENIGN exp_score=0.5 final_label=BENIGN hal_rate=0.0 pid=57526 total=1 verified=1
2026-06-08 16:33:57 [debug    ] cove_complete                  comm=vmstat cove_ms=0.07 draft_label=BENIGN exp_score=0.5 final_label=BENIGN hal_rate=0.0 pid=57526 total=1 verified=1
2026-06-08 16:34:01,983 [INFO    ] HTTP Request: POST http://localhost:11434/api/chat "HTTP/1.1 200 OK"
2026-06-08 16:34:01,983 [INFO    ] HTTP Request: POST http://localhost:11434/api/chat "HTTP/1.1 200 OK"
2026-06-08 16:34:01 [debug    ] ollama_inference               latency_ms=4921.1 model=llama3.1:8b
2026-06-08 16:34:01 [debug    ] ollama_inference               latency_ms=4921.1 model=llama3.1:8b
2026-06-08 16:34:01 [debug    ] cove_complete                  comm=vmstat cove_ms=0.1 draft_label=BENIGN exp_score=0.5 final_label=BENIGN hal_rate=0.0 pid=57526 total=1 verified=1
2026-06-08 16:34:01 [debug    ] cove_complete                  comm=vmstat cove_ms=0.1 draft_label=BENIGN exp_score=0.5 final_label=BENIGN hal_rate=0.0 pid=57526 total=1 verified=1
2026-06-08 16:34:08,015 [INFO    ] HTTP Request: POST http://localhost:11434/api/chat "HTTP/1.1 200 OK"
2026-06-08 16:34:08,015 [INFO    ] HTTP Request: POST http://localhost:11434/api/chat "HTTP/1.1 200 OK"
2026-06-08 16:34:08 [debug    ] ollama_inference               latency_ms=6030.5 model=llama3.1:8b
2026-06-08 16:34:08 [debug    ] ollama_inference               latency_ms=6030.5 model=llama3.1:8b
2026-06-08 16:34:08 [debug    ] cove_complete                  comm=bash cove_ms=0.06 draft_label=BENIGN exp_score=0.5 final_label=BENIGN hal_rate=0.0 pid=57528 total=1 verified=1
2026-06-08 16:34:08 [debug    ] cove_complete                  comm=bash cove_ms=0.06 draft_label=BENIGN exp_score=0.5 final_label=BENIGN hal_rate=0.0 pid=57528 total=1 verified=1
2026-06-08 16:34:12,583 [INFO    ] HTTP Request: POST http://localhost:11434/api/chat "HTTP/1.1 200 OK"
2026-06-08 16:34:12,583 [INFO    ] HTTP Request: POST http://localhost:11434/api/chat "HTTP/1.1 200 OK"
2026-06-08 16:34:12 [debug    ] ollama_inference               latency_ms=4567.1 model=llama3.1:8b
2026-06-08 16:34:12 [debug    ] ollama_inference               latency_ms=4567.1 model=llama3.1:8b
2026-06-08 16:34:12 [debug    ] cove_complete                  comm=vmstat cove_ms=0.06 draft_label=BENIGN exp_score=0.5 final_label=BENIGN hal_rate=0.0 pid=57528 total=1 verified=1
2026-06-08 16:34:12 [debug    ] cove_complete                  comm=vmstat cove_ms=0.06 draft_label=BENIGN exp_score=0.5 final_label=BENIGN hal_rate=0.0 pid=57528 total=1 verified=1
2026-06-08 16:34:17,722 [INFO    ] HTTP Request: POST http://localhost:11434/api/chat "HTTP/1.1 200 OK"
2026-06-08 16:34:17,722 [INFO    ] HTTP Request: POST http://localhost:11434/api/chat "HTTP/1.1 200 OK"
2026-06-08 16:34:17 [debug    ] ollama_inference               latency_ms=5137.9 model=llama3.1:8b
2026-06-08 16:34:17 [debug    ] ollama_inference               latency_ms=5137.9 model=llama3.1:8b
2026-06-08 16:34:17 [debug    ] cove_complete                  comm=vmstat cove_ms=0.05 draft_label=BENIGN exp_score=0.5 final_label=BENIGN hal_rate=0.0 pid=57528 total=1 verified=1
2026-06-08 16:34:17 [debug    ] cove_complete                  comm=vmstat cove_ms=0.05 draft_label=BENIGN exp_score=0.5 final_label=BENIGN hal_rate=0.0 pid=57528 total=1 verified=1
2026-06-08 16:34:22,979 [INFO    ] HTTP Request: POST http://localhost:11434/api/chat "HTTP/1.1 200 OK"
2026-06-08 16:34:22,979 [INFO    ] HTTP Request: POST http://localhost:11434/api/chat "HTTP/1.1 200 OK"
2026-06-08 16:34:22 [debug    ] ollama_inference               latency_ms=5255.4 model=llama3.1:8b
2026-06-08 16:34:22 [debug    ] ollama_inference               latency_ms=5255.4 model=llama3.1:8b
2026-06-08 16:34:22 [debug    ] cove_complete                  comm=bash cove_ms=0.07 draft_label=BENIGN exp_score=0.5 final_label=BENIGN hal_rate=0.0 pid=57530 total=1 verified=1
2026-06-08 16:34:22 [debug    ] cove_complete                  comm=bash cove_ms=0.07 draft_label=BENIGN exp_score=0.5 final_label=BENIGN hal_rate=0.0 pid=57530 total=1 verified=1
2026-06-08 16:34:28,163 [INFO    ] HTTP Request: POST http://localhost:11434/api/chat "HTTP/1.1 200 OK"
2026-06-08 16:34:28,163 [INFO    ] HTTP Request: POST http://localhost:11434/api/chat "HTTP/1.1 200 OK"
2026-06-08 16:34:28 [debug    ] ollama_inference               latency_ms=5182.7 model=llama3.1:8b
2026-06-08 16:34:28 [debug    ] ollama_inference               latency_ms=5182.7 model=llama3.1:8b
2026-06-08 16:34:28 [debug    ] cove_complete                  comm=top cove_ms=0.06 draft_label=BENIGN exp_score=1.0 final_label=BENIGN hal_rate=0.0 pid=57530 total=1 verified=1
2026-06-08 16:34:28 [debug    ] cove_complete                  comm=top cove_ms=0.06 draft_label=BENIGN exp_score=1.0 final_label=BENIGN hal_rate=0.0 pid=57530 total=1 verified=1
2026-06-08 16:34:33,910 [INFO    ] HTTP Request: POST http://localhost:11434/api/chat "HTTP/1.1 200 OK"
2026-06-08 16:34:33,910 [INFO    ] HTTP Request: POST http://localhost:11434/api/chat "HTTP/1.1 200 OK"
2026-06-08 16:34:33 [debug    ] ollama_inference               latency_ms=5745.3 model=llama3.1:8b
2026-06-08 16:34:33 [debug    ] ollama_inference               latency_ms=5745.3 model=llama3.1:8b
2026-06-08 16:34:33 [debug    ] cove_complete                  comm=top cove_ms=0.08 draft_label=BENIGN exp_score=0.5 final_label=BENIGN hal_rate=0.0 pid=57530 total=2 verified=2
2026-06-08 16:34:33 [debug    ] cove_complete                  comm=top cove_ms=0.08 draft_label=BENIGN exp_score=0.5 final_label=BENIGN hal_rate=0.0 pid=57530 total=2 verified=2
2026-06-08 16:34:38,267 [INFO    ] HTTP Request: POST http://localhost:11434/api/chat "HTTP/1.1 200 OK"
2026-06-08 16:34:38,267 [INFO    ] HTTP Request: POST http://localhost:11434/api/chat "HTTP/1.1 200 OK"
2026-06-08 16:34:38 [debug    ] ollama_inference               latency_ms=4356.2 model=llama3.1:8b
2026-06-08 16:34:38 [debug    ] ollama_inference               latency_ms=4356.2 model=llama3.1:8b
2026-06-08 16:34:38 [debug    ] cove_complete                  comm=top cove_ms=0.06 draft_label=BENIGN exp_score=1.0 final_label=BENIGN hal_rate=0.0 pid=57530 total=1 verified=1
2026-06-08 16:34:38 [debug    ] cove_complete                  comm=top cove_ms=0.06 draft_label=BENIGN exp_score=1.0 final_label=BENIGN hal_rate=0.0 pid=57530 total=1 verified=1
2026-06-08 16:34:38,268 [INFO    ] Processed 60 / 100 windows...
2026-06-08 16:34:38,268 [INFO    ] Processed 60 / 100 windows...
2026-06-08 16:34:42,621 [INFO    ] HTTP Request: POST http://localhost:11434/api/chat "HTTP/1.1 200 OK"
2026-06-08 16:34:42,621 [INFO    ] HTTP Request: POST http://localhost:11434/api/chat "HTTP/1.1 200 OK"
2026-06-08 16:34:42 [debug    ] ollama_inference               latency_ms=4352.8 model=llama3.1:8b
2026-06-08 16:34:42 [debug    ] ollama_inference               latency_ms=4352.8 model=llama3.1:8b
2026-06-08 16:34:42 [debug    ] cove_complete                  comm=top cove_ms=0.06 draft_label=BENIGN exp_score=1.0 final_label=BENIGN hal_rate=0.0 pid=57530 total=1 verified=1
2026-06-08 16:34:42 [debug    ] cove_complete                  comm=top cove_ms=0.06 draft_label=BENIGN exp_score=1.0 final_label=BENIGN hal_rate=0.0 pid=57530 total=1 verified=1
2026-06-08 16:34:46,991 [INFO    ] HTTP Request: POST http://localhost:11434/api/chat "HTTP/1.1 200 OK"
2026-06-08 16:34:46,991 [INFO    ] HTTP Request: POST http://localhost:11434/api/chat "HTTP/1.1 200 OK"
2026-06-08 16:34:46 [debug    ] ollama_inference               latency_ms=4368.5 model=llama3.1:8b
2026-06-08 16:34:46 [debug    ] ollama_inference               latency_ms=4368.5 model=llama3.1:8b
2026-06-08 16:34:46 [debug    ] cove_complete                  comm=top cove_ms=0.06 draft_label=BENIGN exp_score=1.0 final_label=BENIGN hal_rate=0.0 pid=57530 total=1 verified=1
2026-06-08 16:34:46 [debug    ] cove_complete                  comm=top cove_ms=0.06 draft_label=BENIGN exp_score=1.0 final_label=BENIGN hal_rate=0.0 pid=57530 total=1 verified=1
2026-06-08 16:34:53,031 [INFO    ] HTTP Request: POST http://localhost:11434/api/chat "HTTP/1.1 200 OK"
2026-06-08 16:34:53,031 [INFO    ] HTTP Request: POST http://localhost:11434/api/chat "HTTP/1.1 200 OK"
2026-06-08 16:34:53 [debug    ] ollama_inference               latency_ms=6039.8 model=llama3.1:8b
2026-06-08 16:34:53 [debug    ] ollama_inference               latency_ms=6039.8 model=llama3.1:8b
2026-06-08 16:34:53 [debug    ] cove_complete                  comm=bash cove_ms=0.05 draft_label=BENIGN exp_score=0.5 final_label=BENIGN hal_rate=0.0 pid=57533 total=1 verified=1
2026-06-08 16:34:53 [debug    ] cove_complete                  comm=bash cove_ms=0.05 draft_label=BENIGN exp_score=0.5 final_label=BENIGN hal_rate=0.0 pid=57533 total=1 verified=1
2026-06-08 16:34:58,260 [INFO    ] HTTP Request: POST http://localhost:11434/api/chat "HTTP/1.1 200 OK"
2026-06-08 16:34:58,260 [INFO    ] HTTP Request: POST http://localhost:11434/api/chat "HTTP/1.1 200 OK"
2026-06-08 16:34:58 [debug    ] ollama_inference               latency_ms=5227.9 model=llama3.1:8b
2026-06-08 16:34:58 [debug    ] ollama_inference               latency_ms=5227.9 model=llama3.1:8b
2026-06-08 16:34:58 [debug    ] cove_complete                  comm=bash cove_ms=0.08 draft_label=BENIGN exp_score=0.5 final_label=BENIGN hal_rate=0.0 pid=57534 total=1 verified=1
2026-06-08 16:34:58 [debug    ] cove_complete                  comm=bash cove_ms=0.08 draft_label=BENIGN exp_score=0.5 final_label=BENIGN hal_rate=0.0 pid=57534 total=1 verified=1
2026-06-08 16:35:04,290 [INFO    ] HTTP Request: POST http://localhost:11434/api/chat "HTTP/1.1 200 OK"
2026-06-08 16:35:04,290 [INFO    ] HTTP Request: POST http://localhost:11434/api/chat "HTTP/1.1 200 OK"
2026-06-08 16:35:04 [debug    ] ollama_inference               latency_ms=6028.6 model=llama3.1:8b
2026-06-08 16:35:04 [debug    ] ollama_inference               latency_ms=6028.6 model=llama3.1:8b
2026-06-08 16:35:04 [debug    ] cove_complete                  comm=lsof cove_ms=0.06 draft_label=MALICIOUS exp_score=1.0 final_label=MALICIOUS hal_rate=0.0 pid=57534 total=1 verified=1
2026-06-08 16:35:04 [debug    ] cove_complete                  comm=lsof cove_ms=0.06 draft_label=MALICIOUS exp_score=1.0 final_label=MALICIOUS hal_rate=0.0 pid=57534 total=1 verified=1
2026-06-08 16:35:11,400 [INFO    ] HTTP Request: POST http://localhost:11434/api/chat "HTTP/1.1 200 OK"
2026-06-08 16:35:11,400 [INFO    ] HTTP Request: POST http://localhost:11434/api/chat "HTTP/1.1 200 OK"
2026-06-08 16:35:11 [debug    ] ollama_inference               latency_ms=7108.3 model=llama3.1:8b
2026-06-08 16:35:11 [debug    ] ollama_inference               latency_ms=7108.3 model=llama3.1:8b
2026-06-08 16:35:11 [debug    ] cove_complete                  comm=lsof cove_ms=0.07 draft_label=MALICIOUS exp_score=1.0 final_label=MALICIOUS hal_rate=0.0 pid=57534 total=2 verified=2
2026-06-08 16:35:11 [debug    ] cove_complete                  comm=lsof cove_ms=0.07 draft_label=MALICIOUS exp_score=1.0 final_label=MALICIOUS hal_rate=0.0 pid=57534 total=2 verified=2
2026-06-08 16:35:16,690 [INFO    ] HTTP Request: POST http://localhost:11434/api/chat "HTTP/1.1 200 OK"
2026-06-08 16:35:16,690 [INFO    ] HTTP Request: POST http://localhost:11434/api/chat "HTTP/1.1 200 OK"
2026-06-08 16:35:16 [debug    ] ollama_inference               latency_ms=5289.0 model=llama3.1:8b
2026-06-08 16:35:16 [debug    ] ollama_inference               latency_ms=5289.0 model=llama3.1:8b
2026-06-08 16:35:16 [debug    ] cove_complete                  comm=lsof cove_ms=0.06 draft_label=BENIGN exp_score=1.0 final_label=BENIGN hal_rate=0.0 pid=57534 total=1 verified=1
2026-06-08 16:35:16 [debug    ] cove_complete                  comm=lsof cove_ms=0.06 draft_label=BENIGN exp_score=1.0 final_label=BENIGN hal_rate=0.0 pid=57534 total=1 verified=1
2026-06-08 16:35:21,681 [INFO    ] HTTP Request: POST http://localhost:11434/api/chat "HTTP/1.1 200 OK"
2026-06-08 16:35:21,681 [INFO    ] HTTP Request: POST http://localhost:11434/api/chat "HTTP/1.1 200 OK"
2026-06-08 16:35:21 [debug    ] ollama_inference               latency_ms=4989.9 model=llama3.1:8b
2026-06-08 16:35:21 [debug    ] ollama_inference               latency_ms=4989.9 model=llama3.1:8b
2026-06-08 16:35:21 [debug    ] cove_complete                  comm=lsof cove_ms=0.05 draft_label=BENIGN exp_score=1.0 final_label=BENIGN hal_rate=0.0 pid=57534 total=1 verified=1
2026-06-08 16:35:21 [debug    ] cove_complete                  comm=lsof cove_ms=0.05 draft_label=BENIGN exp_score=1.0 final_label=BENIGN hal_rate=0.0 pid=57534 total=1 verified=1
2026-06-08 16:35:26,692 [INFO    ] HTTP Request: POST http://localhost:11434/api/chat "HTTP/1.1 200 OK"
2026-06-08 16:35:26,692 [INFO    ] HTTP Request: POST http://localhost:11434/api/chat "HTTP/1.1 200 OK"
2026-06-08 16:35:26 [debug    ] ollama_inference               latency_ms=5010.3 model=llama3.1:8b
2026-06-08 16:35:26 [debug    ] ollama_inference               latency_ms=5010.3 model=llama3.1:8b
2026-06-08 16:35:26 [debug    ] cove_complete                  comm=lsof cove_ms=0.05 draft_label=BENIGN exp_score=1.0 final_label=BENIGN hal_rate=0.0 pid=57534 total=1 verified=1
2026-06-08 16:35:26 [debug    ] cove_complete                  comm=lsof cove_ms=0.05 draft_label=BENIGN exp_score=1.0 final_label=BENIGN hal_rate=0.0 pid=57534 total=1 verified=1
2026-06-08 16:35:31,683 [INFO    ] HTTP Request: POST http://localhost:11434/api/chat "HTTP/1.1 200 OK"
2026-06-08 16:35:31,683 [INFO    ] HTTP Request: POST http://localhost:11434/api/chat "HTTP/1.1 200 OK"
2026-06-08 16:35:31 [debug    ] ollama_inference               latency_ms=4989.0 model=llama3.1:8b
2026-06-08 16:35:31 [debug    ] ollama_inference               latency_ms=4989.0 model=llama3.1:8b
2026-06-08 16:35:31 [debug    ] cove_complete                  comm=lsof cove_ms=0.05 draft_label=BENIGN exp_score=1.0 final_label=BENIGN hal_rate=0.0 pid=57534 total=1 verified=1
2026-06-08 16:35:31 [debug    ] cove_complete                  comm=lsof cove_ms=0.05 draft_label=BENIGN exp_score=1.0 final_label=BENIGN hal_rate=0.0 pid=57534 total=1 verified=1
2026-06-08 16:35:31,684 [INFO    ] Processed 70 / 100 windows...
2026-06-08 16:35:31,684 [INFO    ] Processed 70 / 100 windows...
2026-06-08 16:35:36,688 [INFO    ] HTTP Request: POST http://localhost:11434/api/chat "HTTP/1.1 200 OK"
2026-06-08 16:35:36,688 [INFO    ] HTTP Request: POST http://localhost:11434/api/chat "HTTP/1.1 200 OK"
2026-06-08 16:35:36 [debug    ] ollama_inference               latency_ms=5004.6 model=llama3.1:8b
2026-06-08 16:35:36 [debug    ] ollama_inference               latency_ms=5004.6 model=llama3.1:8b
2026-06-08 16:35:36 [debug    ] cove_complete                  comm=lsof cove_ms=0.06 draft_label=BENIGN exp_score=1.0 final_label=BENIGN hal_rate=0.0 pid=57534 total=1 verified=1
2026-06-08 16:35:36 [debug    ] cove_complete                  comm=lsof cove_ms=0.06 draft_label=BENIGN exp_score=1.0 final_label=BENIGN hal_rate=0.0 pid=57534 total=1 verified=1
2026-06-08 16:35:41,686 [INFO    ] HTTP Request: POST http://localhost:11434/api/chat "HTTP/1.1 200 OK"
2026-06-08 16:35:41,686 [INFO    ] HTTP Request: POST http://localhost:11434/api/chat "HTTP/1.1 200 OK"
2026-06-08 16:35:41 [debug    ] ollama_inference               latency_ms=4996.8 model=llama3.1:8b
2026-06-08 16:35:41 [debug    ] ollama_inference               latency_ms=4996.8 model=llama3.1:8b
2026-06-08 16:35:41 [debug    ] cove_complete                  comm=lsof cove_ms=0.05 draft_label=BENIGN exp_score=1.0 final_label=BENIGN hal_rate=0.0 pid=57534 total=1 verified=1
2026-06-08 16:35:41 [debug    ] cove_complete                  comm=lsof cove_ms=0.05 draft_label=BENIGN exp_score=1.0 final_label=BENIGN hal_rate=0.0 pid=57534 total=1 verified=1
2026-06-08 16:35:46,680 [INFO    ] HTTP Request: POST http://localhost:11434/api/chat "HTTP/1.1 200 OK"
2026-06-08 16:35:46,680 [INFO    ] HTTP Request: POST http://localhost:11434/api/chat "HTTP/1.1 200 OK"
2026-06-08 16:35:46 [debug    ] ollama_inference               latency_ms=4993.2 model=llama3.1:8b
2026-06-08 16:35:46 [debug    ] ollama_inference               latency_ms=4993.2 model=llama3.1:8b
2026-06-08 16:35:46 [debug    ] cove_complete                  comm=lsof cove_ms=0.06 draft_label=BENIGN exp_score=1.0 final_label=BENIGN hal_rate=0.0 pid=57534 total=1 verified=1
2026-06-08 16:35:46 [debug    ] cove_complete                  comm=lsof cove_ms=0.06 draft_label=BENIGN exp_score=1.0 final_label=BENIGN hal_rate=0.0 pid=57534 total=1 verified=1
2026-06-08 16:35:51,665 [INFO    ] HTTP Request: POST http://localhost:11434/api/chat "HTTP/1.1 200 OK"
2026-06-08 16:35:51,665 [INFO    ] HTTP Request: POST http://localhost:11434/api/chat "HTTP/1.1 200 OK"
2026-06-08 16:35:51 [debug    ] ollama_inference               latency_ms=4983.9 model=llama3.1:8b
2026-06-08 16:35:51 [debug    ] ollama_inference               latency_ms=4983.9 model=llama3.1:8b
2026-06-08 16:35:51 [debug    ] cove_complete                  comm=lsof cove_ms=0.06 draft_label=BENIGN exp_score=1.0 final_label=BENIGN hal_rate=0.0 pid=57534 total=1 verified=1
2026-06-08 16:35:51 [debug    ] cove_complete                  comm=lsof cove_ms=0.06 draft_label=BENIGN exp_score=1.0 final_label=BENIGN hal_rate=0.0 pid=57534 total=1 verified=1
2026-06-08 16:35:56,659 [INFO    ] HTTP Request: POST http://localhost:11434/api/chat "HTTP/1.1 200 OK"
2026-06-08 16:35:56,659 [INFO    ] HTTP Request: POST http://localhost:11434/api/chat "HTTP/1.1 200 OK"
2026-06-08 16:35:56 [debug    ] ollama_inference               latency_ms=4992.9 model=llama3.1:8b
2026-06-08 16:35:56 [debug    ] ollama_inference               latency_ms=4992.9 model=llama3.1:8b
2026-06-08 16:35:56 [debug    ] cove_complete                  comm=lsof cove_ms=0.08 draft_label=BENIGN exp_score=1.0 final_label=BENIGN hal_rate=0.0 pid=57534 total=1 verified=1
2026-06-08 16:35:56 [debug    ] cove_complete                  comm=lsof cove_ms=0.08 draft_label=BENIGN exp_score=1.0 final_label=BENIGN hal_rate=0.0 pid=57534 total=1 verified=1
2026-06-08 16:36:01,638 [INFO    ] HTTP Request: POST http://localhost:11434/api/chat "HTTP/1.1 200 OK"
2026-06-08 16:36:01,638 [INFO    ] HTTP Request: POST http://localhost:11434/api/chat "HTTP/1.1 200 OK"
2026-06-08 16:36:01 [debug    ] ollama_inference               latency_ms=4977.3 model=llama3.1:8b
2026-06-08 16:36:01 [debug    ] ollama_inference               latency_ms=4977.3 model=llama3.1:8b
2026-06-08 16:36:01 [debug    ] cove_complete                  comm=lsof cove_ms=0.06 draft_label=BENIGN exp_score=1.0 final_label=BENIGN hal_rate=0.0 pid=57534 total=1 verified=1
2026-06-08 16:36:01 [debug    ] cove_complete                  comm=lsof cove_ms=0.06 draft_label=BENIGN exp_score=1.0 final_label=BENIGN hal_rate=0.0 pid=57534 total=1 verified=1
2026-06-08 16:36:06,636 [INFO    ] HTTP Request: POST http://localhost:11434/api/chat "HTTP/1.1 200 OK"
2026-06-08 16:36:06,636 [INFO    ] HTTP Request: POST http://localhost:11434/api/chat "HTTP/1.1 200 OK"
2026-06-08 16:36:06 [debug    ] ollama_inference               latency_ms=4997.6 model=llama3.1:8b
2026-06-08 16:36:06 [debug    ] ollama_inference               latency_ms=4997.6 model=llama3.1:8b
2026-06-08 16:36:06 [debug    ] cove_complete                  comm=lsof cove_ms=0.06 draft_label=BENIGN exp_score=1.0 final_label=BENIGN hal_rate=0.0 pid=57534 total=1 verified=1
2026-06-08 16:36:06 [debug    ] cove_complete                  comm=lsof cove_ms=0.06 draft_label=BENIGN exp_score=1.0 final_label=BENIGN hal_rate=0.0 pid=57534 total=1 verified=1
2026-06-08 16:36:11,629 [INFO    ] HTTP Request: POST http://localhost:11434/api/chat "HTTP/1.1 200 OK"
2026-06-08 16:36:11,629 [INFO    ] HTTP Request: POST http://localhost:11434/api/chat "HTTP/1.1 200 OK"
2026-06-08 16:36:11 [debug    ] ollama_inference               latency_ms=4992.1 model=llama3.1:8b
2026-06-08 16:36:11 [debug    ] ollama_inference               latency_ms=4992.1 model=llama3.1:8b
2026-06-08 16:36:11 [debug    ] cove_complete                  comm=lsof cove_ms=0.05 draft_label=BENIGN exp_score=1.0 final_label=BENIGN hal_rate=0.0 pid=57534 total=1 verified=1
2026-06-08 16:36:11 [debug    ] cove_complete                  comm=lsof cove_ms=0.05 draft_label=BENIGN exp_score=1.0 final_label=BENIGN hal_rate=0.0 pid=57534 total=1 verified=1
2026-06-08 16:36:16,629 [INFO    ] HTTP Request: POST http://localhost:11434/api/chat "HTTP/1.1 200 OK"
2026-06-08 16:36:16,629 [INFO    ] HTTP Request: POST http://localhost:11434/api/chat "HTTP/1.1 200 OK"
2026-06-08 16:36:16 [debug    ] ollama_inference               latency_ms=4998.3 model=llama3.1:8b
2026-06-08 16:36:16 [debug    ] ollama_inference               latency_ms=4998.3 model=llama3.1:8b
2026-06-08 16:36:16 [debug    ] cove_complete                  comm=lsof cove_ms=0.07 draft_label=BENIGN exp_score=1.0 final_label=BENIGN hal_rate=0.0 pid=57534 total=1 verified=1
2026-06-08 16:36:16 [debug    ] cove_complete                  comm=lsof cove_ms=0.07 draft_label=BENIGN exp_score=1.0 final_label=BENIGN hal_rate=0.0 pid=57534 total=1 verified=1
2026-06-08 16:36:21,629 [INFO    ] HTTP Request: POST http://localhost:11434/api/chat "HTTP/1.1 200 OK"
2026-06-08 16:36:21,629 [INFO    ] HTTP Request: POST http://localhost:11434/api/chat "HTTP/1.1 200 OK"
2026-06-08 16:36:21 [debug    ] ollama_inference               latency_ms=4999.0 model=llama3.1:8b
2026-06-08 16:36:21 [debug    ] ollama_inference               latency_ms=4999.0 model=llama3.1:8b
2026-06-08 16:36:21 [debug    ] cove_complete                  comm=lsof cove_ms=0.05 draft_label=BENIGN exp_score=1.0 final_label=BENIGN hal_rate=0.0 pid=57534 total=1 verified=1
2026-06-08 16:36:21 [debug    ] cove_complete                  comm=lsof cove_ms=0.05 draft_label=BENIGN exp_score=1.0 final_label=BENIGN hal_rate=0.0 pid=57534 total=1 verified=1
2026-06-08 16:36:21,630 [INFO    ] Processed 80 / 100 windows...
2026-06-08 16:36:21,630 [INFO    ] Processed 80 / 100 windows...
2026-06-08 16:36:27,202 [INFO    ] HTTP Request: POST http://localhost:11434/api/chat "HTTP/1.1 200 OK"
2026-06-08 16:36:27,202 [INFO    ] HTTP Request: POST http://localhost:11434/api/chat "HTTP/1.1 200 OK"
2026-06-08 16:36:27 [debug    ] ollama_inference               latency_ms=5572.3 model=llama3.1:8b
2026-06-08 16:36:27 [debug    ] ollama_inference               latency_ms=5572.3 model=llama3.1:8b
2026-06-08 16:36:27 [debug    ] cove_complete                  comm=lsof cove_ms=0.06 draft_label=BENIGN exp_score=1.0 final_label=BENIGN hal_rate=0.0 pid=57534 total=1 verified=1
2026-06-08 16:36:27 [debug    ] cove_complete                  comm=lsof cove_ms=0.06 draft_label=BENIGN exp_score=1.0 final_label=BENIGN hal_rate=0.0 pid=57534 total=1 verified=1
2026-06-08 16:36:34,165 [INFO    ] HTTP Request: POST http://localhost:11434/api/chat "HTTP/1.1 200 OK"
2026-06-08 16:36:34,165 [INFO    ] HTTP Request: POST http://localhost:11434/api/chat "HTTP/1.1 200 OK"
2026-06-08 16:36:34 [debug    ] ollama_inference               latency_ms=6960.9 model=llama3.1:8b
2026-06-08 16:36:34 [debug    ] ollama_inference               latency_ms=6960.9 model=llama3.1:8b
2026-06-08 16:36:34 [debug    ] cove_complete                  comm=lsof cove_ms=0.07 draft_label=BENIGN exp_score=0.5 final_label=BENIGN hal_rate=0.0 pid=57534 total=2 verified=2
2026-06-08 16:36:34 [debug    ] cove_complete                  comm=lsof cove_ms=0.07 draft_label=BENIGN exp_score=0.5 final_label=BENIGN hal_rate=0.0 pid=57534 total=2 verified=2
2026-06-08 16:36:38,943 [INFO    ] HTTP Request: POST http://localhost:11434/api/chat "HTTP/1.1 200 OK"
2026-06-08 16:36:38,943 [INFO    ] HTTP Request: POST http://localhost:11434/api/chat "HTTP/1.1 200 OK"
2026-06-08 16:36:38 [debug    ] ollama_inference               latency_ms=4777.2 model=llama3.1:8b
2026-06-08 16:36:38 [debug    ] ollama_inference               latency_ms=4777.2 model=llama3.1:8b
2026-06-08 16:36:38 [debug    ] cove_complete                  comm=lsof cove_ms=0.07 draft_label=BENIGN exp_score=0.5 final_label=BENIGN hal_rate=0.0 pid=57534 total=1 verified=1
2026-06-08 16:36:38 [debug    ] cove_complete                  comm=lsof cove_ms=0.07 draft_label=BENIGN exp_score=0.5 final_label=BENIGN hal_rate=0.0 pid=57534 total=1 verified=1
2026-06-08 16:36:45,348 [INFO    ] HTTP Request: POST http://localhost:11434/api/chat "HTTP/1.1 200 OK"
2026-06-08 16:36:45,348 [INFO    ] HTTP Request: POST http://localhost:11434/api/chat "HTTP/1.1 200 OK"
2026-06-08 16:36:45 [debug    ] ollama_inference               latency_ms=6403.4 model=llama3.1:8b
2026-06-08 16:36:45 [debug    ] ollama_inference               latency_ms=6403.4 model=llama3.1:8b
2026-06-08 16:36:45 [debug    ] cove_complete                  comm=sshd cove_ms=0.1 draft_label=BENIGN exp_score=0.5 final_label=BENIGN hal_rate=0.0 pid=57536 total=2 verified=2
2026-06-08 16:36:45 [debug    ] cove_complete                  comm=sshd cove_ms=0.1 draft_label=BENIGN exp_score=0.5 final_label=BENIGN hal_rate=0.0 pid=57536 total=2 verified=2
2026-06-08 16:36:50,255 [INFO    ] HTTP Request: POST http://localhost:11434/api/chat "HTTP/1.1 200 OK"
2026-06-08 16:36:50,255 [INFO    ] HTTP Request: POST http://localhost:11434/api/chat "HTTP/1.1 200 OK"
2026-06-08 16:36:50 [debug    ] ollama_inference               latency_ms=4906.3 model=llama3.1:8b
2026-06-08 16:36:50 [debug    ] ollama_inference               latency_ms=4906.3 model=llama3.1:8b
2026-06-08 16:36:50 [debug    ] cove_complete                  comm=sshd cove_ms=0.08 draft_label=BENIGN exp_score=0.5 final_label=BENIGN hal_rate=0.0 pid=57536 total=1 verified=1
2026-06-08 16:36:50 [debug    ] cove_complete                  comm=sshd cove_ms=0.08 draft_label=BENIGN exp_score=0.5 final_label=BENIGN hal_rate=0.0 pid=57536 total=1 verified=1
2026-06-08 16:36:55,355 [INFO    ] HTTP Request: POST http://localhost:11434/api/chat "HTTP/1.1 200 OK"
2026-06-08 16:36:55,355 [INFO    ] HTTP Request: POST http://localhost:11434/api/chat "HTTP/1.1 200 OK"
2026-06-08 16:36:55 [debug    ] ollama_inference               latency_ms=5098.3 model=llama3.1:8b
2026-06-08 16:36:55 [debug    ] ollama_inference               latency_ms=5098.3 model=llama3.1:8b
2026-06-08 16:36:55 [debug    ] cove_complete                  comm=sshd cove_ms=0.07 draft_label=BENIGN exp_score=0.5 final_label=BENIGN hal_rate=0.0 pid=57536 total=1 verified=1
2026-06-08 16:36:55 [debug    ] cove_complete                  comm=sshd cove_ms=0.07 draft_label=BENIGN exp_score=0.5 final_label=BENIGN hal_rate=0.0 pid=57536 total=1 verified=1
2026-06-08 16:37:03,121 [INFO    ] HTTP Request: POST http://localhost:11434/api/chat "HTTP/1.1 200 OK"
2026-06-08 16:37:03,121 [INFO    ] HTTP Request: POST http://localhost:11434/api/chat "HTTP/1.1 200 OK"
2026-06-08 16:37:03 [debug    ] ollama_inference               latency_ms=7765.3 model=llama3.1:8b
2026-06-08 16:37:03 [debug    ] ollama_inference               latency_ms=7765.3 model=llama3.1:8b
2026-06-08 16:37:03 [debug    ] cove_complete                  comm=sshd cove_ms=0.1 draft_label=BENIGN exp_score=1.0 final_label=BENIGN hal_rate=0.0 pid=57536 total=2 verified=2
2026-06-08 16:37:03 [debug    ] cove_complete                  comm=sshd cove_ms=0.1 draft_label=BENIGN exp_score=1.0 final_label=BENIGN hal_rate=0.0 pid=57536 total=2 verified=2
2026-06-08 16:37:08,224 [INFO    ] HTTP Request: POST http://localhost:11434/api/chat "HTTP/1.1 200 OK"
2026-06-08 16:37:08,224 [INFO    ] HTTP Request: POST http://localhost:11434/api/chat "HTTP/1.1 200 OK"
2026-06-08 16:37:08 [debug    ] ollama_inference               latency_ms=5101.7 model=llama3.1:8b
2026-06-08 16:37:08 [debug    ] ollama_inference               latency_ms=5101.7 model=llama3.1:8b
2026-06-08 16:37:08 [debug    ] cove_complete                  comm=sshd cove_ms=0.06 draft_label=BENIGN exp_score=0.5 final_label=BENIGN hal_rate=0.0 pid=57536 total=1 verified=1
2026-06-08 16:37:08 [debug    ] cove_complete                  comm=sshd cove_ms=0.06 draft_label=BENIGN exp_score=0.5 final_label=BENIGN hal_rate=0.0 pid=57536 total=1 verified=1
2026-06-08 16:37:13,971 [INFO    ] HTTP Request: POST http://localhost:11434/api/chat "HTTP/1.1 200 OK"
2026-06-08 16:37:13,971 [INFO    ] HTTP Request: POST http://localhost:11434/api/chat "HTTP/1.1 200 OK"
2026-06-08 16:37:13 [debug    ] ollama_inference               latency_ms=5745.8 model=llama3.1:8b
2026-06-08 16:37:13 [debug    ] ollama_inference               latency_ms=5745.8 model=llama3.1:8b
2026-06-08 16:37:13 [debug    ] cove_complete                  comm=sshd cove_ms=0.05 draft_label=BENIGN exp_score=0.5 final_label=BENIGN hal_rate=0.0 pid=57536 total=1 verified=1
2026-06-08 16:37:13 [debug    ] cove_complete                  comm=sshd cove_ms=0.05 draft_label=BENIGN exp_score=0.5 final_label=BENIGN hal_rate=0.0 pid=57536 total=1 verified=1
2026-06-08 16:37:19,359 [INFO    ] HTTP Request: POST http://localhost:11434/api/chat "HTTP/1.1 200 OK"
2026-06-08 16:37:19,359 [INFO    ] HTTP Request: POST http://localhost:11434/api/chat "HTTP/1.1 200 OK"
2026-06-08 16:37:19 [debug    ] ollama_inference               latency_ms=5386.6 model=llama3.1:8b
2026-06-08 16:37:19 [debug    ] ollama_inference               latency_ms=5386.6 model=llama3.1:8b
2026-06-08 16:37:19 [debug    ] cove_complete                  comm=sshd cove_ms=0.08 draft_label=BENIGN exp_score=0.5 final_label=BENIGN hal_rate=0.0 pid=57536 total=1 verified=1
2026-06-08 16:37:19 [debug    ] cove_complete                  comm=sshd cove_ms=0.08 draft_label=BENIGN exp_score=0.5 final_label=BENIGN hal_rate=0.0 pid=57536 total=1 verified=1
2026-06-08 16:37:19,360 [INFO    ] Processed 90 / 100 windows...
2026-06-08 16:37:19,360 [INFO    ] Processed 90 / 100 windows...
2026-06-08 16:37:24,036 [INFO    ] HTTP Request: POST http://localhost:11434/api/chat "HTTP/1.1 200 OK"
2026-06-08 16:37:24,036 [INFO    ] HTTP Request: POST http://localhost:11434/api/chat "HTTP/1.1 200 OK"
2026-06-08 16:37:24 [debug    ] ollama_inference               latency_ms=4675.9 model=llama3.1:8b
2026-06-08 16:37:24 [debug    ] ollama_inference               latency_ms=4675.9 model=llama3.1:8b
2026-06-08 16:37:24 [debug    ] cove_complete                  comm=sshd cove_ms=0.05 draft_label=BENIGN exp_score=1.0 final_label=BENIGN hal_rate=0.0 pid=57538 total=1 verified=1
2026-06-08 16:37:24 [debug    ] cove_complete                  comm=sshd cove_ms=0.05 draft_label=BENIGN exp_score=1.0 final_label=BENIGN hal_rate=0.0 pid=57538 total=1 verified=1
2026-06-08 16:37:28,454 [INFO    ] HTTP Request: POST http://localhost:11434/api/chat "HTTP/1.1 200 OK"
2026-06-08 16:37:28,454 [INFO    ] HTTP Request: POST http://localhost:11434/api/chat "HTTP/1.1 200 OK"
2026-06-08 16:37:28 [debug    ] ollama_inference               latency_ms=4416.7 model=llama3.1:8b
2026-06-08 16:37:28 [debug    ] ollama_inference               latency_ms=4416.7 model=llama3.1:8b
2026-06-08 16:37:28 [debug    ] cove_complete                  comm=sshd cove_ms=0.05 draft_label=BENIGN exp_score=1.0 final_label=BENIGN hal_rate=0.0 pid=57538 total=1 verified=1
2026-06-08 16:37:28 [debug    ] cove_complete                  comm=sshd cove_ms=0.05 draft_label=BENIGN exp_score=1.0 final_label=BENIGN hal_rate=0.0 pid=57538 total=1 verified=1
2026-06-08 16:37:33,912 [INFO    ] HTTP Request: POST http://localhost:11434/api/chat "HTTP/1.1 200 OK"
2026-06-08 16:37:33,912 [INFO    ] HTTP Request: POST http://localhost:11434/api/chat "HTTP/1.1 200 OK"
2026-06-08 16:37:33 [debug    ] ollama_inference               latency_ms=5457.1 model=llama3.1:8b
2026-06-08 16:37:33 [debug    ] ollama_inference               latency_ms=5457.1 model=llama3.1:8b
2026-06-08 16:37:33 [debug    ] cove_complete                  comm=sshd cove_ms=0.35 draft_label=MALICIOUS exp_score=0.0 final_label=MALICIOUS hal_rate=0.0 pid=57539 total=0 verified=0
2026-06-08 16:37:33 [debug    ] cove_complete                  comm=sshd cove_ms=0.35 draft_label=MALICIOUS exp_score=0.0 final_label=MALICIOUS hal_rate=0.0 pid=57539 total=0 verified=0
2026-06-08 16:37:40,908 [INFO    ] HTTP Request: POST http://localhost:11434/api/chat "HTTP/1.1 200 OK"
2026-06-08 16:37:40,908 [INFO    ] HTTP Request: POST http://localhost:11434/api/chat "HTTP/1.1 200 OK"
2026-06-08 16:37:40 [debug    ] ollama_inference               latency_ms=6994.3 model=llama3.1:8b
2026-06-08 16:37:40 [debug    ] ollama_inference               latency_ms=6994.3 model=llama3.1:8b
2026-06-08 16:37:40 [debug    ] cove_complete                  comm=sshd cove_ms=0.08 draft_label=MALICIOUS exp_score=1.0 final_label=MALICIOUS hal_rate=0.0 pid=57540 total=2 verified=2
2026-06-08 16:37:40 [debug    ] cove_complete                  comm=sshd cove_ms=0.08 draft_label=MALICIOUS exp_score=1.0 final_label=MALICIOUS hal_rate=0.0 pid=57540 total=2 verified=2
2026-06-08 16:37:45,883 [INFO    ] HTTP Request: POST http://localhost:11434/api/chat "HTTP/1.1 200 OK"
2026-06-08 16:37:45,883 [INFO    ] HTTP Request: POST http://localhost:11434/api/chat "HTTP/1.1 200 OK"
2026-06-08 16:37:45 [debug    ] ollama_inference               latency_ms=4973.8 model=llama3.1:8b
2026-06-08 16:37:45 [debug    ] ollama_inference               latency_ms=4973.8 model=llama3.1:8b
2026-06-08 16:37:45 [debug    ] cove_complete                  comm=bash cove_ms=0.06 draft_label=BENIGN exp_score=0.5 final_label=BENIGN hal_rate=0.0 pid=57540 total=1 verified=1
2026-06-08 16:37:45 [debug    ] cove_complete                  comm=bash cove_ms=0.06 draft_label=BENIGN exp_score=0.5 final_label=BENIGN hal_rate=0.0 pid=57540 total=1 verified=1
2026-06-08 16:37:51,337 [INFO    ] HTTP Request: POST http://localhost:11434/api/chat "HTTP/1.1 200 OK"
2026-06-08 16:37:51,337 [INFO    ] HTTP Request: POST http://localhost:11434/api/chat "HTTP/1.1 200 OK"
2026-06-08 16:37:51 [debug    ] ollama_inference               latency_ms=5452.9 model=llama3.1:8b
2026-06-08 16:37:51 [debug    ] ollama_inference               latency_ms=5452.9 model=llama3.1:8b
2026-06-08 16:37:51 [debug    ] cove_complete                  comm=bash cove_ms=0.06 draft_label=BENIGN exp_score=0.5 final_label=BENIGN hal_rate=0.0 pid=57540 total=1 verified=1
2026-06-08 16:37:51 [debug    ] cove_complete                  comm=bash cove_ms=0.06 draft_label=BENIGN exp_score=0.5 final_label=BENIGN hal_rate=0.0 pid=57540 total=1 verified=1
2026-06-08 16:37:56,103 [INFO    ] HTTP Request: POST http://localhost:11434/api/chat "HTTP/1.1 200 OK"
2026-06-08 16:37:56,103 [INFO    ] HTTP Request: POST http://localhost:11434/api/chat "HTTP/1.1 200 OK"
2026-06-08 16:37:56 [debug    ] ollama_inference               latency_ms=4764.1 model=llama3.1:8b
2026-06-08 16:37:56 [debug    ] ollama_inference               latency_ms=4764.1 model=llama3.1:8b
2026-06-08 16:37:56 [debug    ] cove_complete                  comm=bash cove_ms=0.06 draft_label=BENIGN exp_score=0.5 final_label=BENIGN hal_rate=0.0 pid=57540 total=1 verified=1
2026-06-08 16:37:56 [debug    ] cove_complete                  comm=bash cove_ms=0.06 draft_label=BENIGN exp_score=0.5 final_label=BENIGN hal_rate=0.0 pid=57540 total=1 verified=1
2026-06-08 16:38:01,160 [INFO    ] HTTP Request: POST http://localhost:11434/api/chat "HTTP/1.1 200 OK"
2026-06-08 16:38:01,160 [INFO    ] HTTP Request: POST http://localhost:11434/api/chat "HTTP/1.1 200 OK"
2026-06-08 16:38:01 [debug    ] ollama_inference               latency_ms=5056.0 model=llama3.1:8b
2026-06-08 16:38:01 [debug    ] ollama_inference               latency_ms=5056.0 model=llama3.1:8b
2026-06-08 16:38:01 [debug    ] cove_complete                  comm=bash cove_ms=0.06 draft_label=BENIGN exp_score=0.5 final_label=BENIGN hal_rate=0.0 pid=57540 total=1 verified=1
2026-06-08 16:38:01 [debug    ] cove_complete                  comm=bash cove_ms=0.06 draft_label=BENIGN exp_score=0.5 final_label=BENIGN hal_rate=0.0 pid=57540 total=1 verified=1
2026-06-08 16:38:06,189 [INFO    ] HTTP Request: POST http://localhost:11434/api/chat "HTTP/1.1 200 OK"
2026-06-08 16:38:06,189 [INFO    ] HTTP Request: POST http://localhost:11434/api/chat "HTTP/1.1 200 OK"
2026-06-08 16:38:06 [debug    ] ollama_inference               latency_ms=5027.4 model=llama3.1:8b
2026-06-08 16:38:06 [debug    ] ollama_inference               latency_ms=5027.4 model=llama3.1:8b
2026-06-08 16:38:06 [debug    ] cove_complete                  comm=bash cove_ms=0.05 draft_label=BENIGN exp_score=0.5 final_label=BENIGN hal_rate=0.0 pid=57540 total=1 verified=1
2026-06-08 16:38:06 [debug    ] cove_complete                  comm=bash cove_ms=0.05 draft_label=BENIGN exp_score=0.5 final_label=BENIGN hal_rate=0.0 pid=57540 total=1 verified=1
2026-06-08 16:38:10,911 [INFO    ] HTTP Request: POST http://localhost:11434/api/chat "HTTP/1.1 200 OK"
2026-06-08 16:38:10,911 [INFO    ] HTTP Request: POST http://localhost:11434/api/chat "HTTP/1.1 200 OK"
2026-06-08 16:38:10 [debug    ] ollama_inference               latency_ms=4721.2 model=llama3.1:8b
2026-06-08 16:38:10 [debug    ] ollama_inference               latency_ms=4721.2 model=llama3.1:8b
2026-06-08 16:38:10 [debug    ] cove_complete                  comm=bash cove_ms=0.06 draft_label=BENIGN exp_score=0.5 final_label=BENIGN hal_rate=0.0 pid=57540 total=1 verified=1
2026-06-08 16:38:10 [debug    ] cove_complete                  comm=bash cove_ms=0.06 draft_label=BENIGN exp_score=0.5 final_label=BENIGN hal_rate=0.0 pid=57540 total=1 verified=1
2026-06-08 16:38:10,913 [INFO    ] Processed 100 / 100 windows...
2026-06-08 16:38:10,913 [INFO    ] Processed 100 / 100 windows...

======================================================================
SENTINEL 5-MODE ABLATION RESULTS (CADETS)
======================================================================
| Mode         | F1    | TPR   | FPR   | Invocations | Mean Latency |
|--------------|-------|-------|-------|-------------|--------------|
| llm_only     | 0.597 | 0.460 | 0.080 | 100         |  5674.4ms |
| graph_only   | 0.611 | 0.440 | 0.000 | 0           |     0.0ms |
| hybrid       | 0.603 | 0.440 | 0.020 | 1           |    60.3ms |
| hybrid_ltl   | 0.611 | 0.440 | 0.000 | 1           |    60.3ms |
| full         | 0.611 | 0.440 | 0.000 | 1           |    60.3ms |
======================================================================
Results written to: results/evaluations_gcp/darpa_ablation_gcp.json


======================================================================
SENTINEL 5-MODE ABLATION RESULTS (CADETS)
======================================================================
| Mode         | F1    | TPR   | FPR   | Invocations | Mean Latency |
|--------------|-------|-------|-------|-------------|--------------|
| llm_only     | 0.597 | 0.460 | 0.080 | 100         |  5674.4ms |
| graph_only   | 0.611 | 0.440 | 0.000 | 0           |     0.0ms |
| hybrid       | 0.603 | 0.440 | 0.020 | 1           |    60.3ms |
| hybrid_ltl   | 0.611 | 0.440 | 0.000 | 1           |    60.3ms |
| full         | 0.611 | 0.440 | 0.000 | 1           |    60.3ms |
======================================================================
Results written to: results/evaluations_gcp/darpa_ablation_gcp.json



▶ generate-manifest Mon Jun  8 16:38:11 UTC 2026
▶ generate-manifest Mon Jun  8 16:38:11 UTC 2026
wrote /home/sentinel/Paper1_ZeroTrustAgent/results/evaluations_gcp/MANIFEST.json  (11429 bytes, 14 entries)

Summary of integrity flags:
  ✅ .gitkeep: clean
  ✅ calibration_results_gcp.json: clean
  ⚠ darpa_ablation_gcp.json: NO META BLOCK
  ✅ darpa_tc_behavioral_v4_gcp.json: clean
  ✅ darpa_tc_behavioral_v5_gcp.json: clean
  ✅ darpa_tc_v8_ti_aided_gcp.json: clean
  ✅ dual_tier_rerun.log: clean
  ✅ gcp_chain.log: clean
  ✅ ipg_token_reduction_gcp.json: clean
  ✅ ltl_fpr_real_gcp.json: clean
  ✅ overhead_gcp.json: clean
  ✅ pcabp_real_nginx_gcp.json: backend=unknown (non-LLM eval?)
  ✅ real_data_results_gcp.json: clean
  ✅ scenario_results_gcp.json: clean
wrote /home/sentinel/Paper1_ZeroTrustAgent/results/evaluations_gcp/MANIFEST.json  (11429 bytes, 14 entries)

Summary of integrity flags:
  ✅ .gitkeep: clean
  ✅ calibration_results_gcp.json: clean
  ⚠ darpa_ablation_gcp.json: NO META BLOCK
  ✅ darpa_tc_behavioral_v4_gcp.json: clean
  ✅ darpa_tc_behavioral_v5_gcp.json: clean
  ✅ darpa_tc_v8_ti_aided_gcp.json: clean
  ✅ dual_tier_rerun.log: clean
  ✅ gcp_chain.log: clean
  ✅ ipg_token_reduction_gcp.json: clean
  ✅ ltl_fpr_real_gcp.json: clean
  ✅ overhead_gcp.json: clean
  ✅ pcabp_real_nginx_gcp.json: backend=unknown (non-LLM eval?)
  ✅ real_data_results_gcp.json: clean
  ✅ scenario_results_gcp.json: clean
=== RESUME COMPLETE Mon Jun  8 16:38:11 UTC 2026 ===
=== RESUME COMPLETE Mon Jun  8 16:38:11 UTC 2026 ===
-rw-rw-r-- 1 sentinel sentinel  12K Jun  8 16:38 results/evaluations_gcp/MANIFEST.json
-rw-rw-r-- 1 sentinel sentinel 3.4K Jun  8 16:11 results/evaluations_gcp/calibration_results_gcp.json
-rw-rw-r-- 1 sentinel sentinel  32K Jun  8 16:38 results/evaluations_gcp/darpa_ablation_gcp.json
-rw-rw-r-- 1 sentinel sentinel  33K Jun  8 16:24 results/evaluations_gcp/darpa_tc_behavioral_v4_gcp.json
-rw-rw-r-- 1 sentinel sentinel  31K Jun  8 16:13 results/evaluations_gcp/darpa_tc_behavioral_v5_gcp.json
-rw-rw-r-- 1 sentinel sentinel  30K Jun  8 16:26 results/evaluations_gcp/darpa_tc_v8_ti_aided_gcp.json
-rw-rw-r-- 1 sentinel sentinel  40K Jun  8 15:46 results/evaluations_gcp/ipg_token_reduction_gcp.json
-rw-rw-r-- 1 sentinel sentinel 8.2K Jun  8 15:47 results/evaluations_gcp/ltl_fpr_real_gcp.json
-rw-rw-r-- 1 sentinel sentinel 3.0K Jun  8 15:46 results/evaluations_gcp/overhead_gcp.json
-rw-rw-r-- 1 sentinel sentinel 2.2K Jun  8 15:48 results/evaluations_gcp/pcabp_real_nginx_gcp.json
-rw-rw-r-- 1 sentinel sentinel 102K Jun  8 16:11 results/evaluations_gcp/real_data_results_gcp.json
-rw-rw-r-- 1 sentinel sentinel 7.2K Jun  8 15:50 results/evaluations_gcp/scenario_results_gcp.json
-rw-rw-r-- 1 sentinel sentinel  12K Jun  8 16:38 results/evaluations_gcp/MANIFEST.json
-rw-rw-r-- 1 sentinel sentinel 3.4K Jun  8 16:11 results/evaluations_gcp/calibration_results_gcp.json
-rw-rw-r-- 1 sentinel sentinel  32K Jun  8 16:38 results/evaluations_gcp/darpa_ablation_gcp.json
-rw-rw-r-- 1 sentinel sentinel  33K Jun  8 16:24 results/evaluations_gcp/darpa_tc_behavioral_v4_gcp.json
-rw-rw-r-- 1 sentinel sentinel  31K Jun  8 16:13 results/evaluations_gcp/darpa_tc_behavioral_v5_gcp.json
-rw-rw-r-- 1 sentinel sentinel  30K Jun  8 16:26 results/evaluations_gcp/darpa_tc_v8_ti_aided_gcp.json
-rw-rw-r-- 1 sentinel sentinel  40K Jun  8 15:46 results/evaluations_gcp/ipg_token_reduction_gcp.json
-rw-rw-r-- 1 sentinel sentinel 8.2K Jun  8 15:47 results/evaluations_gcp/ltl_fpr_real_gcp.json
-rw-rw-r-- 1 sentinel sentinel 3.0K Jun  8 15:46 results/evaluations_gcp/overhead_gcp.json
-rw-rw-r-- 1 sentinel sentinel 2.2K Jun  8 15:48 results/evaluations_gcp/pcabp_real_nginx_gcp.json
-rw-rw-r-- 1 sentinel sentinel 102K Jun  8 16:11 results/evaluations_gcp/real_data_results_gcp.json
-rw-rw-r-- 1 sentinel sentinel 7.2K Jun  8 15:50 results/evaluations_gcp/scenario_results_gcp.json
